{
    "fio version": "fio-3.32-75-gc470",
    "timestamp": 1666802262,
    "timestamp_ms": 1666802262368,
    "time": "Wed Oct 26 18:37:42 2022",
    "jobs": [
        {
            "jobname": "libaio-bdev_aio",
            "groupid": 0,
            "error": 0,
            "eta": 0,
            "elapsed": 11,
            "job options": {
                "name": "libaio-bdev_aio",
                "rw": "randread",
                "size": "12G",
                "iodepth": "128",
                "bs": "512",
                "direct": "1",
                "thread": "1",
                "time_based": "1",
                "runtime": "7",
                "ramp_time": "3",
                "norandommap": "1",
                "allow_file_create": "0",
                "ioengine": "spdk_bdev",
                "spdk_conf": "/tmp/spdk_bdev_aio_foo.conf",
                "filename": "Nvme0n1",
                "cpus_allowed": "1"
            },
            "read": {
                "io_bytes": 808263680,
                "io_kbytes": 789320,
                "bw_bytes": 115449747,
                "bw": 112743,
                "iops": 225483.78803,
                "runtime": 7001,
                "total_ios": 1578612,
                "short_ios": 0,
                "drop_ios": 0,
                "slat_ns": {
                    "min": 1572,
                    "max": 62216,
                    "mean": 3949.178964,
                    "stddev": 2647.957366,
                    "N": 1578613
                },
                "clat_ns": {
                    "min": 2514,
                    "max": 626655,
                    "mean": 285591.855325,
                    "stddev": 159605.64058,
                    "N": 1578640,
                    "percentile": {
                        "1.000000": 14528,
                        "5.000000": 38144,
                        "10.000000": 65280,
                        "20.000000": 120320,
                        "30.000000": 175104,
                        "40.000000": 230400,
                        "50.000000": 284672,
                        "60.000000": 342016,
                        "70.000000": 395264,
                        "80.000000": 448512,
                        "90.000000": 505856,
                        "95.000000": 536576,
                        "99.000000": 569344,
                        "99.500000": 577536,
                        "99.900000": 585728,
                        "99.950000": 593920,
                        "99.990000": 602112
                    }
                },
                "lat_ns": {
                    "min": 8736,
                    "max": 635171,
                    "mean": 289541.041293,
                    "stddev": 159579.058097,
                    "N": 1578640
                },
                "bw_min": 111851,
                "bw_max": 113467,
                "bw_agg": 100.0,
                "bw_mean": 112764.785714,
                "bw_dev": 459.170855,
                "bw_samples": 14,
                "iops_min": 223702,
                "iops_max": 226934,
                "iops_mean": 225529.571429,
                "iops_stddev": 918.341709,
                "iops_samples": 14
            },
            "write": {
                "io_bytes": 0,
                "io_kbytes": 0,
                "bw_bytes": 0,
                "bw": 0,
                "iops": 0.0,
                "runtime": 0,
                "total_ios": 0,
                "short_ios": 0,
                "drop_ios": 0,
                "slat_ns": {
                    "min": 0,
                    "max": 0,
                    "mean": 0.0,
                    "stddev": 0.0,
                    "N": 0
                },
                "clat_ns": {
                    "min": 0,
                    "max": 0,
                    "mean": 0.0,
                    "stddev": 0.0,
                    "N": 0
                },
                "lat_ns": {
                    "min": 0,
                    "max": 0,
                    "mean": 0.0,
                    "stddev": 0.0,
                    "N": 0
                },
                "bw_min": 0,
                "bw_max": 0,
                "bw_agg": 0.0,
                "bw_mean": 0.0,
                "bw_dev": 0.0,
                "bw_samples": 0,
                "iops_min": 0,
                "iops_max": 0,
                "iops_mean": 0.0,
                "iops_stddev": 0.0,
                "iops_samples": 0
            },
            "trim": {
                "io_bytes": 0,
                "io_kbytes": 0,
                "bw_bytes": 0,
                "bw": 0,
                "iops": 0.0,
                "runtime": 0,
                "total_ios": 0,
                "short_ios": 0,
                "drop_ios": 0,
                "slat_ns": {
                    "min": 0,
                    "max": 0,
                    "mean": 0.0,
                    "stddev": 0.0,
                    "N": 0
                },
                "clat_ns": {
                    "min": 0,
                    "max": 0,
                    "mean": 0.0,
                    "stddev": 0.0,
                    "N": 0
                },
                "lat_ns": {
                    "min": 0,
                    "max": 0,
                    "mean": 0.0,
                    "stddev": 0.0,
                    "N": 0
                },
                "bw_min": 0,
                "bw_max": 0,
                "bw_agg": 0.0,
                "bw_mean": 0.0,
                "bw_dev": 0.0,
                "bw_samples": 0,
                "iops_min": 0,
                "iops_max": 0,
                "iops_mean": 0.0,
                "iops_stddev": 0.0,
                "iops_samples": 0
            },
            "sync": {
                "total_ios": 0,
                "lat_ns": {
                    "min": 0,
                    "max": 0,
                    "mean": 0.0,
                    "stddev": 0.0,
                    "N": 0
                }
            },
            "job_runtime": 7000,
            "usr_cpu": 16.157143,
            "sys_cpu": 83.771429,
            "ctx": 489,
            "majf": 0,
            "minf": 0,
            "iodepth_level": {
                "1": 0.1,
                "2": 1.067393,
                "4": 3.041089,
                "8": 6.260246,
                "16": 12.6641,
                "32": 25.368995,
                ">=64": 51.531029
            },
            "iodepth_submit": {
                "0": 0.0,
                "4": 100.0,
                "8": 0.0,
                "16": 0.0,
                "32": 0.0,
                "64": 0.0,
                ">=64": 0.0
            },
            "iodepth_complete": {
                "0": 0.0,
                "4": 99.213388,
                "8": 0.0,
                "16": 0.0,
                "32": 0.1,
                "64": 0.0,
                ">=64": 0.786549
            },
            "latency_ns": {
                "2": 0.0,
                "4": 0.0,
                "10": 0.0,
                "20": 0.0,
                "50": 0.0,
                "100": 0.0,
                "250": 0.0,
                "500": 0.0,
                "750": 0.0,
                "1000": 0.0
            },
            "latency_us": {
                "2": 0.0,
                "4": 0.032053,
                "10": 0.205687,
                "20": 1.587787,
                "50": 5.326071,
                "100": 9.147656,
                "250": 27.327424,
                "500": 45.417367,
                "750": 10.957727,
                "1000": 0.0
            },
            "latency_ms": {
                "2": 0.0,
                "4": 0.0,
                "10": 0.0,
                "20": 0.0,
                "50": 0.0,
                "100": 0.0,
                "250": 0.0,
                "500": 0.0,
                "750": 0.0,
                "1000": 0.0,
                "2000": 0.0,