{
    "fio version": "fio-3.32-75-gc470",
    "timestamp": 1667143320,
    "timestamp_ms": 1667143320631,
    "time": "Sun Oct 30 10:22:00 2022",
    "jobs": [
        {
            "jobname": "libaio-bdev_aio",
            "groupid": 0,
            "error": 0,
            "eta": 0,
            "elapsed": 11,
            "job options": {
                "name": "libaio-bdev_aio",
                "rw": "randread",
                "size": "12G",
                "iodepth": "128",
                "bs": "512",
                "direct": "1",
                "thread": "1",
                "time_based": "1",
                "runtime": "7",
                "ramp_time": "3",
                "norandommap": "1",
                "allow_file_create": "0",
                "ioengine": "spdk_bdev",
                "spdk_conf": "/tmp/spdk_bdev_aio_foo.conf",
                "filename": "Nvme0n1",
                "cpus_allowed": "1"
            },
            "read": {
                "io_bytes": 2170620416,
                "io_kbytes": 2119746,
                "bw_bytes": 310044338,
                "bw": 302777,
                "iops": 605540.065705,
                "runtime": 7001,
                "total_ios": 4239386,
                "short_ios": 0,
                "drop_ios": 0,
                "slat_ns": {
                    "min": 728,
                    "max": 12973,
                    "mean": 1385.922441,
                    "stddev": 471.988722,
                    "N": 4239387
                },
                "clat_ns": {
                    "min": 8623,
                    "max": 223006,
                    "mean": 110114.748095,
                    "stddev": 56633.354607,
                    "N": 4239493,
                    "percentile": {
                        "1.000000": 14528,
                        "5.000000": 22400,
                        "10.000000": 32128,
                        "20.000000": 51456,
                        "30.000000": 71168,
                        "40.000000": 90624,
                        "50.000000": 110080,
                        "60.000000": 129536,
                        "70.000000": 148480,
                        "80.000000": 166912,
                        "90.000000": 187392,
                        "95.000000": 195584,
                        "99.000000": 211968,
                        "99.500000": 214016,
                        "99.900000": 214016,
                        "99.950000": 216064,
                        "99.990000": 216064
                    }
                },
                "lat_ns": {
                    "min": 10596,
                    "max": 224906,
                    "mean": 111500.670422,
                    "stddev": 56590.008915,
                    "N": 4239493
                },
                "bw_min": 302697,
                "bw_max": 303270,
                "bw_agg": 100.0,
                "bw_mean": 302915.0,
                "bw_dev": 152.682174,
                "bw_samples": 14,
                "iops_min": 605394,
                "iops_max": 606541,
                "iops_mean": 605830.214286,
                "iops_stddev": 305.477981,
                "iops_samples": 14
            },
            "write": {
                "io_bytes": 0,
                "io_kbytes": 0,
                "bw_bytes": 0,
                "bw": 0,
                "iops": 0.0,
                "runtime": 0,
                "total_ios": 0,
                "short_ios": 0,
                "drop_ios": 0,
                "slat_ns": {
                    "min": 0,
                    "max": 0,
                    "mean": 0.0,
                    "stddev": 0.0,
                    "N": 0
                },
                "clat_ns": {
                    "min": 0,
                    "max": 0,
                    "mean": 0.0,
                    "stddev": 0.0,
                    "N": 0
                },
                "lat_ns": {
                    "min": 0,
                    "max": 0,
                    "mean": 0.0,
                    "stddev": 0.0,
                    "N": 0
                },
                "bw_min": 0,
                "bw_max": 0,
                "bw_agg": 0.0,
                "bw_mean": 0.0,
                "bw_dev": 0.0,
                "bw_samples": 0,
                "iops_min": 0,
                "iops_max": 0,
                "iops_mean": 0.0,
                "iops_stddev": 0.0,
                "iops_samples": 0
            },
            "trim": {
                "io_bytes": 0,
                "io_kbytes": 0,
                "bw_bytes": 0,
                "bw": 0,
                "iops": 0.0,
                "runtime": 0,
                "total_ios": 0,
                "short_ios": 0,
                "drop_ios": 0,
                "slat_ns": {
                    "min": 0,
                    "max": 0,
                    "mean": 0.0,
                    "stddev": 0.0,
                    "N": 0
                },
                "clat_ns": {
                    "min": 0,
                    "max": 0,
                    "mean": 0.0,
                    "stddev": 0.0,
                    "N": 0
                },
                "lat_ns": {
                    "min": 0,
                    "max": 0,
                    "mean": 0.0,
                    "stddev": 0.0,
                    "N": 0
                },
                "bw_min": 0,
                "bw_max": 0,
                "bw_agg": 0.0,
                "bw_mean": 0.0,
                "bw_dev": 0.0,
                "bw_samples": 0,
                "iops_min": 0,
                "iops_max": 0,
                "iops_mean": 0.0,
                "iops_stddev": 0.0,
                "iops_samples": 0
            },
            "sync": {
                "total_ios": 0,
                "lat_ns": {
                    "min": 0,
                    "max": 0,
                    "mean": 0.0,
                    "stddev": 0.0,
                    "N": 0
                }
            },
            "job_runtime": 7000,
            "usr_cpu": 29.642857,
            "sys_cpu": 70.328571,
            "ctx": 17,
            "majf": 0,
            "minf": 0,
            "iodepth_level": {
                "1": 0.0,
                "2": 0.1,
                "4": 0.821888,
                "8": 6.554817,
                "16": 13.114729,
                "32": 26.229459,
                ">=64": 53.279083
            },
            "iodepth_submit": {
                "0": 0.0,
                "4": 100.0,
                "8": 0.0,
                "16": 0.0,
                "32": 0.0,
                "64": 0.0,
                ">=64": 0.0
            },
            "iodepth_complete": {
                "0": 0.0,
                "4": 99.186947,
                "8": 0.0,
                "16": 0.1,
                "32": 0.0,
                "64": 0.0,
                ">=64": 0.81303
            },
            "latency_ns": {
                "2": 0.0,
                "4": 0.0,
                "10": 0.0,
                "20": 0.0,
                "50": 0.0,
                "100": 0.0,
                "250": 0.0,
                "500": 0.0,
                "750": 0.0,
                "1000": 0.0
            },
            "latency_us": {
                "2": 0.0,
                "4": 0.0,
                "10": 0.01,
                "20": 3.775995,
                "50": 15.460706,
                "100": 25.737737,
                "250": 55.027921,
                "500": 0.0,
                "750": 0.0,
                "1000": 0.0
            },
            "latency_ms": {
                "2": 0.0,
                "4": 0.0,
                "10": 0.0,
                "20": 0.0,
                "50": 0.0,
                "100": 0.0,
                "250": 0.0,
                "500": 0.0,
                "750": 0.0,
                "1000": 0.0,
                "2000": 0.0,
                ">=2000": 0.0
            },