{
    "fio version": "fio-3.32-dirty",
    "timestamp": 1666790466,
    "timestamp_ms": 1666790466054,
    "time": "Wed Oct 26 15:21:06 2022",
    "jobs": [
        {
            "jobname": "libaio-bdev_aio",
            "groupid": 0,
            "error": 0,
            "eta": 0,
            "elapsed": 11,
            "job options": {
                "name": "libaio-bdev_aio",
                "rw": "randread",
                "size": "12G",
                "iodepth": "4",
                "bs": "512",
                "direct": "1",
                "thread": "1",
                "time_based": "1",
                "runtime": "7",
                "ramp_time": "3",
                "norandommap": "1",
                "allow_file_create": "0",
                "ioengine": "spdk_bdev",
                "spdk_conf": "/tmp/spdk_bdev_aio_foo.conf",
                "filename": "Nvme0n1",
                "cpus_allowed": "1"
            },
            "read": {
                "io_bytes": 1556518912,
                "io_kbytes": 1520038,
                "bw_bytes": 222328083,
                "bw": 217117,
                "iops": 434234.109413,
                "runtime": 7001,
                "total_ios": 3040073,
                "short_ios": 0,
                "drop_ios": 0,
                "slat_ns": {
                    "min": 1643,
                    "max": 40897,
                    "mean": 1833.893626,
                    "stddev": 124.135208,
                    "N": 3040073
                },
                "clat_ns": {
                    "min": 290,
                    "max": 124533,
                    "mean": 6469.387454,
                    "stddev": 2382.210011,
                    "N": 3040076,
                    "percentile": {
                        "1.000000": 4448,
                        "5.000000": 4448,
                        "10.000000": 4576,
                        "20.000000": 4704,
                        "30.000000": 6432,
                        "40.000000": 6624,
                        "50.000000": 6688,
                        "60.000000": 6752,
                        "70.000000": 6816,
                        "80.000000": 6816,
                        "90.000000": 6944,
                        "95.000000": 7200,
                        "99.000000": 17536,
                        "99.500000": 20352,
                        "99.900000": 25728,
                        "99.950000": 31872,
                        "99.990000": 66048
                    }
                },
                "lat_ns": {
                    "min": 5440,
                    "max": 126347,
                    "mean": 8303.281079,
                    "stddev": 2384.467555,
                    "N": 3040076
                },
                "bw_min": 216236,
                "bw_max": 218096,
                "bw_agg": 100.0,
                "bw_mean": 217165.357143,
                "bw_dev": 551.447969,
                "bw_samples": 14,
                "iops_min": 432472,
                "iops_max": 436190,
                "iops_mean": 434330.785714,
                "iops_stddev": 1102.928562,
                "iops_samples": 14
            },
            "write": {
                "io_bytes": 0,
                "io_kbytes": 0,
                "bw_bytes": 0,
                "bw": 0,
                "iops": 0.0,
                "runtime": 0,
                "total_ios": 0,
                "short_ios": 0,
                "drop_ios": 0,
                "slat_ns": {
                    "min": 0,
                    "max": 0,
                    "mean": 0.0,
                    "stddev": 0.0,
                    "N": 0
                },
                "clat_ns": {
                    "min": 0,
                    "max": 0,
                    "mean": 0.0,
                    "stddev": 0.0,
                    "N": 0
                },
                "lat_ns": {
                    "min": 0,
                    "max": 0,
                    "mean": 0.0,
                    "stddev": 0.0,
                    "N": 0
                },
                "bw_min": 0,
                "bw_max": 0,
                "bw_agg": 0.0,
                "bw_mean": 0.0,
                "bw_dev": 0.0,
                "bw_samples": 0,
                "iops_min": 0,
                "iops_max": 0,
                "iops_mean": 0.0,
                "iops_stddev": 0.0,
                "iops_samples": 0
            },
            "trim": {
                "io_bytes": 0,
                "io_kbytes": 0,
                "bw_bytes": 0,
                "bw": 0,
                "iops": 0.0,
                "runtime": 0,
                "total_ios": 0,
                "short_ios": 0,
                "drop_ios": 0,
                "slat_ns": {
                    "min": 0,
                    "max": 0,
                    "mean": 0.0,
                    "stddev": 0.0,
                    "N": 0
                },
                "clat_ns": {
                    "min": 0,
                    "max": 0,
                    "mean": 0.0,
                    "stddev": 0.0,
                    "N": 0
                },
                "lat_ns": {
                    "min": 0,
                    "max": 0,
                    "mean": 0.0,
                    "stddev": 0.0,
                    "N": 0
                },
                "bw_min": 0,
                "bw_max": 0,
                "bw_agg": 0.0,
                "bw_mean": 0.0,
                "bw_dev": 0.0,
                "bw_samples": 0,
                "iops_min": 0,
                "iops_max": 0,
                "iops_mean": 0.0,
                "iops_stddev": 0.0,
                "iops_samples": 0
            },
            "sync": {
                "total_ios": 0,
                "lat_ns": {
                    "min": 0,
                    "max": 0,
                    "mean": 0.0,
                    "stddev": 0.0,
                    "N": 0
                }
            },
            "job_runtime": 7000,
            "usr_cpu": 39.585714,
            "sys_cpu": 60.385714,
            "ctx": 14,
            "majf": 0,
            "minf": 0,
            "iodepth_level": {
                "1": 0.1,
                "2": 31.06205,
                "4": 68.93522,
                "8": 0.0,
                "16": 0.0,
                "32": 0.0,
                ">=64": 0.0
            },
            "iodepth_submit": {
                "0": 0.0,
                "4": 100.0,
                "8": 0.0,
                "16": 0.0,
                "32": 0.0,
                "64": 0.0,
                ">=64": 0.0
            },
            "iodepth_complete": {
                "0": 0.0,
                "4": 100.0,
                "8": 0.0,
                "16": 0.0,
                "32": 0.0,
                "64": 0.0,
                ">=64": 0.0
            },
            "latency_ns": {
                "2": 0.0,
                "4": 0.0,
                "10": 0.0,
                "20": 0.0,
                "50": 0.0,
                "100": 0.0,
                "250": 0.0,
                "500": 0.01,
                "750": 0.0,
                "1000": 0.0
            },
            "latency_us": {
                "2": 0.01,
                "4": 0.01,
                "10": 96.8058,
                "20": 2.581681,
                "50": 0.566894,
                "100": 0.036775,
                "250": 0.01,
                "500": 0.0,
                "750": 0.0,
                "1000": 0.0
            },
            "latency_ms": {
                "2": 0.0,
                "4": 0.0,
                "10": 0.0,
                "20": 0.0,
                "50": 0.0,
                "100": 0.0,
                "250": 0.0,
                "500": 0.0,
                "750": 0.0,
                "1000": 0.0,
                "2000": 0.0,
                ">=2000": 0.0
            },
            "latency_depth": 4,
            "latency_target": 0,