{
    "fio version": "fio-3.32-dirty",
    "timestamp": 1666789770,
    "timestamp_ms": 1666789770326,
    "time": "Wed Oct 26 15:09:30 2022",
    "jobs": [
        {
            "jobname": "io_uring-reference",
            "groupid": 0,
            "error": 0,
            "eta": 0,
            "elapsed": 11,
            "job options": {
                "name": "io_uring-reference",
                "rw": "randread",
                "size": "12G",
                "iodepth": "2",
                "bs": "512",
                "direct": "1",
                "thread": "1",
                "time_based": "1",
                "runtime": "7",
                "ramp_time": "3",
                "norandommap": "1",
                "allow_file_create": "0",
                "ioengine": "io_uring",
                "filename": "/dev/nvme0n1",
                "cpus_allowed": "1"
            },
            "read": {
                "io_bytes": 757835776,
                "io_kbytes": 740074,
                "bw_bytes": 108246789,
                "bw": 105709,
                "iops": 211419.368662,
                "runtime": 7001,
                "total_ios": 1480147,
                "short_ios": 0,
                "drop_ios": 0,
                "slat_ns": {
                    "min": 1332,
                    "max": 26660,
                    "mean": 1516.955765,
                    "stddev": 165.330542,
                    "N": 1480147
                },
                "clat_ns": {
                    "min": 200,
                    "max": 109896,
                    "mean": 7661.495982,
                    "stddev": 2256.062018,
                    "N": 1480148,
                    "percentile": {
                        "1.000000": 5280,
                        "5.000000": 5408,
                        "10.000000": 5472,
                        "20.000000": 5536,
                        "30.000000": 5792,
                        "40.000000": 7328,
                        "50.000000": 7648,
                        "60.000000": 7968,
                        "70.000000": 9152,
                        "80.000000": 9152,
                        "90.000000": 9280,
                        "95.000000": 9536,
                        "99.000000": 16768,
                        "99.500000": 18560,
                        "99.900000": 23936,
                        "99.950000": 24448,
                        "99.990000": 65280
                    }
                },
                "lat_ns": {
                    "min": 5771,
                    "max": 111358,
                    "mean": 9178.451778,
                    "stddev": 2304.102186,
                    "N": 1480148
                },
                "bw_min": 105505,
                "bw_max": 106062,
                "bw_agg": 100.0,
                "bw_mean": 105778.0,
                "bw_dev": 128.192764,
                "bw_samples": 14,
                "iops_min": 211010,
                "iops_max": 212124,
                "iops_mean": 211556.142857,
                "iops_stddev": 256.392385,
                "iops_samples": 14
            },
            "write": {
                "io_bytes": 0,
                "io_kbytes": 0,
                "bw_bytes": 0,
                "bw": 0,
                "iops": 0.0,
                "runtime": 0,
                "total_ios": 0,
                "short_ios": 0,
                "drop_ios": 0,
                "slat_ns": {
                    "min": 0,
                    "max": 0,
                    "mean": 0.0,
                    "stddev": 0.0,
                    "N": 0
                },
                "clat_ns": {
                    "min": 0,
                    "max": 0,
                    "mean": 0.0,
                    "stddev": 0.0,
                    "N": 0
                },
                "lat_ns": {
                    "min": 0,
                    "max": 0,
                    "mean": 0.0,
                    "stddev": 0.0,
                    "N": 0
                },
                "bw_min": 0,
                "bw_max": 0,
                "bw_agg": 0.0,
                "bw_mean": 0.0,
                "bw_dev": 0.0,
                "bw_samples": 0,
                "iops_min": 0,
                "iops_max": 0,
                "iops_mean": 0.0,
                "iops_stddev": 0.0,
                "iops_samples": 0
            },
            "trim": {
                "io_bytes": 0,
                "io_kbytes": 0,
                "bw_bytes": 0,
                "bw": 0,
                "iops": 0.0,
                "runtime": 0,
                "total_ios": 0,
                "short_ios": 0,
                "drop_ios": 0,
                "slat_ns": {
                    "min": 0,
                    "max": 0,
                    "mean": 0.0,
                    "stddev": 0.0,
                    "N": 0
                },
                "clat_ns": {
                    "min": 0,
                    "max": 0,
                    "mean": 0.0,
                    "stddev": 0.0,
                    "N": 0
                },
                "lat_ns": {
                    "min": 0,
                    "max": 0,
                    "mean": 0.0,
                    "stddev": 0.0,
                    "N": 0
                },
                "bw_min": 0,
                "bw_max": 0,
                "bw_agg": 0.0,
                "bw_mean": 0.0,
                "bw_dev": 0.0,
                "bw_samples": 0,
                "iops_min": 0,
                "iops_max": 0,
                "iops_mean": 0.0,
                "iops_stddev": 0.0,
                "iops_samples": 0
            },
            "sync": {
                "total_ios": 0,
                "lat_ns": {
                    "min": 0,
                    "max": 0,
                    "mean": 0.0,
                    "stddev": 0.0,
                    "N": 0
                }
            },
            "job_runtime": 7000,
            "usr_cpu": 13.585714,
            "sys_cpu": 49.757143,
            "ctx": 743789,
            "majf": 0,
            "minf": 0,
            "iodepth_level": {
                "1": 0.0,
                "2": 100.0,
                "4": 0.0,
                "8": 0.0,
                "16": 0.0,
                "32": 0.0,
                ">=64": 0.0
            },
            "iodepth_submit": {
                "0": 0.0,
                "4": 100.0,
                "8": 0.0,
                "16": 0.0,
                "32": 0.0,
                "64": 0.0,
                ">=64": 0.0
            },
            "iodepth_complete": {
                "0": 0.0,
                "4": 100.0,
                "8": 0.0,
                "16": 0.0,
                "32": 0.0,
                "64": 0.0,
                ">=64": 0.0
            },
            "latency_ns": {
                "2": 0.0,
                "4": 0.0,
                "10": 0.0,
                "20": 0.0,
                "50": 0.0,
                "100": 0.0,
                "250": 0.01,
                "500": 0.0,
                "750": 0.0,
                "1000": 0.0
            },
            "latency_us": {
                "2": 0.0,
                "4": 0.01,
                "10": 97.308105,
                "20": 2.463809,
                "50": 0.192211,
                "100": 0.026146,
                "250": 0.01,
                "500": 0.0,
                "750": 0.0,
                "1000": 0.0
            },
            "latency_ms": {
                "2": 0.0,
                "4": 0.0,
                "10": 0.0,
                "20": 0.0,
                "50": 0.0,
                "100": 0.0,
                "250": 0.0,
                "500": 0.0,
                "750": 0.0,
                "1000": 0.0,
                "2000": 0.0,
                ">=2000": 0.0
            },
            "latency_depth": 2,
            "latency_target": 0,
            "latency_percentile": 100.0,