{
    "fio version": "fio-3.32-dirty",
    "timestamp": 1666790050,
    "timestamp_ms": 1666790050783,
    "time": "Wed Oct 26 15:14:10 2022",
    "jobs": [
        {
            "jobname": "libaio-bdev_xnvme",
            "groupid": 0,
            "error": 0,
            "eta": 0,
            "elapsed": 11,
            "job options": {
                "name": "libaio-bdev_xnvme",
                "rw": "randread",
                "size": "12G",
                "iodepth": "2",
                "bs": "512",
                "direct": "1",
                "thread": "1",
                "time_based": "1",
                "runtime": "7",
                "ramp_time": "3",
                "norandommap": "1",
                "allow_file_create": "0",
                "ioengine": "spdk_bdev",
                "spdk_conf": "/tmp/spdk_bdev_xnvme_libaio.conf",
                "filename": "Nvme0n1",
                "cpus_allowed": "1"
            },
            "read": {
                "io_bytes": 1025968128,
                "io_kbytes": 1001922,
                "bw_bytes": 146566875,
                "bw": 143131,
                "iops": 286263.142857,
                "runtime": 7000,
                "total_ios": 2003842,
                "short_ios": 0,
                "drop_ios": 0,
                "slat_ns": {
                    "min": 1683,
                    "max": 22953,
                    "mean": 1917.78329,
                    "stddev": 143.99896,
                    "N": 2003843
                },
                "clat_ns": {
                    "min": 651,
                    "max": 119825,
                    "mean": 4827.615465,
                    "stddev": 1728.532459,
                    "N": 2003842,
                    "percentile": {
                        "1.000000": 4256,
                        "5.000000": 4384,
                        "10.000000": 4384,
                        "20.000000": 4448,
                        "30.000000": 4512,
                        "40.000000": 4576,
                        "50.000000": 4640,
                        "60.000000": 4640,
                        "70.000000": 4640,
                        "80.000000": 4704,
                        "90.000000": 4768,
                        "95.000000": 4960,
                        "99.000000": 12736,
                        "99.500000": 18048,
                        "99.900000": 21888,
                        "99.950000": 22144,
                        "99.990000": 59648
                    }
                },
                "lat_ns": {
                    "min": 5410,
                    "max": 121838,
                    "mean": 6745.398757,
                    "stddev": 1732.651265,
                    "N": 2003842
                },
                "bw_min": 142876,
                "bw_max": 143492,
                "bw_agg": 100.0,
                "bw_mean": 143137.428571,
                "bw_dev": 166.771476,
                "bw_samples": 14,
                "iops_min": 285752,
                "iops_max": 286984,
                "iops_mean": 286274.928571,
                "iops_stddev": 333.438142,
                "iops_samples": 14
            },
            "write": {
                "io_bytes": 0,
                "io_kbytes": 0,
                "bw_bytes": 0,
                "bw": 0,
                "iops": 0.0,
                "runtime": 0,
                "total_ios": 0,
                "short_ios": 0,
                "drop_ios": 0,
                "slat_ns": {
                    "min": 0,
                    "max": 0,
                    "mean": 0.0,
                    "stddev": 0.0,
                    "N": 0
                },
                "clat_ns": {
                    "min": 0,
                    "max": 0,
                    "mean": 0.0,
                    "stddev": 0.0,
                    "N": 0
                },
                "lat_ns": {
                    "min": 0,
                    "max": 0,
                    "mean": 0.0,
                    "stddev": 0.0,
                    "N": 0
                },
                "bw_min": 0,
                "bw_max": 0,
                "bw_agg": 0.0,
                "bw_mean": 0.0,
                "bw_dev": 0.0,
                "bw_samples": 0,
                "iops_min": 0,
                "iops_max": 0,
                "iops_mean": 0.0,
                "iops_stddev": 0.0,
                "iops_samples": 0
            },
            "trim": {
                "io_bytes": 0,
                "io_kbytes": 0,
                "bw_bytes": 0,
                "bw": 0,
                "iops": 0.0,
                "runtime": 0,
                "total_ios": 0,
                "short_ios": 0,
                "drop_ios": 0,
                "slat_ns": {
                    "min": 0,
                    "max": 0,
                    "mean": 0.0,
                    "stddev": 0.0,
                    "N": 0
                },
                "clat_ns": {
                    "min": 0,
                    "max": 0,
                    "mean": 0.0,
                    "stddev": 0.0,
                    "N": 0
                },
                "lat_ns": {
                    "min": 0,
                    "max": 0,
                    "mean": 0.0,
                    "stddev": 0.0,
                    "N": 0
                },
                "bw_min": 0,
                "bw_max": 0,
                "bw_agg": 0.0,
                "bw_mean": 0.0,
                "bw_dev": 0.0,
                "bw_samples": 0,
                "iops_min": 0,
                "iops_max": 0,
                "iops_mean": 0.0,
                "iops_stddev": 0.0,
                "iops_samples": 0
            },
            "sync": {
                "total_ios": 0,
                "lat_ns": {
                    "min": 0,
                    "max": 0,
                    "mean": 0.0,
                    "stddev": 0.0,
                    "N": 0
                }
            },
            "job_runtime": 7000,
            "usr_cpu": 55.185714,
            "sys_cpu": 44.785714,
            "ctx": 7,
            "majf": 0,
            "minf": 0,
            "iodepth_level": {
                "1": 0.1,
                "2": 99.978691,
                "4": 0.0,
                "8": 0.0,
                "16": 0.0,
                "32": 0.0,
                ">=64": 0.0
            },
            "iodepth_submit": {
                "0": 0.0,
                "4": 100.0,
                "8": 0.0,
                "16": 0.0,
                "32": 0.0,
                "64": 0.0,
                ">=64": 0.0
            },
            "iodepth_complete": {
                "0": 0.0,
                "4": 100.0,
                "8": 0.0,
                "16": 0.0,
                "32": 0.0,
                "64": 0.0,
                ">=64": 0.0
            },
            "latency_ns": {
                "2": 0.0,
                "4": 0.0,
                "10": 0.0,
                "20": 0.0,
                "50": 0.0,
                "100": 0.0,
                "250": 0.0,
                "500": 0.0,
                "750": 0.01,
                "1000": 0.01
            },
            "latency_us": {
                "2": 0.0,
                "4": 0.016418,
                "10": 97.727366,
                "20": 1.985785,
                "50": 0.247275,
                "100": 0.017267,
                "250": 0.01,
                "500": 0.0,
                "750": 0.0,
                "1000": 0.0
            },
            "latency_ms": {
                "2": 0.0,
                "4": 0.0,
                "10": 0.0,
                "20": 0.0,
                "50": 0.0,
                "100": 0.0,
                "250": 0.0,
                "500": 0.0,
                "750": 0.0,
                "1000": 0.0,
                "2000": 0.0,
                ">=2000": 0.0
            },
            "latency_depth": 2,
            "latency_target": 0,