{
    "fio version": "fio-3.32-dirty",
    "timestamp": 1666789958,
    "timestamp_ms": 1666789958677,
    "time": "Wed Oct 26 15:12:38 2022",
    "jobs": [
        {
            "jobname": "libaio-reference",
            "groupid": 0,
            "error": 0,
            "eta": 0,
            "elapsed": 11,
            "job options": {
                "name": "libaio-reference",
                "rw": "randread",
                "size": "12G",
                "iodepth": "2",
                "bs": "512",
                "direct": "1",
                "thread": "1",
                "time_based": "1",
                "runtime": "7",
                "ramp_time": "3",
                "norandommap": "1",
                "allow_file_create": "0",
                "ioengine": "libaio",
                "filename": "/dev/nvme0n1",
                "cpus_allowed": "1"
            },
            "read": {
                "io_bytes": 812047872,
                "io_kbytes": 793015,
                "bw_bytes": 115990268,
                "bw": 113271,
                "iops": 226543.208113,
                "runtime": 7001,
                "total_ios": 1586029,
                "short_ios": 0,
                "drop_ios": 0,
                "slat_ns": {
                    "min": 1452,
                    "max": 14798,
                    "mean": 1655.304542,
                    "stddev": 123.996712,
                    "N": 1586030
                },
                "clat_ns": {
                    "min": 421,
                    "max": 120085,
                    "mean": 6916.411781,
                    "stddev": 1733.488478,
                    "N": 1586030,
                    "percentile": {
                        "1.000000": 5792,
                        "5.000000": 5856,
                        "10.000000": 5920,
                        "20.000000": 6048,
                        "30.000000": 6112,
                        "40.000000": 6816,
                        "50.000000": 6944,
                        "60.000000": 7008,
                        "70.000000": 7136,
                        "80.000000": 7264,
                        "90.000000": 7328,
                        "95.000000": 7520,
                        "99.000000": 15680,
                        "99.500000": 18560,
                        "99.900000": 24192,
                        "99.950000": 25728,
                        "99.990000": 61184
                    }
                },
                "lat_ns": {
                    "min": 5661,
                    "max": 121798,
                    "mean": 8571.716323,
                    "stddev": 1737.367517,
                    "N": 1586030
                },
                "bw_min": 112211,
                "bw_max": 114174,
                "bw_agg": 100.0,
                "bw_mean": 113343.571429,
                "bw_dev": 546.633292,
                "bw_samples": 14,
                "iops_min": 224422,
                "iops_max": 228348,
                "iops_mean": 226687.285714,
                "iops_stddev": 1093.360904,
                "iops_samples": 14
            },
            "write": {
                "io_bytes": 0,
                "io_kbytes": 0,
                "bw_bytes": 0,
                "bw": 0,
                "iops": 0.0,
                "runtime": 0,
                "total_ios": 0,
                "short_ios": 0,
                "drop_ios": 0,
                "slat_ns": {
                    "min": 0,
                    "max": 0,
                    "mean": 0.0,
                    "stddev": 0.0,
                    "N": 0
                },
                "clat_ns": {
                    "min": 0,
                    "max": 0,
                    "mean": 0.0,
                    "stddev": 0.0,
                    "N": 0
                },
                "lat_ns": {
                    "min": 0,
                    "max": 0,
                    "mean": 0.0,
                    "stddev": 0.0,
                    "N": 0
                },
                "bw_min": 0,
                "bw_max": 0,
                "bw_agg": 0.0,
                "bw_mean": 0.0,
                "bw_dev": 0.0,
                "bw_samples": 0,
                "iops_min": 0,
                "iops_max": 0,
                "iops_mean": 0.0,
                "iops_stddev": 0.0,
                "iops_samples": 0
            },
            "trim": {
                "io_bytes": 0,
                "io_kbytes": 0,
                "bw_bytes": 0,
                "bw": 0,
                "iops": 0.0,
                "runtime": 0,
                "total_ios": 0,
                "short_ios": 0,
                "drop_ios": 0,
                "slat_ns": {
                    "min": 0,
                    "max": 0,
                    "mean": 0.0,
                    "stddev": 0.0,
                    "N": 0
                },
                "clat_ns": {
                    "min": 0,
                    "max": 0,
                    "mean": 0.0,
                    "stddev": 0.0,
                    "N": 0
                },
                "lat_ns": {
                    "min": 0,
                    "max": 0,
                    "mean": 0.0,
                    "stddev": 0.0,
                    "N": 0
                },
                "bw_min": 0,
                "bw_max": 0,
                "bw_agg": 0.0,
                "bw_mean": 0.0,
                "bw_dev": 0.0,
                "bw_samples": 0,
                "iops_min": 0,
                "iops_max": 0,
                "iops_mean": 0.0,
                "iops_stddev": 0.0,
                "iops_samples": 0
            },
            "sync": {
                "total_ios": 0,
                "lat_ns": {
                    "min": 0,
                    "max": 0,
                    "mean": 0.0,
                    "stddev": 0.0,
                    "N": 0
                }
            },
            "job_runtime": 7000,
            "usr_cpu": 21.314286,
            "sys_cpu": 47.257143,
            "ctx": 796376,
            "majf": 0,
            "minf": 0,
            "iodepth_level": {
                "1": 0.0,
                "2": 100.0,
                "4": 0.0,
                "8": 0.0,
                "16": 0.0,
                "32": 0.0,
                ">=64": 0.0
            },
            "iodepth_submit": {
                "0": 0.0,
                "4": 100.0,
                "8": 0.0,
                "16": 0.0,
                "32": 0.0,
                "64": 0.0,
                ">=64": 0.0
            },
            "iodepth_complete": {
                "0": 0.0,
                "4": 100.0,
                "8": 0.0,
                "16": 0.0,
                "32": 0.0,
                "64": 0.0,
                ">=64": 0.0
            },
            "latency_ns": {
                "2": 0.0,
                "4": 0.0,
                "10": 0.0,
                "20": 0.0,
                "50": 0.0,
                "100": 0.0,
                "250": 0.0,
                "500": 0.01,
                "750": 0.0,
                "1000": 0.0
            },
            "latency_us": {
                "2": 0.0,
                "4": 0.01,
                "10": 97.729802,
                "20": 1.891264,
                "50": 0.351885,
                "100": 0.018789,
                "250": 0.01,
                "500": 0.0,
                "750": 0.0,
                "1000": 0.0
            },
            "latency_ms": {
                "2": 0.0,
                "4": 0.0,
                "10": 0.0,
                "20": 0.0,
                "50": 0.0,
                "100": 0.0,
                "250": 0.0,
                "500": 0.0,
                "750": 0.0,
                "1000": 0.0,
                "2000": 0.0,
                ">=2000": 0.0
            },
            "latency_depth": 2,
            "latency_target": 0,
            "latency_percentile": 100.0,