{
    "fio version": "fio-3.32-dirty",
    "timestamp": 1666791008,
    "timestamp_ms": 1666791008196,
    "time": "Wed Oct 26 15:30:08 2022",
    "jobs": [
        {
            "jobname": "libaio-bdev_xnvme",
            "groupid": 0,
            "error": 0,
            "eta": 0,
            "elapsed": 11,
            "job options": {
                "name": "libaio-bdev_xnvme",
                "rw": "randread",
                "size": "12G",
                "iodepth": "8",
                "bs": "512",
                "direct": "1",
                "thread": "1",
                "time_based": "1",
                "runtime": "7",
                "ramp_time": "3",
                "norandommap": "1",
                "allow_file_create": "0",
                "ioengine": "spdk_bdev",
                "spdk_conf": "/tmp/spdk_bdev_xnvme_libaio.conf",
                "filename": "Nvme0n1",
                "cpus_allowed": "1"
            },
            "read": {
                "io_bytes": 1567925248,
                "io_kbytes": 1531177,
                "bw_bytes": 223957327,
                "bw": 218708,
                "iops": 437415.94058,
                "runtime": 7001,
                "total_ios": 3062349,
                "short_ios": 0,
                "drop_ios": 0,
                "slat_ns": {
                    "min": 1663,
                    "max": 34314,
                    "mean": 1858.695535,
                    "stddev": 122.078812,
                    "N": 3062350
                },
                "clat_ns": {
                    "min": 831,
                    "max": 122730,
                    "mean": 11448.851285,
                    "stddev": 4591.776289,
                    "N": 3062354,
                    "percentile": {
                        "1.000000": 4704,
                        "5.000000": 4896,
                        "10.000000": 6688,
                        "20.000000": 6880,
                        "30.000000": 8768,
                        "40.000000": 9152,
                        "50.000000": 11584,
                        "60.000000": 12352,
                        "70.000000": 13888,
                        "80.000000": 15680,
                        "90.000000": 16064,
                        "95.000000": 16768,
                        "99.000000": 26240,
                        "99.500000": 29056,
                        "99.900000": 44800,
                        "99.950000": 59648,
                        "99.990000": 72192
                    }
                },
                "lat_ns": {
                    "min": 5661,
                    "max": 124534,
                    "mean": 13307.546791,
                    "stddev": 4584.897019,
                    "N": 3062354
                },
                "bw_min": 218159,
                "bw_max": 219551,
                "bw_agg": 100.0,
                "bw_mean": 218814.142857,
                "bw_dev": 384.929535,
                "bw_samples": 14,
                "iops_min": 436318,
                "iops_max": 439102,
                "iops_mean": 437628.428571,
                "iops_stddev": 769.682623,
                "iops_samples": 14
            },
            "write": {
                "io_bytes": 0,
                "io_kbytes": 0,
                "bw_bytes": 0,
                "bw": 0,
                "iops": 0.0,
                "runtime": 0,
                "total_ios": 0,
                "short_ios": 0,
                "drop_ios": 0,
                "slat_ns": {
                    "min": 0,
                    "max": 0,
                    "mean": 0.0,
                    "stddev": 0.0,
                    "N": 0
                },
                "clat_ns": {
                    "min": 0,
                    "max": 0,
                    "mean": 0.0,
                    "stddev": 0.0,
                    "N": 0
                },
                "lat_ns": {
                    "min": 0,
                    "max": 0,
                    "mean": 0.0,
                    "stddev": 0.0,
                    "N": 0
                },
                "bw_min": 0,
                "bw_max": 0,
                "bw_agg": 0.0,
                "bw_mean": 0.0,
                "bw_dev": 0.0,
                "bw_samples": 0,
                "iops_min": 0,
                "iops_max": 0,
                "iops_mean": 0.0,
                "iops_stddev": 0.0,
                "iops_samples": 0
            },
            "trim": {
                "io_bytes": 0,
                "io_kbytes": 0,
                "bw_bytes": 0,
                "bw": 0,
                "iops": 0.0,
                "runtime": 0,
                "total_ios": 0,
                "short_ios": 0,
                "drop_ios": 0,
                "slat_ns": {
                    "min": 0,
                    "max": 0,
                    "mean": 0.0,
                    "stddev": 0.0,
                    "N": 0
                },
                "clat_ns": {
                    "min": 0,
                    "max": 0,
                    "mean": 0.0,
                    "stddev": 0.0,
                    "N": 0
                },
                "lat_ns": {
                    "min": 0,
                    "max": 0,
                    "mean": 0.0,
                    "stddev": 0.0,
                    "N": 0
                },
                "bw_min": 0,
                "bw_max": 0,
                "bw_agg": 0.0,
                "bw_mean": 0.0,
                "bw_dev": 0.0,
                "bw_samples": 0,
                "iops_min": 0,
                "iops_max": 0,
                "iops_mean": 0.0,
                "iops_stddev": 0.0,
                "iops_samples": 0
            },
            "sync": {
                "total_ios": 0,
                "lat_ns": {
                    "min": 0,
                    "max": 0,
                    "mean": 0.0,
                    "stddev": 0.0,
                    "N": 0
                }
            },
            "job_runtime": 7000,
            "usr_cpu": 39.185714,
            "sys_cpu": 60.785714,
            "ctx": 10,
            "majf": 0,
            "minf": 0,
            "iodepth_level": {
                "1": 0.1,
                "2": 7.306744,
                "4": 73.195772,
                "8": 19.4967,
                "16": 0.0,
                "32": 0.0,
                ">=64": 0.0
            },
            "iodepth_submit": {
                "0": 0.0,
                "4": 100.0,
                "8": 0.0,
                "16": 0.0,
                "32": 0.0,
                "64": 0.0,
                ">=64": 0.0
            },
            "iodepth_complete": {
                "0": 0.0,
                "4": 85.097695,
                "8": 14.902305,
                "16": 0.0,
                "32": 0.0,
                "64": 0.0,
                ">=64": 0.0
            },
            "latency_ns": {
                "2": 0.0,
                "4": 0.0,
                "10": 0.0,
                "20": 0.0,
                "50": 0.0,
                "100": 0.0,
                "250": 0.0,
                "500": 0.0,
                "750": 0.0,
                "1000": 0.01
            },
            "latency_us": {
                "2": 0.0,
                "4": 0.01,
                "10": 42.621955,
                "20": 54.86922,
                "50": 2.423107,
                "100": 0.082584,
                "250": 0.01,
                "500": 0.0,
                "750": 0.0,
                "1000": 0.0
            },
            "latency_ms": {
                "2": 0.0,
                "4": 0.0,
                "10": 0.0,
                "20": 0.0,
                "50": 0.0,
                "100": 0.0,
                "250": 0.0,
                "500": 0.0,
                "750": 0.0,
                "1000": 0.0,
                "2000": 0.0,
                ">=2000": 0.0
            },
            "latency_depth": 8,