{
    "fio version": "fio-3.32-dirty",
    "timestamp": 1666790941,
    "timestamp_ms": 1666790941607,
    "time": "Wed Oct 26 15:29:01 2022",
    "jobs": [
        {
            "jobname": "libaio-reference",
            "groupid": 0,
            "error": 0,
            "eta": 0,
            "elapsed": 11,
            "job options": {
                "name": "libaio-reference",
                "rw": "randread",
                "size": "12G",
                "iodepth": "8",
                "bs": "512",
                "direct": "1",
                "thread": "1",
                "time_based": "1",
                "runtime": "7",
                "ramp_time": "3",
                "norandommap": "1",
                "allow_file_create": "0",
                "ioengine": "libaio",
                "filename": "/dev/nvme0n1",
                "cpus_allowed": "1"
            },
            "read": {
                "io_bytes": 1575713792,
                "io_kbytes": 1538783,
                "bw_bytes": 225069817,
                "bw": 219794,
                "iops": 439588.344522,
                "runtime": 7001,
                "total_ios": 3077558,
                "short_ios": 0,
                "drop_ios": 0,
                "slat_ns": {
                    "min": 1442,
                    "max": 20608,
                    "mean": 1603.968562,
                    "stddev": 112.982422,
                    "N": 3077559
                },
                "clat_ns": {
                    "min": 4729,
                    "max": 131707,
                    "mean": 16357.507495,
                    "stddev": 3033.9415,
                    "N": 3077565,
                    "percentile": {
                        "1.000000": 13632,
                        "5.000000": 15552,
                        "10.000000": 15552,
                        "20.000000": 15680,
                        "30.000000": 15680,
                        "40.000000": 15808,
                        "50.000000": 15808,
                        "60.000000": 15808,
                        "70.000000": 15936,
                        "80.000000": 16320,
                        "90.000000": 16512,
                        "95.000000": 17536,
                        "99.000000": 31872,
                        "99.500000": 36096,
                        "99.900000": 49408,
                        "99.950000": 64256,
                        "99.990000": 77312
                    }
                },
                "lat_ns": {
                    "min": 6242,
                    "max": 133490,
                    "mean": 17961.475945,
                    "stddev": 3035.114182,
                    "N": 3077565
                },
                "bw_min": 219076,
                "bw_max": 222226,
                "bw_agg": 100.0,
                "bw_mean": 219857.071429,
                "bw_dev": 825.530735,
                "bw_samples": 14,
                "iops_min": 438152,
                "iops_max": 444452,
                "iops_mean": 439714.285714,
                "iops_stddev": 1651.104219,
                "iops_samples": 14
            },
            "write": {
                "io_bytes": 0,
                "io_kbytes": 0,
                "bw_bytes": 0,
                "bw": 0,
                "iops": 0.0,
                "runtime": 0,
                "total_ios": 0,
                "short_ios": 0,
                "drop_ios": 0,
                "slat_ns": {
                    "min": 0,
                    "max": 0,
                    "mean": 0.0,
                    "stddev": 0.0,
                    "N": 0
                },
                "clat_ns": {
                    "min": 0,
                    "max": 0,
                    "mean": 0.0,
                    "stddev": 0.0,
                    "N": 0
                },
                "lat_ns": {
                    "min": 0,
                    "max": 0,
                    "mean": 0.0,
                    "stddev": 0.0,
                    "N": 0
                },
                "bw_min": 0,
                "bw_max": 0,
                "bw_agg": 0.0,
                "bw_mean": 0.0,
                "bw_dev": 0.0,
                "bw_samples": 0,
                "iops_min": 0,
                "iops_max": 0,
                "iops_mean": 0.0,
                "iops_stddev": 0.0,
                "iops_samples": 0
            },
            "trim": {
                "io_bytes": 0,
                "io_kbytes": 0,
                "bw_bytes": 0,
                "bw": 0,
                "iops": 0.0,
                "runtime": 0,
                "total_ios": 0,
                "short_ios": 0,
                "drop_ios": 0,
                "slat_ns": {
                    "min": 0,
                    "max": 0,
                    "mean": 0.0,
                    "stddev": 0.0,
                    "N": 0
                },
                "clat_ns": {
                    "min": 0,
                    "max": 0,
                    "mean": 0.0,
                    "stddev": 0.0,
                    "N": 0
                },
                "lat_ns": {
                    "min": 0,
                    "max": 0,
                    "mean": 0.0,
                    "stddev": 0.0,
                    "N": 0
                },
                "bw_min": 0,
                "bw_max": 0,
                "bw_agg": 0.0,
                "bw_mean": 0.0,
                "bw_dev": 0.0,
                "bw_samples": 0,
                "iops_min": 0,
                "iops_max": 0,
                "iops_mean": 0.0,
                "iops_stddev": 0.0,
                "iops_samples": 0
            },
            "sync": {
                "total_ios": 0,
                "lat_ns": {
                    "min": 0,
                    "max": 0,
                    "mean": 0.0,
                    "stddev": 0.0,
                    "N": 0
                }
            },
            "job_runtime": 7000,
            "usr_cpu": 30.7,
            "sys_cpu": 67.271429,
            "ctx": 18039,
            "majf": 0,
            "minf": 0,
            "iodepth_level": {
                "1": 0.0,
                "2": 0.0,
                "4": 0.0,
                "8": 100.0,
                "16": 0.0,
                "32": 0.0,
                ">=64": 0.0
            },
            "iodepth_submit": {
                "0": 0.0,
                "4": 100.0,
                "8": 0.0,
                "16": 0.0,
                "32": 0.0,
                "64": 0.0,
                ">=64": 0.0
            },
            "iodepth_complete": {
                "0": 0.0,
                "4": 99.999968,
                "8": 0.1,
                "16": 0.0,
                "32": 0.0,
                "64": 0.0,
                ">=64": 0.0
            },
            "latency_ns": {
                "2": 0.0,
                "4": 0.0,
                "10": 0.0,
                "20": 0.0,
                "50": 0.0,
                "100": 0.0,
                "250": 0.0,
                "500": 0.0,
                "750": 0.0,
                "1000": 0.0
            },
            "latency_us": {
                "2": 0.0,
                "4": 0.0,
                "10": 0.440284,
                "20": 95.900321,
                "50": 3.560713,
                "100": 0.09865,
                "250": 0.01,
                "500": 0.0,
                "750": 0.0,
                "1000": 0.0
            },
            "latency_ms": {
                "2": 0.0,
                "4": 0.0,
                "10": 0.0,
                "20": 0.0,
                "50": 0.0,
                "100": 0.0,
                "250": 0.0,
                "500": 0.0,
                "750": 0.0,
                "1000": 0.0,
                "2000": 0.0,
                ">=2000": 0.0
            },
            "latency_depth": 8,
            "latency_target": 0,
            "latency_percentile": 100.0,