{
    "fio version": "fio-3.32-dirty",
    "timestamp": 1666790667,
    "timestamp_ms": 1666790667990,
    "time": "Wed Oct 26 15:24:27 2022",
    "jobs": [
        {
            "jobname": "io_uring_cmd-bdev_xnvme",
            "groupid": 0,
            "error": 0,
            "eta": 0,
            "elapsed": 11,
            "job options": {
                "name": "io_uring_cmd-bdev_xnvme",
                "rw": "randread",
                "size": "12G",
                "iodepth": "8",
                "bs": "512",
                "direct": "0",
                "thread": "1",
                "time_based": "1",
                "runtime": "7",
                "ramp_time": "3",
                "norandommap": "1",
                "allow_file_create": "0",
                "ioengine": "spdk_bdev",
                "spdk_conf": "/tmp/spdk_bdev_xnvme_io_uring_cmd.conf",
                "filename": "Nvme0n1",
                "cpus_allowed": "1"
            },
            "read": {
                "io_bytes": 2123516928,
                "io_kbytes": 2073747,
                "bw_bytes": 303316230,
                "bw": 296207,
                "iops": 592413.512355,
                "runtime": 7001,
                "total_ios": 4147487,
                "short_ios": 0,
                "drop_ios": 0,
                "slat_ns": {
                    "min": 190,
                    "max": 26219,
                    "mean": 278.529163,
                    "stddev": 75.8395,
                    "N": 4147488
                },
                "clat_ns": {
                    "min": 691,
                    "max": 131106,
                    "mean": 12536.847786,
                    "stddev": 4087.236657,
                    "N": 4147494,
                    "percentile": {
                        "1.000000": 7008,
                        "5.000000": 7904,
                        "10.000000": 8640,
                        "20.000000": 9664,
                        "30.000000": 10688,
                        "40.000000": 11456,
                        "50.000000": 12096,
                        "60.000000": 12608,
                        "70.000000": 13504,
                        "80.000000": 14656,
                        "90.000000": 15936,
                        "95.000000": 17280,
                        "99.000000": 29568,
                        "99.500000": 32128,
                        "99.900000": 43776,
                        "99.950000": 62720,
                        "99.990000": 76288
                    }
                },
                "lat_ns": {
                    "min": 5720,
                    "max": 131396,
                    "mean": 12815.376954,
                    "stddev": 4084.439124,
                    "N": 4147494
                },
                "bw_min": 295554,
                "bw_max": 296921,
                "bw_agg": 100.0,
                "bw_mean": 296335.857143,
                "bw_dev": 340.016483,
                "bw_samples": 14,
                "iops_min": 591108,
                "iops_max": 593843,
                "iops_mean": 592671.857143,
                "iops_stddev": 680.086969,
                "iops_samples": 14
            },
            "write": {
                "io_bytes": 0,
                "io_kbytes": 0,
                "bw_bytes": 0,
                "bw": 0,
                "iops": 0.0,
                "runtime": 0,
                "total_ios": 0,
                "short_ios": 0,
                "drop_ios": 0,
                "slat_ns": {
                    "min": 0,
                    "max": 0,
                    "mean": 0.0,
                    "stddev": 0.0,
                    "N": 0
                },
                "clat_ns": {
                    "min": 0,
                    "max": 0,
                    "mean": 0.0,
                    "stddev": 0.0,
                    "N": 0
                },
                "lat_ns": {
                    "min": 0,
                    "max": 0,
                    "mean": 0.0,
                    "stddev": 0.0,
                    "N": 0
                },
                "bw_min": 0,
                "bw_max": 0,
                "bw_agg": 0.0,
                "bw_mean": 0.0,
                "bw_dev": 0.0,
                "bw_samples": 0,
                "iops_min": 0,
                "iops_max": 0,
                "iops_mean": 0.0,
                "iops_stddev": 0.0,
                "iops_samples": 0
            },
            "trim": {
                "io_bytes": 0,
                "io_kbytes": 0,
                "bw_bytes": 0,
                "bw": 0,
                "iops": 0.0,
                "runtime": 0,
                "total_ios": 0,
                "short_ios": 0,
                "drop_ios": 0,
                "slat_ns": {
                    "min": 0,
                    "max": 0,
                    "mean": 0.0,
                    "stddev": 0.0,
                    "N": 0
                },
                "clat_ns": {
                    "min": 0,
                    "max": 0,
                    "mean": 0.0,
                    "stddev": 0.0,
                    "N": 0
                },
                "lat_ns": {
                    "min": 0,
                    "max": 0,
                    "mean": 0.0,
                    "stddev": 0.0,
                    "N": 0
                },
                "bw_min": 0,
                "bw_max": 0,
                "bw_agg": 0.0,
                "bw_mean": 0.0,
                "bw_dev": 0.0,
                "bw_samples": 0,
                "iops_min": 0,
                "iops_max": 0,
                "iops_mean": 0.0,
                "iops_stddev": 0.0,
                "iops_samples": 0
            },
            "sync": {
                "total_ios": 0,
                "lat_ns": {
                    "min": 0,
                    "max": 0,
                    "mean": 0.0,
                    "stddev": 0.0,
                    "N": 0
                }
            },
            "job_runtime": 7000,
            "usr_cpu": 99.985714,
            "sys_cpu": 0.0,
            "ctx": 21,
            "majf": 0,
            "minf": 0,
            "iodepth_level": {
                "1": 0.1,
                "2": 0.1,
                "4": 35.838135,
                "8": 64.137537,
                "16": 0.0,
                "32": 0.0,
                ">=64": 0.0
            },
            "iodepth_submit": {
                "0": 0.0,
                "4": 100.0,
                "8": 0.0,
                "16": 0.0,
                "32": 0.0,
                "64": 0.0,
                ">=64": 0.0
            },
            "iodepth_complete": {
                "0": 0.0,
                "4": 99.802206,
                "8": 0.197794,
                "16": 0.0,
                "32": 0.0,
                "64": 0.0,
                ">=64": 0.0
            },
            "latency_ns": {
                "2": 0.0,
                "4": 0.0,
                "10": 0.0,
                "20": 0.0,
                "50": 0.0,
                "100": 0.0,
                "250": 0.0,
                "500": 0.0,
                "750": 0.01,
                "1000": 0.01
            },
            "latency_us": {
                "2": 0.01,
                "4": 0.01,
                "10": 23.339482,
                "20": 73.205245,
                "50": 3.36951,
                "100": 0.084557,
                "250": 0.01,
                "500": 0.0,
                "750": 0.0,
                "1000": 0.0
            },
            "latency_ms": {
                "2": 0.0,
                "4": 0.0,
                "10": 0.0,
                "20": 0.0,
                "50": 0.0,
                "100": 0.0,
                "250": 0.0,
                "500": 0.0,
                "750": 0.0,
                "1000": 0.0,
                "2000": 0.0,
                ">=2000": 0.0
            },
            "latency_depth": 8,