{
    "fio version": "fio-3.32-dirty",
    "timestamp": 1666791023,
    "timestamp_ms": 1666791023513,
    "time": "Wed Oct 26 15:30:23 2022",
    "jobs": [
        {
            "jobname": "libaio-bdev_xnvme",
            "groupid": 0,
            "error": 0,
            "eta": 0,
            "elapsed": 11,
            "job options": {
                "name": "libaio-bdev_xnvme",
                "rw": "randread",
                "size": "12G",
                "iodepth": "8",
                "bs": "512",
                "direct": "1",
                "thread": "1",
                "time_based": "1",
                "runtime": "7",
                "ramp_time": "3",
                "norandommap": "1",
                "allow_file_create": "0",
                "ioengine": "spdk_bdev",
                "spdk_conf": "/tmp/spdk_bdev_xnvme_libaio.conf",
                "filename": "Nvme0n1",
                "cpus_allowed": "1"
            },
            "read": {
                "io_bytes": 1576878592,
                "io_kbytes": 1539920,
                "bw_bytes": 225236193,
                "bw": 219957,
                "iops": 439913.72661,
                "runtime": 7001,
                "total_ios": 3079836,
                "short_ios": 0,
                "drop_ios": 0,
                "slat_ns": {
                    "min": 1663,
                    "max": 19526,
                    "mean": 1853.081294,
                    "stddev": 134.461061,
                    "N": 3079837
                },
                "clat_ns": {
                    "min": 812,
                    "max": 111990,
                    "mean": 11416.888518,
                    "stddev": 4588.97448,
                    "N": 3079841,
                    "percentile": {
                        "1.000000": 4704,
                        "5.000000": 4896,
                        "10.000000": 6624,
                        "20.000000": 6816,
                        "30.000000": 8768,
                        "40.000000": 9152,
                        "50.000000": 11584,
                        "60.000000": 12352,
                        "70.000000": 13888,
                        "80.000000": 15552,
                        "90.000000": 15936,
                        "95.000000": 16512,
                        "99.000000": 26752,
                        "99.500000": 29312,
                        "99.900000": 44288,
                        "99.950000": 60160,
                        "99.990000": 73216
                    }
                },
                "lat_ns": {
                    "min": 5660,
                    "max": 113774,
                    "mean": 13269.969731,
                    "stddev": 4580.597825,
                    "N": 3079841
                },
                "bw_min": 219083,
                "bw_max": 221465,
                "bw_agg": 100.0,
                "bw_mean": 219996.928571,
                "bw_dev": 649.316737,
                "bw_samples": 14,
                "iops_min": 438166,
                "iops_max": 442931,
                "iops_mean": 439993.928571,
                "iops_stddev": 1298.760028,
                "iops_samples": 14
            },
            "write": {
                "io_bytes": 0,
                "io_kbytes": 0,
                "bw_bytes": 0,
                "bw": 0,
                "iops": 0.0,
                "runtime": 0,
                "total_ios": 0,
                "short_ios": 0,
                "drop_ios": 0,
                "slat_ns": {
                    "min": 0,
                    "max": 0,
                    "mean": 0.0,
                    "stddev": 0.0,
                    "N": 0
                },
                "clat_ns": {
                    "min": 0,
                    "max": 0,
                    "mean": 0.0,
                    "stddev": 0.0,
                    "N": 0
                },
                "lat_ns": {
                    "min": 0,
                    "max": 0,
                    "mean": 0.0,
                    "stddev": 0.0,
                    "N": 0
                },
                "bw_min": 0,
                "bw_max": 0,
                "bw_agg": 0.0,
                "bw_mean": 0.0,
                "bw_dev": 0.0,
                "bw_samples": 0,
                "iops_min": 0,
                "iops_max": 0,
                "iops_mean": 0.0,
                "iops_stddev": 0.0,
                "iops_samples": 0
            },
            "trim": {
                "io_bytes": 0,
                "io_kbytes": 0,
                "bw_bytes": 0,
                "bw": 0,
                "iops": 0.0,
                "runtime": 0,
                "total_ios": 0,
                "short_ios": 0,
                "drop_ios": 0,
                "slat_ns": {
                    "min": 0,
                    "max": 0,
                    "mean": 0.0,
                    "stddev": 0.0,
                    "N": 0
                },
                "clat_ns": {
                    "min": 0,
                    "max": 0,
                    "mean": 0.0,
                    "stddev": 0.0,
                    "N": 0
                },
                "lat_ns": {
                    "min": 0,
                    "max": 0,
                    "mean": 0.0,
                    "stddev": 0.0,
                    "N": 0
                },
                "bw_min": 0,
                "bw_max": 0,
                "bw_agg": 0.0,
                "bw_mean": 0.0,
                "bw_dev": 0.0,
                "bw_samples": 0,
                "iops_min": 0,
                "iops_max": 0,
                "iops_mean": 0.0,
                "iops_stddev": 0.0,
                "iops_samples": 0
            },
            "sync": {
                "total_ios": 0,
                "lat_ns": {
                    "min": 0,
                    "max": 0,
                    "mean": 0.0,
                    "stddev": 0.0,
                    "N": 0
                }
            },
            "job_runtime": 7000,
            "usr_cpu": 37.185714,
            "sys_cpu": 62.8,
            "ctx": 5,
            "majf": 0,
            "minf": 0,
            "iodepth_level": {
                "1": 0.1,
                "2": 6.747048,
                "4": 73.65798,
                "8": 19.593803,
                "16": 0.0,
                "32": 0.0,
                ">=64": 0.0
            },
            "iodepth_submit": {
                "0": 0.0,
                "4": 100.0,
                "8": 0.0,
                "16": 0.0,
                "32": 0.0,
                "64": 0.0,
                ">=64": 0.0
            },
            "iodepth_complete": {
                "0": 0.0,
                "4": 85.015234,
                "8": 14.984766,
                "16": 0.0,
                "32": 0.0,
                "64": 0.0,
                ">=64": 0.0
            },
            "latency_ns": {
                "2": 0.0,
                "4": 0.0,
                "10": 0.0,
                "20": 0.0,
                "50": 0.0,
                "100": 0.0,
                "250": 0.0,
                "500": 0.0,
                "750": 0.0,
                "1000": 0.01
            },
            "latency_us": {
                "2": 0.0,
                "4": 0.01,
                "10": 42.298421,
                "20": 55.11498,
                "50": 2.504776,
                "100": 0.078511,
                "250": 0.01,
                "500": 0.0,
                "750": 0.0,
                "1000": 0.0
            },
            "latency_ms": {
                "2": 0.0,
                "4": 0.0,
                "10": 0.0,
                "20": 0.0,
                "50": 0.0,
                "100": 0.0,
                "250": 0.0,
                "500": 0.0,
                "750": 0.0,
                "1000": 0.0,
                "2000": 0.0,
                ">=2000": 0.0
            },
            "latency_depth": 8,