{
    "fio version": "fio-3.32-dirty",
    "timestamp": 1666790583,
    "timestamp_ms": 1666790583831,
    "time": "Wed Oct 26 15:23:03 2022",
    "jobs": [
        {
            "jobname": "io_uring_cmd-reference",
            "groupid": 0,
            "error": 0,
            "eta": 0,
            "elapsed": 11,
            "job options": {
                "name": "io_uring_cmd-reference",
                "rw": "randread",
                "size": "12G",
                "iodepth": "8",
                "bs": "512",
                "direct": "0",
                "thread": "1",
                "time_based": "1",
                "runtime": "7",
                "ramp_time": "3",
                "norandommap": "1",
                "allow_file_create": "0",
                "ioengine": "io_uring_cmd",
                "filename": "/dev/ng0n1",
                "cpus_allowed": "1"
            },
            "read": {
                "io_bytes": 1613466624,
                "io_kbytes": 1575651,
                "bw_bytes": 230462308,
                "bw": 225060,
                "iops": 450120.554207,
                "runtime": 7001,
                "total_ios": 3151294,
                "short_ios": 0,
                "drop_ios": 0,
                "slat_ns": {
                    "min": 1172,
                    "max": 51907,
                    "mean": 1784.391308,
                    "stddev": 386.919507,
                    "N": 3151295
                },
                "clat_ns": {
                    "min": 5240,
                    "max": 113272,
                    "mean": 15718.233979,
                    "stddev": 3820.32207,
                    "N": 3151301,
                    "percentile": {
                        "1.000000": 12224,
                        "5.000000": 12736,
                        "10.000000": 13120,
                        "20.000000": 14272,
                        "30.000000": 14784,
                        "40.000000": 14912,
                        "50.000000": 15040,
                        "60.000000": 15424,
                        "70.000000": 15680,
                        "80.000000": 16320,
                        "90.000000": 17280,
                        "95.000000": 18048,
                        "99.000000": 36608,
                        "99.500000": 39168,
                        "99.900000": 48384,
                        "99.950000": 64256,
                        "99.990000": 79360
                    }
                },
                "lat_ns": {
                    "min": 6453,
                    "max": 114505,
                    "mean": 17502.625444,
                    "stddev": 3781.638897,
                    "N": 3151301
                },
                "bw_min": 224723,
                "bw_max": 225795,
                "bw_agg": 100.0,
                "bw_mean": 225187.928571,
                "bw_dev": 301.062085,
                "bw_samples": 14,
                "iops_min": 449446,
                "iops_max": 451591,
                "iops_mean": 450376.071429,
                "iops_stddev": 602.094097,
                "iops_samples": 14
            },
            "write": {
                "io_bytes": 0,
                "io_kbytes": 0,
                "bw_bytes": 0,
                "bw": 0,
                "iops": 0.0,
                "runtime": 0,
                "total_ios": 0,
                "short_ios": 0,
                "drop_ios": 0,
                "slat_ns": {
                    "min": 0,
                    "max": 0,
                    "mean": 0.0,
                    "stddev": 0.0,
                    "N": 0
                },
                "clat_ns": {
                    "min": 0,
                    "max": 0,
                    "mean": 0.0,
                    "stddev": 0.0,
                    "N": 0
                },
                "lat_ns": {
                    "min": 0,
                    "max": 0,
                    "mean": 0.0,
                    "stddev": 0.0,
                    "N": 0
                },
                "bw_min": 0,
                "bw_max": 0,
                "bw_agg": 0.0,
                "bw_mean": 0.0,
                "bw_dev": 0.0,
                "bw_samples": 0,
                "iops_min": 0,
                "iops_max": 0,
                "iops_mean": 0.0,
                "iops_stddev": 0.0,
                "iops_samples": 0
            },
            "trim": {
                "io_bytes": 0,
                "io_kbytes": 0,
                "bw_bytes": 0,
                "bw": 0,
                "iops": 0.0,
                "runtime": 0,
                "total_ios": 0,
                "short_ios": 0,
                "drop_ios": 0,
                "slat_ns": {
                    "min": 0,
                    "max": 0,
                    "mean": 0.0,
                    "stddev": 0.0,
                    "N": 0
                },
                "clat_ns": {
                    "min": 0,
                    "max": 0,
                    "mean": 0.0,
                    "stddev": 0.0,
                    "N": 0
                },
                "lat_ns": {
                    "min": 0,
                    "max": 0,
                    "mean": 0.0,
                    "stddev": 0.0,
                    "N": 0
                },
                "bw_min": 0,
                "bw_max": 0,
                "bw_agg": 0.0,
                "bw_mean": 0.0,
                "bw_dev": 0.0,
                "bw_samples": 0,
                "iops_min": 0,
                "iops_max": 0,
                "iops_mean": 0.0,
                "iops_stddev": 0.0,
                "iops_samples": 0
            },
            "sync": {
                "total_ios": 0,
                "lat_ns": {
                    "min": 0,
                    "max": 0,
                    "mean": 0.0,
                    "stddev": 0.0,
                    "N": 0
                }
            },
            "job_runtime": 7000,
            "usr_cpu": 16.871429,
            "sys_cpu": 79.9,
            "ctx": 15021,
            "majf": 0,
            "minf": 0,
            "iodepth_level": {
                "1": 0.0,
                "2": 0.0,
                "4": 0.0,
                "8": 100.0,
                "16": 0.0,
                "32": 0.0,
                ">=64": 0.0
            },
            "iodepth_submit": {
                "0": 0.0,
                "4": 100.0,
                "8": 0.0,
                "16": 0.0,
                "32": 0.0,
                "64": 0.0,
                ">=64": 0.0
            },
            "iodepth_complete": {
                "0": 0.0,
                "4": 99.999968,
                "8": 0.1,
                "16": 0.0,
                "32": 0.0,
                "64": 0.0,
                ">=64": 0.0
            },
            "latency_ns": {
                "2": 0.0,
                "4": 0.0,
                "10": 0.0,
                "20": 0.0,
                "50": 0.0,
                "100": 0.0,
                "250": 0.0,
                "500": 0.0,
                "750": 0.0,
                "1000": 0.0
            },
            "latency_us": {
                "2": 0.0,
                "4": 0.0,
                "10": 0.044109,
                "20": 96.32167,
                "50": 3.541847,
                "100": 0.092248,
                "250": 0.01,
                "500": 0.0,
                "750": 0.0,
                "1000": 0.0
            },
            "latency_ms": {
                "2": 0.0,
                "4": 0.0,
                "10": 0.0,
                "20": 0.0,
                "50": 0.0,
                "100": 0.0,
                "250": 0.0,
                "500": 0.0,
                "750": 0.0,
                "1000": 0.0,
                "2000": 0.0,
                ">=2000": 0.0
            },
            "latency_depth": 8,
            "latency_target": 0,
            "latency_percentile": 100.0,