{
    "fio version": "fio-3.32-dirty",
    "timestamp": 1666751739,
    "timestamp_ms": 1666751739922,
    "time": "Wed Oct 26 04:35:39 2022",
    "jobs": [
        {
            "jobname": "libaio-reference",
            "groupid": 0,
            "error": 0,
            "eta": 0,
            "elapsed": 11,
            "job options": {
                "name": "libaio-reference",
                "rw": "randread",
                "size": "12G",
                "iodepth": "2",
                "bs": "512",
                "direct": "1",
                "thread": "1",
                "time_based": "1",
                "runtime": "7",
                "ramp_time": "3",
                "norandommap": "1",
                "allow_file_create": "0",
                "ioengine": "libaio",
                "filename": "/dev/nvme0n1",
                "cpus_allowed": "1"
            },
            "read": {
                "io_bytes": 771123712,
                "io_kbytes": 753050,
                "bw_bytes": 110144795,
                "bw": 107563,
                "iops": 215126.410513,
                "runtime": 7001,
                "total_ios": 1506100,
                "short_ios": 0,
                "drop_ios": 0,
                "slat_ns": {
                    "min": 1392,
                    "max": 26369,
                    "mean": 1556.186424,
                    "stddev": 150.779054,
                    "N": 1506100
                },
                "clat_ns": {
                    "min": 420,
                    "max": 149550,
                    "mean": 7484.908665,
                    "stddev": 1738.332903,
                    "N": 1506101,
                    "percentile": {
                        "1.000000": 6944,
                        "5.000000": 6944,
                        "10.000000": 7008,
                        "20.000000": 7072,
                        "30.000000": 7136,
                        "40.000000": 7200,
                        "50.000000": 7264,
                        "60.000000": 7264,
                        "70.000000": 7328,
                        "80.000000": 7392,
                        "90.000000": 7520,
                        "95.000000": 7776,
                        "99.000000": 15680,
                        "99.500000": 18816,
                        "99.900000": 20864,
                        "99.950000": 24960,
                        "99.990000": 62208
                    }
                },
                "lat_ns": {
                    "min": 5911,
                    "max": 151223,
                    "mean": 9041.095007,
                    "stddev": 1740.860134,
                    "N": 1506101
                },
                "bw_min": 107410,
                "bw_max": 107798,
                "bw_agg": 100.0,
                "bw_mean": 107620.692308,
                "bw_dev": 114.054362,
                "bw_samples": 13,
                "iops_min": 214820,
                "iops_max": 215596,
                "iops_mean": 215241.230769,
                "iops_stddev": 227.980319,
                "iops_samples": 13
            },
            "write": {
                "io_bytes": 0,
                "io_kbytes": 0,
                "bw_bytes": 0,
                "bw": 0,
                "iops": 0.0,
                "runtime": 0,
                "total_ios": 0,
                "short_ios": 0,
                "drop_ios": 0,
                "slat_ns": {
                    "min": 0,
                    "max": 0,
                    "mean": 0.0,
                    "stddev": 0.0,
                    "N": 0
                },
                "clat_ns": {
                    "min": 0,
                    "max": 0,
                    "mean": 0.0,
                    "stddev": 0.0,
                    "N": 0
                },
                "lat_ns": {
                    "min": 0,
                    "max": 0,
                    "mean": 0.0,
                    "stddev": 0.0,
                    "N": 0
                },
                "bw_min": 0,
                "bw_max": 0,
                "bw_agg": 0.0,
                "bw_mean": 0.0,
                "bw_dev": 0.0,
                "bw_samples": 0,
                "iops_min": 0,
                "iops_max": 0,
                "iops_mean": 0.0,
                "iops_stddev": 0.0,
                "iops_samples": 0
            },
            "trim": {
                "io_bytes": 0,
                "io_kbytes": 0,
                "bw_bytes": 0,
                "bw": 0,
                "iops": 0.0,
                "runtime": 0,
                "total_ios": 0,
                "short_ios": 0,
                "drop_ios": 0,
                "slat_ns": {
                    "min": 0,
                    "max": 0,
                    "mean": 0.0,
                    "stddev": 0.0,
                    "N": 0
                },
                "clat_ns": {
                    "min": 0,
                    "max": 0,
                    "mean": 0.0,
                    "stddev": 0.0,
                    "N": 0
                },
                "lat_ns": {
                    "min": 0,
                    "max": 0,
                    "mean": 0.0,
                    "stddev": 0.0,
                    "N": 0
                },
                "bw_min": 0,
                "bw_max": 0,
                "bw_agg": 0.0,
                "bw_mean": 0.0,
                "bw_dev": 0.0,
                "bw_samples": 0,
                "iops_min": 0,
                "iops_max": 0,
                "iops_mean": 0.0,
                "iops_stddev": 0.0,
                "iops_samples": 0
            },
            "sync": {
                "total_ios": 0,
                "lat_ns": {
                    "min": 0,
                    "max": 0,
                    "mean": 0.0,
                    "stddev": 0.0,
                    "N": 0
                }
            },
            "job_runtime": 7000,
            "usr_cpu": 25.185714,
            "sys_cpu": 52.814286,
            "ctx": 752769,
            "majf": 0,
            "minf": 0,
            "iodepth_level": {
                "1": 0.0,
                "2": 100.0,
                "4": 0.0,
                "8": 0.0,
                "16": 0.0,
                "32": 0.0,
                ">=64": 0.0
            },
            "iodepth_submit": {
                "0": 0.0,
                "4": 100.0,
                "8": 0.0,
                "16": 0.0,
                "32": 0.0,
                "64": 0.0,
                ">=64": 0.0
            },
            "iodepth_complete": {
                "0": 0.0,
                "4": 100.0,
                "8": 0.0,
                "16": 0.0,
                "32": 0.0,
                "64": 0.0,
                ">=64": 0.0
            },
            "latency_ns": {
                "2": 0.0,
                "4": 0.0,
                "10": 0.0,
                "20": 0.0,
                "50": 0.0,
                "100": 0.0,
                "250": 0.0,
                "500": 0.01,
                "750": 0.0,
                "1000": 0.0
            },
            "latency_us": {
                "2": 0.0,
                "4": 0.01,
                "10": 96.987119,
                "20": 2.608924,
                "50": 0.37388,
                "100": 0.017197,
                "250": 0.01,
                "500": 0.0,
                "750": 0.0,
                "1000": 0.0
            },
            "latency_ms": {
                "2": 0.0,
                "4": 0.0,
                "10": 0.0,
                "20": 0.0,
                "50": 0.0,
                "100": 0.0,
                "250": 0.0,
                "500": 0.0,
                "750": 0.0,
                "1000": 0.0,
                "2000": 0.0,
                ">=2000": 0.0
            },
            "latency_depth": 2,
            "latency_target": 0,
            "latency_percentile": 100.0,