{
    "fio version": "fio-3.32-dirty",
    "timestamp": 1666751438,
    "timestamp_ms": 1666751438950,
    "time": "Wed Oct 26 04:30:38 2022",
    "jobs": [
        {
            "jobname": "io_uring_cmd-reference",
            "groupid": 0,
            "error": 0,
            "eta": 0,
            "elapsed": 11,
            "job options": {
                "name": "io_uring_cmd-reference",
                "rw": "randread",
                "size": "12G",
                "iodepth": "2",
                "bs": "512",
                "direct": "0",
                "thread": "1",
                "time_based": "1",
                "runtime": "7",
                "ramp_time": "3",
                "norandommap": "1",
                "allow_file_create": "0",
                "ioengine": "io_uring_cmd",
                "filename": "/dev/ng0n1",
                "cpus_allowed": "1"
            },
            "read": {
                "io_bytes": 734948864,
                "io_kbytes": 717723,
                "bw_bytes": 104977698,
                "bw": 102517,
                "iops": 205034.280817,
                "runtime": 7001,
                "total_ios": 1435445,
                "short_ios": 0,
                "drop_ios": 0,
                "slat_ns": {
                    "min": 1182,
                    "max": 27221,
                    "mean": 1330.533098,
                    "stddev": 132.496465,
                    "N": 1435446
                },
                "clat_ns": {
                    "min": 100,
                    "max": 117019,
                    "mean": 8150.587585,
                    "stddev": 2236.609171,
                    "N": 1435446,
                    "percentile": {
                        "1.000000": 6048,
                        "5.000000": 6112,
                        "10.000000": 6112,
                        "20.000000": 6240,
                        "30.000000": 6304,
                        "40.000000": 6304,
                        "50.000000": 8640,
                        "60.000000": 9536,
                        "70.000000": 9664,
                        "80.000000": 9664,
                        "90.000000": 9792,
                        "95.000000": 9792,
                        "99.000000": 16512,
                        "99.500000": 17280,
                        "99.900000": 20096,
                        "99.950000": 27008,
                        "99.990000": 62208
                    }
                },
                "lat_ns": {
                    "min": 5871,
                    "max": 118241,
                    "mean": 9481.120683,
                    "stddev": 2308.727929,
                    "N": 1435446
                },
                "bw_min": 102325,
                "bw_max": 102710,
                "bw_agg": 100.0,
                "bw_mean": 102550.214286,
                "bw_dev": 111.494173,
                "bw_samples": 14,
                "iops_min": 204650,
                "iops_max": 205420,
                "iops_mean": 205100.428571,
                "iops_stddev": 223.226933,
                "iops_samples": 14
            },
            "write": {
                "io_bytes": 0,
                "io_kbytes": 0,
                "bw_bytes": 0,
                "bw": 0,
                "iops": 0.0,
                "runtime": 0,
                "total_ios": 0,
                "short_ios": 0,
                "drop_ios": 0,
                "slat_ns": {
                    "min": 0,
                    "max": 0,
                    "mean": 0.0,
                    "stddev": 0.0,
                    "N": 0
                },
                "clat_ns": {
                    "min": 0,
                    "max": 0,
                    "mean": 0.0,
                    "stddev": 0.0,
                    "N": 0
                },
                "lat_ns": {
                    "min": 0,
                    "max": 0,
                    "mean": 0.0,
                    "stddev": 0.0,
                    "N": 0
                },
                "bw_min": 0,
                "bw_max": 0,
                "bw_agg": 0.0,
                "bw_mean": 0.0,
                "bw_dev": 0.0,
                "bw_samples": 0,
                "iops_min": 0,
                "iops_max": 0,
                "iops_mean": 0.0,
                "iops_stddev": 0.0,
                "iops_samples": 0
            },
            "trim": {
                "io_bytes": 0,
                "io_kbytes": 0,
                "bw_bytes": 0,
                "bw": 0,
                "iops": 0.0,
                "runtime": 0,
                "total_ios": 0,
                "short_ios": 0,
                "drop_ios": 0,
                "slat_ns": {
                    "min": 0,
                    "max": 0,
                    "mean": 0.0,
                    "stddev": 0.0,
                    "N": 0
                },
                "clat_ns": {
                    "min": 0,
                    "max": 0,
                    "mean": 0.0,
                    "stddev": 0.0,
                    "N": 0
                },
                "lat_ns": {
                    "min": 0,
                    "max": 0,
                    "mean": 0.0,
                    "stddev": 0.0,
                    "N": 0
                },
                "bw_min": 0,
                "bw_max": 0,
                "bw_agg": 0.0,
                "bw_mean": 0.0,
                "bw_dev": 0.0,
                "bw_samples": 0,
                "iops_min": 0,
                "iops_max": 0,
                "iops_mean": 0.0,
                "iops_stddev": 0.0,
                "iops_samples": 0
            },
            "sync": {
                "total_ios": 0,
                "lat_ns": {
                    "min": 0,
                    "max": 0,
                    "mean": 0.0,
                    "stddev": 0.0,
                    "N": 0
                }
            },
            "job_runtime": 7000,
            "usr_cpu": 20.157143,
            "sys_cpu": 48.828571,
            "ctx": 717624,
            "majf": 0,
            "minf": 0,
            "iodepth_level": {
                "1": 0.0,
                "2": 100.0,
                "4": 0.0,
                "8": 0.0,
                "16": 0.0,
                "32": 0.0,
                ">=64": 0.0
            },
            "iodepth_submit": {
                "0": 0.0,
                "4": 100.0,
                "8": 0.0,
                "16": 0.0,
                "32": 0.0,
                "64": 0.0,
                ">=64": 0.0
            },
            "iodepth_complete": {
                "0": 0.0,
                "4": 100.0,
                "8": 0.0,
                "16": 0.0,
                "32": 0.0,
                "64": 0.0,
                ">=64": 0.0
            },
            "latency_ns": {
                "2": 0.0,
                "4": 0.0,
                "10": 0.0,
                "20": 0.0,
                "50": 0.0,
                "100": 0.0,
                "250": 0.01,
                "500": 0.0,
                "750": 0.0,
                "1000": 0.0
            },
            "latency_us": {
                "2": 0.01,
                "4": 0.01,
                "10": 96.261577,
                "20": 3.628561,
                "50": 0.077885,
                "100": 0.021875,
                "250": 0.01,
                "500": 0.0,
                "750": 0.0,
                "1000": 0.0
            },
            "latency_ms": {
                "2": 0.0,
                "4": 0.0,
                "10": 0.0,
                "20": 0.0,
                "50": 0.0,
                "100": 0.0,
                "250": 0.0,
                "500": 0.0,
                "750": 0.0,
                "1000": 0.0,
                "2000": 0.0,
                ">=2000": 0.0
            },
            "latency_depth": 2,
            "latency_target": 0,
            "latency_percentile": 100.0,