{
    "fio version": "fio-3.32-dirty",
    "timestamp": 1666751494,
    "timestamp_ms": 1666751494875,
    "time": "Wed Oct 26 04:31:34 2022",
    "jobs": [
        {
            "jobname": "io_uring_cmd-bdev_xnvme",
            "groupid": 0,
            "error": 0,
            "eta": 0,
            "elapsed": 11,
            "job options": {
                "name": "io_uring_cmd-bdev_xnvme",
                "rw": "randread",
                "size": "12G",
                "iodepth": "2",
                "bs": "512",
                "direct": "0",
                "thread": "1",
                "time_based": "1",
                "runtime": "7",
                "ramp_time": "3",
                "norandommap": "1",
                "allow_file_create": "0",
                "ioengine": "spdk_bdev",
                "spdk_conf": "/tmp/spdk_bdev_xnvme_io_uring_cmd.conf",
                "filename": "Nvme0n1",
                "cpus_allowed": "1"
            },
            "read": {
                "io_bytes": 840442368,
                "io_kbytes": 820744,
                "bw_bytes": 120046045,
                "bw": 117232,
                "iops": 234464.790744,
                "runtime": 7001,
                "total_ios": 1641488,
                "short_ios": 0,
                "drop_ios": 0,
                "slat_ns": {
                    "min": 230,
                    "max": 20989,
                    "mean": 273.106698,
                    "stddev": 42.76766,
                    "N": 1641488
                },
                "clat_ns": {
                    "min": 270,
                    "max": 112260,
                    "mean": 8033.977383,
                    "stddev": 2024.239647,
                    "N": 1641489,
                    "percentile": {
                        "1.000000": 6368,
                        "5.000000": 6432,
                        "10.000000": 6496,
                        "20.000000": 6944,
                        "30.000000": 7392,
                        "40.000000": 7456,
                        "50.000000": 7648,
                        "60.000000": 7840,
                        "70.000000": 8640,
                        "80.000000": 8768,
                        "90.000000": 8896,
                        "95.000000": 9024,
                        "99.000000": 18816,
                        "99.500000": 20096,
                        "99.900000": 22400,
                        "99.950000": 27776,
                        "99.990000": 62208
                    }
                },
                "lat_ns": {
                    "min": 6081,
                    "max": 112541,
                    "mean": 8307.084073,
                    "stddev": 2025.511582,
                    "N": 1641489
                },
                "bw_min": 116935,
                "bw_max": 117650,
                "bw_agg": 100.0,
                "bw_mean": 117259.714286,
                "bw_dev": 195.70835,
                "bw_samples": 14,
                "iops_min": 233870,
                "iops_max": 235300,
                "iops_mean": 234519.428571,
                "iops_stddev": 391.4167,
                "iops_samples": 14
            },
            "write": {
                "io_bytes": 0,
                "io_kbytes": 0,
                "bw_bytes": 0,
                "bw": 0,
                "iops": 0.0,
                "runtime": 0,
                "total_ios": 0,
                "short_ios": 0,
                "drop_ios": 0,
                "slat_ns": {
                    "min": 0,
                    "max": 0,
                    "mean": 0.0,
                    "stddev": 0.0,
                    "N": 0
                },
                "clat_ns": {
                    "min": 0,
                    "max": 0,
                    "mean": 0.0,
                    "stddev": 0.0,
                    "N": 0
                },
                "lat_ns": {
                    "min": 0,
                    "max": 0,
                    "mean": 0.0,
                    "stddev": 0.0,
                    "N": 0
                },
                "bw_min": 0,
                "bw_max": 0,
                "bw_agg": 0.0,
                "bw_mean": 0.0,
                "bw_dev": 0.0,
                "bw_samples": 0,
                "iops_min": 0,
                "iops_max": 0,
                "iops_mean": 0.0,
                "iops_stddev": 0.0,
                "iops_samples": 0
            },
            "trim": {
                "io_bytes": 0,
                "io_kbytes": 0,
                "bw_bytes": 0,
                "bw": 0,
                "iops": 0.0,
                "runtime": 0,
                "total_ios": 0,
                "short_ios": 0,
                "drop_ios": 0,
                "slat_ns": {
                    "min": 0,
                    "max": 0,
                    "mean": 0.0,
                    "stddev": 0.0,
                    "N": 0
                },
                "clat_ns": {
                    "min": 0,
                    "max": 0,
                    "mean": 0.0,
                    "stddev": 0.0,
                    "N": 0
                },
                "lat_ns": {
                    "min": 0,
                    "max": 0,
                    "mean": 0.0,
                    "stddev": 0.0,
                    "N": 0
                },
                "bw_min": 0,
                "bw_max": 0,
                "bw_agg": 0.0,
                "bw_mean": 0.0,
                "bw_dev": 0.0,
                "bw_samples": 0,
                "iops_min": 0,
                "iops_max": 0,
                "iops_mean": 0.0,
                "iops_stddev": 0.0,
                "iops_samples": 0
            },
            "sync": {
                "total_ios": 0,
                "lat_ns": {
                    "min": 0,
                    "max": 0,
                    "mean": 0.0,
                    "stddev": 0.0,
                    "N": 0
                }
            },
            "job_runtime": 7000,
            "usr_cpu": 99.985714,
            "sys_cpu": 0.0,
            "ctx": 25,
            "majf": 0,
            "minf": 0,
            "iodepth_level": {
                "1": 0.1,
                "2": 99.98148,
                "4": 0.0,
                "8": 0.0,
                "16": 0.0,
                "32": 0.0,
                ">=64": 0.0
            },
            "iodepth_submit": {
                "0": 0.0,
                "4": 100.0,
                "8": 0.0,
                "16": 0.0,
                "32": 0.0,
                "64": 0.0,
                ">=64": 0.0
            },
            "iodepth_complete": {
                "0": 0.0,
                "4": 100.0,
                "8": 0.0,
                "16": 0.0,
                "32": 0.0,
                "64": 0.0,
                ">=64": 0.0
            },
            "latency_ns": {
                "2": 0.0,
                "4": 0.0,
                "10": 0.0,
                "20": 0.0,
                "50": 0.0,
                "100": 0.0,
                "250": 0.0,
                "500": 0.01,
                "750": 0.01,
                "1000": 0.01
            },
            "latency_us": {
                "2": 0.01,
                "4": 0.01,
                "10": 96.879478,
                "20": 2.601055,
                "50": 0.497293,
                "100": 0.021505,
                "250": 0.01,
                "500": 0.0,
                "750": 0.0,
                "1000": 0.0
            },
            "latency_ms": {
                "2": 0.0,
                "4": 0.0,
                "10": 0.0,
                "20": 0.0,
                "50": 0.0,
                "100": 0.0,
                "250": 0.0,
                "500": 0.0,
                "750": 0.0,
                "1000": 0.0,
                "2000": 0.0,
                ">=2000": 0.0
            },
            "latency_depth": 2,
            "latency_target": 0,