{
    "fio version": "fio-3.32-dirty",
    "timestamp": 1666752358,
    "timestamp_ms": 1666752358142,
    "time": "Wed Oct 26 04:45:58 2022",
    "jobs": [
        {
            "jobname": "io_uring_cmd-reference",
            "groupid": 0,
            "error": 0,
            "eta": 0,
            "elapsed": 11,
            "job options": {
                "name": "io_uring_cmd-reference",
                "rw": "randread",
                "size": "12G",
                "iodepth": "8",
                "bs": "512",
                "direct": "0",
                "thread": "1",
                "time_based": "1",
                "runtime": "7",
                "ramp_time": "3",
                "norandommap": "1",
                "allow_file_create": "0",
                "ioengine": "io_uring_cmd",
                "filename": "/dev/ng0n1",
                "cpus_allowed": "1"
            },
            "read": {
                "io_bytes": 1195644416,
                "io_kbytes": 1167621,
                "bw_bytes": 170781947,
                "bw": 166779,
                "iops": 333557.491787,
                "runtime": 7001,
                "total_ios": 2335236,
                "short_ios": 0,
                "drop_ios": 0,
                "slat_ns": {
                    "min": 1152,
                    "max": 19917,
                    "mean": 2244.668577,
                    "stddev": 1068.78802,
                    "N": 2335236
                },
                "clat_ns": {
                    "min": 80,
                    "max": 145854,
                    "mean": 21249.490787,
                    "stddev": 3863.81432,
                    "N": 2335243,
                    "percentile": {
                        "1.000000": 13760,
                        "5.000000": 18816,
                        "10.000000": 19072,
                        "20.000000": 19328,
                        "30.000000": 20352,
                        "40.000000": 20608,
                        "50.000000": 20608,
                        "60.000000": 20864,
                        "70.000000": 21376,
                        "80.000000": 21888,
                        "90.000000": 22656,
                        "95.000000": 24960,
                        "99.000000": 41728,
                        "99.500000": 44288,
                        "99.900000": 56064,
                        "99.950000": 67072,
                        "99.990000": 82432
                    }
                },
                "lat_ns": {
                    "min": 6612,
                    "max": 147096,
                    "mean": 23494.157402,
                    "stddev": 3821.091989,
                    "N": 2335243
                },
                "bw_min": 166104,
                "bw_max": 167290,
                "bw_agg": 100.0,
                "bw_mean": 166794.153846,
                "bw_dev": 286.537329,
                "bw_samples": 13,
                "iops_min": 332210,
                "iops_max": 334580,
                "iops_mean": 333588.461538,
                "iops_stddev": 572.567989,
                "iops_samples": 13
            },
            "write": {
                "io_bytes": 0,
                "io_kbytes": 0,
                "bw_bytes": 0,
                "bw": 0,
                "iops": 0.0,
                "runtime": 0,
                "total_ios": 0,
                "short_ios": 0,
                "drop_ios": 0,
                "slat_ns": {
                    "min": 0,
                    "max": 0,
                    "mean": 0.0,
                    "stddev": 0.0,
                    "N": 0
                },
                "clat_ns": {
                    "min": 0,
                    "max": 0,
                    "mean": 0.0,
                    "stddev": 0.0,
                    "N": 0
                },
                "lat_ns": {
                    "min": 0,
                    "max": 0,
                    "mean": 0.0,
                    "stddev": 0.0,
                    "N": 0
                },
                "bw_min": 0,
                "bw_max": 0,
                "bw_agg": 0.0,
                "bw_mean": 0.0,
                "bw_dev": 0.0,
                "bw_samples": 0,
                "iops_min": 0,
                "iops_max": 0,
                "iops_mean": 0.0,
                "iops_stddev": 0.0,
                "iops_samples": 0
            },
            "trim": {
                "io_bytes": 0,
                "io_kbytes": 0,
                "bw_bytes": 0,
                "bw": 0,
                "iops": 0.0,
                "runtime": 0,
                "total_ios": 0,
                "short_ios": 0,
                "drop_ios": 0,
                "slat_ns": {
                    "min": 0,
                    "max": 0,
                    "mean": 0.0,
                    "stddev": 0.0,
                    "N": 0
                },
                "clat_ns": {
                    "min": 0,
                    "max": 0,
                    "mean": 0.0,
                    "stddev": 0.0,
                    "N": 0
                },
                "lat_ns": {
                    "min": 0,
                    "max": 0,
                    "mean": 0.0,
                    "stddev": 0.0,
                    "N": 0
                },
                "bw_min": 0,
                "bw_max": 0,
                "bw_agg": 0.0,
                "bw_mean": 0.0,
                "bw_dev": 0.0,
                "bw_samples": 0,
                "iops_min": 0,
                "iops_max": 0,
                "iops_mean": 0.0,
                "iops_stddev": 0.0,
                "iops_samples": 0
            },
            "sync": {
                "total_ios": 0,
                "lat_ns": {
                    "min": 0,
                    "max": 0,
                    "mean": 0.0,
                    "stddev": 0.0,
                    "N": 0
                }
            },
            "job_runtime": 7000,
            "usr_cpu": 14.142857,
            "sys_cpu": 83.414286,
            "ctx": 12659,
            "majf": 0,
            "minf": 0,
            "iodepth_level": {
                "1": 0.0,
                "2": 0.0,
                "4": 0.0,
                "8": 100.0,
                "16": 0.0,
                "32": 0.0,
                ">=64": 0.0
            },
            "iodepth_submit": {
                "0": 0.0,
                "4": 100.0,
                "8": 0.0,
                "16": 0.0,
                "32": 0.0,
                "64": 0.0,
                ">=64": 0.0
            },
            "iodepth_complete": {
                "0": 0.0,
                "4": 99.999957,
                "8": 0.1,
                "16": 0.0,
                "32": 0.0,
                "64": 0.0,
                ">=64": 0.0
            },
            "latency_ns": {
                "2": 0.0,
                "4": 0.0,
                "10": 0.0,
                "20": 0.0,
                "50": 0.0,
                "100": 0.01,
                "250": 0.0,
                "500": 0.0,
                "750": 0.0,
                "1000": 0.0
            },
            "latency_us": {
                "2": 0.0,
                "4": 0.01,
                "10": 0.016915,
                "20": 22.109457,
                "50": 77.740494,
                "100": 0.130993,
                "250": 0.01,
                "500": 0.0,
                "750": 0.0,
                "1000": 0.0
            },
            "latency_ms": {
                "2": 0.0,
                "4": 0.0,
                "10": 0.0,
                "20": 0.0,
                "50": 0.0,
                "100": 0.0,
                "250": 0.0,
                "500": 0.0,
                "750": 0.0,
                "1000": 0.0,
                "2000": 0.0,
                ">=2000": 0.0
            },
            "latency_depth": 8,
            "latency_target": 0,
            "latency_percentile": 100.0,