{
    "fio version": "fio-3.32-dirty",
    "timestamp": 1666751657,
    "timestamp_ms": 1666751657907,
    "time": "Wed Oct 26 04:34:17 2022",
    "jobs": [
        {
            "jobname": "io_uring-bdev_xnvme",
            "groupid": 0,
            "error": 0,
            "eta": 0,
            "elapsed": 11,
            "job options": {
                "name": "io_uring-bdev_xnvme",
                "rw": "randread",
                "size": "12G",
                "iodepth": "2",
                "bs": "512",
                "direct": "1",
                "thread": "1",
                "time_based": "1",
                "runtime": "7",
                "ramp_time": "3",
                "norandommap": "1",
                "allow_file_create": "0",
                "ioengine": "spdk_bdev",
                "spdk_conf": "/tmp/spdk_bdev_xnvme_io_uring.conf",
                "filename": "Nvme0n1",
                "cpus_allowed": "1"
            },
            "read": {
                "io_bytes": 949441536,
                "io_kbytes": 927189,
                "bw_bytes": 135615131,
                "bw": 132436,
                "iops": 264873.01814,
                "runtime": 7001,
                "total_ios": 1854376,
                "short_ios": 0,
                "drop_ios": 0,
                "slat_ns": {
                    "min": 1552,
                    "max": 24926,
                    "mean": 2245.204077,
                    "stddev": 687.051828,
                    "N": 1854377
                },
                "clat_ns": {
                    "min": 230,
                    "max": 103073,
                    "mean": 5066.601525,
                    "stddev": 1903.677678,
                    "N": 1854377,
                    "percentile": {
                        "1.000000": 4080,
                        "5.000000": 4128,
                        "10.000000": 4128,
                        "20.000000": 4192,
                        "30.000000": 4192,
                        "40.000000": 4256,
                        "50.000000": 5216,
                        "60.000000": 5280,
                        "70.000000": 5408,
                        "80.000000": 5472,
                        "90.000000": 5536,
                        "95.000000": 5664,
                        "99.000000": 14400,
                        "99.500000": 18304,
                        "99.900000": 22400,
                        "99.950000": 22912,
                        "99.990000": 61184
                    }
                },
                "lat_ns": {
                    "min": 5641,
                    "max": 104686,
                    "mean": 7311.805603,
                    "stddev": 1830.883007,
                    "N": 1854377
                },
                "bw_min": 132278,
                "bw_max": 133014,
                "bw_agg": 100.0,
                "bw_mean": 132478.384615,
                "bw_dev": 208.30288,
                "bw_samples": 13,
                "iops_min": 264556,
                "iops_max": 266028,
                "iops_mean": 264957.0,
                "iops_stddev": 416.682533,
                "iops_samples": 13
            },
            "write": {
                "io_bytes": 0,
                "io_kbytes": 0,
                "bw_bytes": 0,
                "bw": 0,
                "iops": 0.0,
                "runtime": 0,
                "total_ios": 0,
                "short_ios": 0,
                "drop_ios": 0,
                "slat_ns": {
                    "min": 0,
                    "max": 0,
                    "mean": 0.0,
                    "stddev": 0.0,
                    "N": 0
                },
                "clat_ns": {
                    "min": 0,
                    "max": 0,
                    "mean": 0.0,
                    "stddev": 0.0,
                    "N": 0
                },
                "lat_ns": {
                    "min": 0,
                    "max": 0,
                    "mean": 0.0,
                    "stddev": 0.0,
                    "N": 0
                },
                "bw_min": 0,
                "bw_max": 0,
                "bw_agg": 0.0,
                "bw_mean": 0.0,
                "bw_dev": 0.0,
                "bw_samples": 0,
                "iops_min": 0,
                "iops_max": 0,
                "iops_mean": 0.0,
                "iops_stddev": 0.0,
                "iops_samples": 0
            },
            "trim": {
                "io_bytes": 0,
                "io_kbytes": 0,
                "bw_bytes": 0,
                "bw": 0,
                "iops": 0.0,
                "runtime": 0,
                "total_ios": 0,
                "short_ios": 0,
                "drop_ios": 0,
                "slat_ns": {
                    "min": 0,
                    "max": 0,
                    "mean": 0.0,
                    "stddev": 0.0,
                    "N": 0
                },
                "clat_ns": {
                    "min": 0,
                    "max": 0,
                    "mean": 0.0,
                    "stddev": 0.0,
                    "N": 0
                },
                "lat_ns": {
                    "min": 0,
                    "max": 0,
                    "mean": 0.0,
                    "stddev": 0.0,
                    "N": 0
                },
                "bw_min": 0,
                "bw_max": 0,
                "bw_agg": 0.0,
                "bw_mean": 0.0,
                "bw_dev": 0.0,
                "bw_samples": 0,
                "iops_min": 0,
                "iops_max": 0,
                "iops_mean": 0.0,
                "iops_stddev": 0.0,
                "iops_samples": 0
            },
            "sync": {
                "total_ios": 0,
                "lat_ns": {
                    "min": 0,
                    "max": 0,
                    "mean": 0.0,
                    "stddev": 0.0,
                    "N": 0
                }
            },
            "job_runtime": 7000,
            "usr_cpu": 30.785714,
            "sys_cpu": 69.185714,
            "ctx": 23,
            "majf": 0,
            "minf": 0,
            "iodepth_level": {
                "1": 0.0,
                "2": 100.0,
                "4": 0.0,
                "8": 0.0,
                "16": 0.0,
                "32": 0.0,
                ">=64": 0.0
            },
            "iodepth_submit": {
                "0": 0.0,
                "4": 100.0,
                "8": 0.0,
                "16": 0.0,
                "32": 0.0,
                "64": 0.0,
                ">=64": 0.0
            },
            "iodepth_complete": {
                "0": 0.0,
                "4": 100.0,
                "8": 0.0,
                "16": 0.0,
                "32": 0.0,
                "64": 0.0,
                ">=64": 0.0
            },
            "latency_ns": {
                "2": 0.0,
                "4": 0.0,
                "10": 0.0,
                "20": 0.0,
                "50": 0.0,
                "100": 0.0,
                "250": 0.01,
                "500": 0.01,
                "750": 0.0,
                "1000": 0.0
            },
            "latency_us": {
                "2": 0.0,
                "4": 0.01731,
                "10": 97.592667,
                "20": 1.983039,
                "50": 0.384172,
                "100": 0.0206,
                "250": 0.01,
                "500": 0.0,
                "750": 0.0,
                "1000": 0.0
            },
            "latency_ms": {
                "2": 0.0,
                "4": 0.0,
                "10": 0.0,
                "20": 0.0,
                "50": 0.0,
                "100": 0.0,
                "250": 0.0,
                "500": 0.0,
                "750": 0.0,
                "1000": 0.0,
                "2000": 0.0,
                ">=2000": 0.0
            },
            "latency_depth": 2,
            "latency_target": 0,