{
    "fio version": "fio-3.32-dirty",
    "timestamp": 1666751411,
    "timestamp_ms": 1666751411748,
    "time": "Wed Oct 26 04:30:11 2022",
    "jobs": [
        {
            "jobname": "io_uring_cmd-reference",
            "groupid": 0,
            "error": 0,
            "eta": 0,
            "elapsed": 11,
            "job options": {
                "name": "io_uring_cmd-reference",
                "rw": "randread",
                "size": "12G",
                "iodepth": "2",
                "bs": "512",
                "direct": "0",
                "thread": "1",
                "time_based": "1",
                "runtime": "7",
                "ramp_time": "3",
                "norandommap": "1",
                "allow_file_create": "0",
                "ioengine": "io_uring_cmd",
                "filename": "/dev/ng0n1",
                "cpus_allowed": "1"
            },
            "read": {
                "io_bytes": 737202688,
                "io_kbytes": 719924,
                "bw_bytes": 105299626,
                "bw": 102831,
                "iops": 205663.190973,
                "runtime": 7001,
                "total_ios": 1439848,
                "short_ios": 0,
                "drop_ios": 0,
                "slat_ns": {
                    "min": 1152,
                    "max": 27401,
                    "mean": 1324.465338,
                    "stddev": 150.281294,
                    "N": 1439848
                },
                "clat_ns": {
                    "min": 80,
                    "max": 101000,
                    "mean": 8115.300295,
                    "stddev": 2223.86293,
                    "N": 1439849,
                    "percentile": {
                        "1.000000": 6048,
                        "5.000000": 6112,
                        "10.000000": 6112,
                        "20.000000": 6176,
                        "30.000000": 6240,
                        "40.000000": 6304,
                        "50.000000": 8768,
                        "60.000000": 9536,
                        "70.000000": 9536,
                        "80.000000": 9664,
                        "90.000000": 9664,
                        "95.000000": 9792,
                        "99.000000": 16512,
                        "99.500000": 17280,
                        "99.900000": 18560,
                        "99.950000": 22656,
                        "99.990000": 61184
                    }
                },
                "lat_ns": {
                    "min": 5911,
                    "max": 102202,
                    "mean": 9439.765673,
                    "stddev": 2290.846561,
                    "N": 1439849
                },
                "bw_min": 102294,
                "bw_max": 103753,
                "bw_agg": 100.0,
                "bw_mean": 102856.357143,
                "bw_dev": 489.366562,
                "bw_samples": 14,
                "iops_min": 204588,
                "iops_max": 207506,
                "iops_mean": 205712.714286,
                "iops_stddev": 978.733124,
                "iops_samples": 14
            },
            "write": {
                "io_bytes": 0,
                "io_kbytes": 0,
                "bw_bytes": 0,
                "bw": 0,
                "iops": 0.0,
                "runtime": 0,
                "total_ios": 0,
                "short_ios": 0,
                "drop_ios": 0,
                "slat_ns": {
                    "min": 0,
                    "max": 0,
                    "mean": 0.0,
                    "stddev": 0.0,
                    "N": 0
                },
                "clat_ns": {
                    "min": 0,
                    "max": 0,
                    "mean": 0.0,
                    "stddev": 0.0,
                    "N": 0
                },
                "lat_ns": {
                    "min": 0,
                    "max": 0,
                    "mean": 0.0,
                    "stddev": 0.0,
                    "N": 0
                },
                "bw_min": 0,
                "bw_max": 0,
                "bw_agg": 0.0,
                "bw_mean": 0.0,
                "bw_dev": 0.0,
                "bw_samples": 0,
                "iops_min": 0,
                "iops_max": 0,
                "iops_mean": 0.0,
                "iops_stddev": 0.0,
                "iops_samples": 0
            },
            "trim": {
                "io_bytes": 0,
                "io_kbytes": 0,
                "bw_bytes": 0,
                "bw": 0,
                "iops": 0.0,
                "runtime": 0,
                "total_ios": 0,
                "short_ios": 0,
                "drop_ios": 0,
                "slat_ns": {
                    "min": 0,
                    "max": 0,
                    "mean": 0.0,
                    "stddev": 0.0,
                    "N": 0
                },
                "clat_ns": {
                    "min": 0,
                    "max": 0,
                    "mean": 0.0,
                    "stddev": 0.0,
                    "N": 0
                },
                "lat_ns": {
                    "min": 0,
                    "max": 0,
                    "mean": 0.0,
                    "stddev": 0.0,
                    "N": 0
                },
                "bw_min": 0,
                "bw_max": 0,
                "bw_agg": 0.0,
                "bw_mean": 0.0,
                "bw_dev": 0.0,
                "bw_samples": 0,
                "iops_min": 0,
                "iops_max": 0,
                "iops_mean": 0.0,
                "iops_stddev": 0.0,
                "iops_samples": 0
            },
            "sync": {
                "total_ios": 0,
                "lat_ns": {
                    "min": 0,
                    "max": 0,
                    "mean": 0.0,
                    "stddev": 0.0,
                    "N": 0
                }
            },
            "job_runtime": 7000,
            "usr_cpu": 18.9,
            "sys_cpu": 50.014286,
            "ctx": 719850,
            "majf": 0,
            "minf": 0,
            "iodepth_level": {
                "1": 0.0,
                "2": 100.0,
                "4": 0.0,
                "8": 0.0,
                "16": 0.0,
                "32": 0.0,
                ">=64": 0.0
            },
            "iodepth_submit": {
                "0": 0.0,
                "4": 100.0,
                "8": 0.0,
                "16": 0.0,
                "32": 0.0,
                "64": 0.0,
                ">=64": 0.0
            },
            "iodepth_complete": {
                "0": 0.0,
                "4": 100.0,
                "8": 0.0,
                "16": 0.0,
                "32": 0.0,
                "64": 0.0,
                ">=64": 0.0
            },
            "latency_ns": {
                "2": 0.0,
                "4": 0.0,
                "10": 0.0,
                "20": 0.0,
                "50": 0.0,
                "100": 0.01,
                "250": 0.01,
                "500": 0.0,
                "750": 0.0,
                "1000": 0.0
            },
            "latency_us": {
                "2": 0.01,
                "4": 0.01,
                "10": 96.593182,
                "20": 3.315558,
                "50": 0.057784,
                "100": 0.023961,
                "250": 0.01,
                "500": 0.0,
                "750": 0.0,
                "1000": 0.0
            },
            "latency_ms": {
                "2": 0.0,
                "4": 0.0,
                "10": 0.0,
                "20": 0.0,
                "50": 0.0,
                "100": 0.0,
                "250": 0.0,
                "500": 0.0,
                "750": 0.0,
                "1000": 0.0,
                "2000": 0.0,
                ">=2000": 0.0
            },
            "latency_depth": 2,
            "latency_target": 0,
            "latency_percentile": 100.0,