{
    "fio version": "fio-3.32-dirty",
    "timestamp": 1666751898,
    "timestamp_ms": 1666751898959,
    "time": "Wed Oct 26 04:38:18 2022",
    "jobs": [
        {
            "jobname": "io_uring_cmd-reference",
            "groupid": 0,
            "error": 0,
            "eta": 0,
            "elapsed": 11,
            "job options": {
                "name": "io_uring_cmd-reference",
                "rw": "randread",
                "size": "12G",
                "iodepth": "4",
                "bs": "512",
                "direct": "0",
                "thread": "1",
                "time_based": "1",
                "runtime": "7",
                "ramp_time": "3",
                "norandommap": "1",
                "allow_file_create": "0",
                "ioengine": "io_uring_cmd",
                "filename": "/dev/ng0n1",
                "cpus_allowed": "1"
            },
            "read": {
                "io_bytes": 1195248640,
                "io_kbytes": 1167235,
                "bw_bytes": 170725416,
                "bw": 166724,
                "iops": 333447.507499,
                "runtime": 7001,
                "total_ios": 2334466,
                "short_ios": 0,
                "drop_ios": 0,
                "slat_ns": {
                    "min": 1142,
                    "max": 21070,
                    "mean": 2160.286033,
                    "stddev": 1053.646322,
                    "N": 2334467
                },
                "clat_ns": {
                    "min": 70,
                    "max": 172754,
                    "mean": 9375.272461,
                    "stddev": 2567.897705,
                    "N": 2334469,
                    "percentile": {
                        "1.000000": 6048,
                        "5.000000": 7584,
                        "10.000000": 8640,
                        "20.000000": 8768,
                        "30.000000": 8768,
                        "40.000000": 8768,
                        "50.000000": 8896,
                        "60.000000": 8896,
                        "70.000000": 8896,
                        "80.000000": 10048,
                        "90.000000": 10304,
                        "95.000000": 11584,
                        "99.000000": 21888,
                        "99.500000": 23936,
                        "99.900000": 28288,
                        "99.950000": 33536,
                        "99.990000": 72192
                    }
                },
                "lat_ns": {
                    "min": 5440,
                    "max": 173937,
                    "mean": 11535.557651,
                    "stddev": 2590.223019,
                    "N": 2334469
                },
                "bw_min": 166368,
                "bw_max": 167296,
                "bw_agg": 100.0,
                "bw_mean": 166781.142857,
                "bw_dev": 248.585493,
                "bw_samples": 14,
                "iops_min": 332737,
                "iops_max": 334592,
                "iops_mean": 333562.357143,
                "iops_stddev": 497.043197,
                "iops_samples": 14
            },
            "write": {
                "io_bytes": 0,
                "io_kbytes": 0,
                "bw_bytes": 0,
                "bw": 0,
                "iops": 0.0,
                "runtime": 0,
                "total_ios": 0,
                "short_ios": 0,
                "drop_ios": 0,
                "slat_ns": {
                    "min": 0,
                    "max": 0,
                    "mean": 0.0,
                    "stddev": 0.0,
                    "N": 0
                },
                "clat_ns": {
                    "min": 0,
                    "max": 0,
                    "mean": 0.0,
                    "stddev": 0.0,
                    "N": 0
                },
                "lat_ns": {
                    "min": 0,
                    "max": 0,
                    "mean": 0.0,
                    "stddev": 0.0,
                    "N": 0
                },
                "bw_min": 0,
                "bw_max": 0,
                "bw_agg": 0.0,
                "bw_mean": 0.0,
                "bw_dev": 0.0,
                "bw_samples": 0,
                "iops_min": 0,
                "iops_max": 0,
                "iops_mean": 0.0,
                "iops_stddev": 0.0,
                "iops_samples": 0
            },
            "trim": {
                "io_bytes": 0,
                "io_kbytes": 0,
                "bw_bytes": 0,
                "bw": 0,
                "iops": 0.0,
                "runtime": 0,
                "total_ios": 0,
                "short_ios": 0,
                "drop_ios": 0,
                "slat_ns": {
                    "min": 0,
                    "max": 0,
                    "mean": 0.0,
                    "stddev": 0.0,
                    "N": 0
                },
                "clat_ns": {
                    "min": 0,
                    "max": 0,
                    "mean": 0.0,
                    "stddev": 0.0,
                    "N": 0
                },
                "lat_ns": {
                    "min": 0,
                    "max": 0,
                    "mean": 0.0,
                    "stddev": 0.0,
                    "N": 0
                },
                "bw_min": 0,
                "bw_max": 0,
                "bw_agg": 0.0,
                "bw_mean": 0.0,
                "bw_dev": 0.0,
                "bw_samples": 0,
                "iops_min": 0,
                "iops_max": 0,
                "iops_mean": 0.0,
                "iops_stddev": 0.0,
                "iops_samples": 0
            },
            "sync": {
                "total_ios": 0,
                "lat_ns": {
                    "min": 0,
                    "max": 0,
                    "mean": 0.0,
                    "stddev": 0.0,
                    "N": 0
                }
            },
            "job_runtime": 7000,
            "usr_cpu": 15.0,
            "sys_cpu": 82.514286,
            "ctx": 13822,
            "majf": 0,
            "minf": 0,
            "iodepth_level": {
                "1": 0.0,
                "2": 0.0,
                "4": 100.0,
                "8": 0.0,
                "16": 0.0,
                "32": 0.0,
                ">=64": 0.0
            },
            "iodepth_submit": {
                "0": 0.0,
                "4": 100.0,
                "8": 0.0,
                "16": 0.0,
                "32": 0.0,
                "64": 0.0,
                ">=64": 0.0
            },
            "iodepth_complete": {
                "0": 0.0,
                "4": 100.0,
                "8": 0.0,
                "16": 0.0,
                "32": 0.0,
                "64": 0.0,
                ">=64": 0.0
            },
            "latency_ns": {
                "2": 0.0,
                "4": 0.0,
                "10": 0.0,
                "20": 0.0,
                "50": 0.0,
                "100": 0.012894,
                "250": 0.01,
                "500": 0.0,
                "750": 0.0,
                "1000": 0.0
            },
            "latency_us": {
                "2": 0.01,
                "4": 0.289659,
                "10": 79.779187,
                "20": 18.447945,
                "50": 1.422681,
                "100": 0.036282,
                "250": 0.01,
                "500": 0.0,
                "750": 0.0,
                "1000": 0.0
            },
            "latency_ms": {
                "2": 0.0,
                "4": 0.0,
                "10": 0.0,
                "20": 0.0,
                "50": 0.0,
                "100": 0.0,
                "250": 0.0,
                "500": 0.0,
                "750": 0.0,
                "1000": 0.0,
                "2000": 0.0,
                ">=2000": 0.0
            },
            "latency_depth": 4,
            "latency_target": 0,
            "latency_percentile": 100.0,