{
    "fio version": "fio-3.32-dirty",
    "timestamp": 1666752303,
    "timestamp_ms": 1666752303292,
    "time": "Wed Oct 26 04:45:03 2022",
    "jobs": [
        {
            "jobname": "libaio-bdev_xnvme",
            "groupid": 0,
            "error": 0,
            "eta": 0,
            "elapsed": 11,
            "job options": {
                "name": "libaio-bdev_xnvme",
                "rw": "randread",
                "size": "12G",
                "iodepth": "4",
                "bs": "512",
                "direct": "1",
                "thread": "1",
                "time_based": "1",
                "runtime": "7",
                "ramp_time": "3",
                "norandommap": "1",
                "allow_file_create": "0",
                "ioengine": "spdk_bdev",
                "spdk_conf": "/tmp/spdk_bdev_xnvme_libaio.conf",
                "filename": "Nvme0n1",
                "cpus_allowed": "1"
            },
            "read": {
                "io_bytes": 1011238912,
                "io_kbytes": 987538,
                "bw_bytes": 144442067,
                "bw": 141056,
                "iops": 282112.841023,
                "runtime": 7001,
                "total_ios": 1975072,
                "short_ios": 0,
                "drop_ios": 0,
                "slat_ns": {
                    "min": 1613,
                    "max": 61526,
                    "mean": 2852.995997,
                    "stddev": 1262.832611,
                    "N": 1975073
                },
                "clat_ns": {
                    "min": 631,
                    "max": 118362,
                    "mean": 8518.367863,
                    "stddev": 2664.843579,
                    "N": 1975072,
                    "percentile": {
                        "1.000000": 4832,
                        "5.000000": 4960,
                        "10.000000": 5088,
                        "20.000000": 6880,
                        "30.000000": 7456,
                        "40.000000": 7584,
                        "50.000000": 7712,
                        "60.000000": 9280,
                        "70.000000": 9408,
                        "80.000000": 9536,
                        "90.000000": 10944,
                        "95.000000": 12224,
                        "99.000000": 18304,
                        "99.500000": 20864,
                        "99.900000": 24960,
                        "99.950000": 30592,
                        "99.990000": 62208
                    }
                },
                "lat_ns": {
                    "min": 6021,
                    "max": 120075,
                    "mean": 11371.363823,
                    "stddev": 3297.605,
                    "N": 1975072
                },
                "bw_min": 140440,
                "bw_max": 142061,
                "bw_agg": 100.0,
                "bw_mean": 141095.714286,
                "bw_dev": 440.312377,
                "bw_samples": 14,
                "iops_min": 280880,
                "iops_max": 284122,
                "iops_mean": 282191.428571,
                "iops_stddev": 880.624753,
                "iops_samples": 14
            },
            "write": {
                "io_bytes": 0,
                "io_kbytes": 0,
                "bw_bytes": 0,
                "bw": 0,
                "iops": 0.0,
                "runtime": 0,
                "total_ios": 0,
                "short_ios": 0,
                "drop_ios": 0,
                "slat_ns": {
                    "min": 0,
                    "max": 0,
                    "mean": 0.0,
                    "stddev": 0.0,
                    "N": 0
                },
                "clat_ns": {
                    "min": 0,
                    "max": 0,
                    "mean": 0.0,
                    "stddev": 0.0,
                    "N": 0
                },
                "lat_ns": {
                    "min": 0,
                    "max": 0,
                    "mean": 0.0,
                    "stddev": 0.0,
                    "N": 0
                },
                "bw_min": 0,
                "bw_max": 0,
                "bw_agg": 0.0,
                "bw_mean": 0.0,
                "bw_dev": 0.0,
                "bw_samples": 0,
                "iops_min": 0,
                "iops_max": 0,
                "iops_mean": 0.0,
                "iops_stddev": 0.0,
                "iops_samples": 0
            },
            "trim": {
                "io_bytes": 0,
                "io_kbytes": 0,
                "bw_bytes": 0,
                "bw": 0,
                "iops": 0.0,
                "runtime": 0,
                "total_ios": 0,
                "short_ios": 0,
                "drop_ios": 0,
                "slat_ns": {
                    "min": 0,
                    "max": 0,
                    "mean": 0.0,
                    "stddev": 0.0,
                    "N": 0
                },
                "clat_ns": {
                    "min": 0,
                    "max": 0,
                    "mean": 0.0,
                    "stddev": 0.0,
                    "N": 0
                },
                "lat_ns": {
                    "min": 0,
                    "max": 0,
                    "mean": 0.0,
                    "stddev": 0.0,
                    "N": 0
                },
                "bw_min": 0,
                "bw_max": 0,
                "bw_agg": 0.0,
                "bw_mean": 0.0,
                "bw_dev": 0.0,
                "bw_samples": 0,
                "iops_min": 0,
                "iops_max": 0,
                "iops_mean": 0.0,
                "iops_stddev": 0.0,
                "iops_samples": 0
            },
            "sync": {
                "total_ios": 0,
                "lat_ns": {
                    "min": 0,
                    "max": 0,
                    "mean": 0.0,
                    "stddev": 0.0,
                    "N": 0
                }
            },
            "job_runtime": 7000,
            "usr_cpu": 43.471429,
            "sys_cpu": 56.5,
            "ctx": 20,
            "majf": 0,
            "minf": 0,
            "iodepth_level": {
                "1": 0.861437,
                "2": 55.847635,
                "4": 43.290928,
                "8": 0.0,
                "16": 0.0,
                "32": 0.0,
                ">=64": 0.0
            },
            "iodepth_submit": {
                "0": 0.0,
                "4": 100.0,
                "8": 0.0,
                "16": 0.0,
                "32": 0.0,
                "64": 0.0,
                ">=64": 0.0
            },
            "iodepth_complete": {
                "0": 0.0,
                "4": 100.0,
                "8": 0.0,
                "16": 0.0,
                "32": 0.0,
                "64": 0.0,
                ">=64": 0.0
            },
            "latency_ns": {
                "2": 0.0,
                "4": 0.0,
                "10": 0.0,
                "20": 0.0,
                "50": 0.0,
                "100": 0.0,
                "250": 0.0,
                "500": 0.0,
                "750": 0.05215,
                "1000": 0.01
            },
            "latency_us": {
                "2": 0.018075,
                "4": 0.862348,
                "10": 82.898092,
                "20": 15.549256,
                "50": 0.580789,
                "100": 0.035391,
                "250": 0.01,
                "500": 0.0,
                "750": 0.0,
                "1000": 0.0
            },
            "latency_ms": {
                "2": 0.0,
                "4": 0.0,
                "10": 0.0,
                "20": 0.0,
                "50": 0.0,
                "100": 0.0,
                "250": 0.0,
                "500": 0.0,
                "750": 0.0,
                "1000": 0.0,
                "2000": 0.0,
                ">=2000": 0.0
            },
            "latency_depth": 4,