{
    "fio version": "fio-3.32-dirty",
    "timestamp": 1666752069,
    "timestamp_ms": 1666752069718,
    "time": "Wed Oct 26 04:41:09 2022",
    "jobs": [
        {
            "jobname": "io_uring-bdev_uring",
            "groupid": 0,
            "error": 0,
            "eta": 0,
            "elapsed": 11,
            "job options": {
                "name": "io_uring-bdev_uring",
                "rw": "randread",
                "size": "12G",
                "iodepth": "4",
                "bs": "512",
                "direct": "1",
                "thread": "1",
                "time_based": "1",
                "runtime": "7",
                "ramp_time": "3",
                "norandommap": "1",
                "allow_file_create": "0",
                "ioengine": "spdk_bdev",
                "spdk_conf": "/tmp/spdk_bdev_uring_foo.conf",
                "filename": "Nvme0n1",
                "cpus_allowed": "1"
            },
            "read": {
                "io_bytes": 1013155328,
                "io_kbytes": 989409,
                "bw_bytes": 144715801,
                "bw": 141324,
                "iops": 282647.621768,
                "runtime": 7001,
                "total_ios": 1978816,
                "short_ios": 0,
                "drop_ios": 0,
                "slat_ns": {
                    "min": 110,
                    "max": 12503,
                    "mean": 142.496506,
                    "stddev": 47.180392,
                    "N": 1978816
                },
                "clat_ns": {
                    "min": 11873,
                    "max": 117370,
                    "mean": 13154.827341,
                    "stddev": 1841.054914,
                    "N": 1978816,
                    "percentile": {
                        "1.000000": 12224,
                        "5.000000": 12352,
                        "10.000000": 12352,
                        "20.000000": 12608,
                        "30.000000": 12608,
                        "40.000000": 12736,
                        "50.000000": 12864,
                        "60.000000": 12992,
                        "70.000000": 13120,
                        "80.000000": 13248,
                        "90.000000": 13376,
                        "95.000000": 13888,
                        "99.000000": 22912,
                        "99.500000": 23936,
                        "99.900000": 29568,
                        "99.950000": 35072,
                        "99.990000": 66048
                    }
                },
                "lat_ns": {
                    "min": 11993,
                    "max": 117570,
                    "mean": 13297.323847,
                    "stddev": 1846.116285,
                    "N": 1978816
                },
                "bw_min": 141129,
                "bw_max": 141560,
                "bw_agg": 100.0,
                "bw_mean": 141360.928571,
                "bw_dev": 153.096483,
                "bw_samples": 14,
                "iops_min": 282256,
                "iops_max": 283120,
                "iops_mean": 282722.0,
                "iops_stddev": 306.117122,
                "iops_samples": 14
            },
            "write": {
                "io_bytes": 0,
                "io_kbytes": 0,
                "bw_bytes": 0,
                "bw": 0,
                "iops": 0.0,
                "runtime": 0,
                "total_ios": 0,
                "short_ios": 0,
                "drop_ios": 0,
                "slat_ns": {
                    "min": 0,
                    "max": 0,
                    "mean": 0.0,
                    "stddev": 0.0,
                    "N": 0
                },
                "clat_ns": {
                    "min": 0,
                    "max": 0,
                    "mean": 0.0,
                    "stddev": 0.0,
                    "N": 0
                },
                "lat_ns": {
                    "min": 0,
                    "max": 0,
                    "mean": 0.0,
                    "stddev": 0.0,
                    "N": 0
                },
                "bw_min": 0,
                "bw_max": 0,
                "bw_agg": 0.0,
                "bw_mean": 0.0,
                "bw_dev": 0.0,
                "bw_samples": 0,
                "iops_min": 0,
                "iops_max": 0,
                "iops_mean": 0.0,
                "iops_stddev": 0.0,
                "iops_samples": 0
            },
            "trim": {
                "io_bytes": 0,
                "io_kbytes": 0,
                "bw_bytes": 0,
                "bw": 0,
                "iops": 0.0,
                "runtime": 0,
                "total_ios": 0,
                "short_ios": 0,
                "drop_ios": 0,
                "slat_ns": {
                    "min": 0,
                    "max": 0,
                    "mean": 0.0,
                    "stddev": 0.0,
                    "N": 0
                },
                "clat_ns": {
                    "min": 0,
                    "max": 0,
                    "mean": 0.0,
                    "stddev": 0.0,
                    "N": 0
                },
                "lat_ns": {
                    "min": 0,
                    "max": 0,
                    "mean": 0.0,
                    "stddev": 0.0,
                    "N": 0
                },
                "bw_min": 0,
                "bw_max": 0,
                "bw_agg": 0.0,
                "bw_mean": 0.0,
                "bw_dev": 0.0,
                "bw_samples": 0,
                "iops_min": 0,
                "iops_max": 0,
                "iops_mean": 0.0,
                "iops_stddev": 0.0,
                "iops_samples": 0
            },
            "sync": {
                "total_ios": 0,
                "lat_ns": {
                    "min": 0,
                    "max": 0,
                    "mean": 0.0,
                    "stddev": 0.0,
                    "N": 0
                }
            },
            "job_runtime": 7000,
            "usr_cpu": 41.242857,
            "sys_cpu": 58.728571,
            "ctx": 20,
            "majf": 0,
            "minf": 0,
            "iodepth_level": {
                "1": 25.0,
                "2": 50.0,
                "4": 25.0,
                "8": 0.0,
                "16": 0.0,
                "32": 0.0,
                ">=64": 0.0
            },
            "iodepth_submit": {
                "0": 0.0,
                "4": 100.0,
                "8": 0.0,
                "16": 0.0,
                "32": 0.0,
                "64": 0.0,
                ">=64": 0.0
            },
            "iodepth_complete": {
                "0": 0.0,
                "4": 100.0,
                "8": 0.0,
                "16": 0.0,
                "32": 0.0,
                "64": 0.0,
                ">=64": 0.0
            },
            "latency_ns": {
                "2": 0.0,
                "4": 0.0,
                "10": 0.0,
                "20": 0.0,
                "50": 0.0,
                "100": 0.0,
                "250": 0.0,
                "500": 0.0,
                "750": 0.0,
                "1000": 0.0
            },
            "latency_us": {
                "2": 0.0,
                "4": 0.0,
                "10": 0.0,
                "20": 98.7302,
                "50": 1.228361,
                "100": 0.041237,
                "250": 0.01,
                "500": 0.0,
                "750": 0.0,
                "1000": 0.0
            },
            "latency_ms": {
                "2": 0.0,
                "4": 0.0,
                "10": 0.0,
                "20": 0.0,
                "50": 0.0,
                "100": 0.0,
                "250": 0.0,
                "500": 0.0,
                "750": 0.0,
                "1000": 0.0,
                "2000": 0.0,
                ">=2000": 0.0
            },
            "latency_depth": 4,
            "latency_target": 0,