{
    "fio version": "fio-3.32-dirty",
    "timestamp": 1666752185,
    "timestamp_ms": 1666752185221,
    "time": "Wed Oct 26 04:43:05 2022",
    "jobs": [
        {
            "jobname": "libaio-reference",
            "groupid": 0,
            "error": 0,
            "eta": 0,
            "elapsed": 11,
            "job options": {
                "name": "libaio-reference",
                "rw": "randread",
                "size": "12G",
                "iodepth": "4",
                "bs": "512",
                "direct": "1",
                "thread": "1",
                "time_based": "1",
                "runtime": "7",
                "ramp_time": "3",
                "norandommap": "1",
                "allow_file_create": "0",
                "ioengine": "libaio",
                "filename": "/dev/nvme0n1",
                "cpus_allowed": "1"
            },
            "read": {
                "io_bytes": 1041431040,
                "io_kbytes": 1017022,
                "bw_bytes": 148754612,
                "bw": 145268,
                "iops": 290535.780603,
                "runtime": 7001,
                "total_ios": 2034041,
                "short_ios": 0,
                "drop_ios": 0,
                "slat_ns": {
                    "min": 1403,
                    "max": 42539,
                    "mean": 2718.299399,
                    "stddev": 1303.395648,
                    "N": 2034042
                },
                "clat_ns": {
                    "min": 4479,
                    "max": 124985,
                    "mean": 10812.651804,
                    "stddev": 2728.741015,
                    "N": 2034044,
                    "percentile": {
                        "1.000000": 9024,
                        "5.000000": 9024,
                        "10.000000": 9024,
                        "20.000000": 9152,
                        "30.000000": 9280,
                        "40.000000": 10304,
                        "50.000000": 10432,
                        "60.000000": 10560,
                        "70.000000": 11584,
                        "80.000000": 11712,
                        "90.000000": 11840,
                        "95.000000": 12096,
                        "99.000000": 23680,
                        "99.500000": 28800,
                        "99.900000": 35072,
                        "99.950000": 40704,
                        "99.990000": 72192
                    }
                },
                "lat_ns": {
                    "min": 8055,
                    "max": 129283,
                    "mean": 13530.950614,
                    "stddev": 2627.157009,
                    "N": 2034044
                },
                "bw_min": 144981,
                "bw_max": 145561,
                "bw_agg": 100.0,
                "bw_mean": 145329.0,
                "bw_dev": 165.697593,
                "bw_samples": 14,
                "iops_min": 289962,
                "iops_max": 291122,
                "iops_mean": 290658.071429,
                "iops_stddev": 331.438465,
                "iops_samples": 14
            },
            "write": {
                "io_bytes": 0,
                "io_kbytes": 0,
                "bw_bytes": 0,
                "bw": 0,
                "iops": 0.0,
                "runtime": 0,
                "total_ios": 0,
                "short_ios": 0,
                "drop_ios": 0,
                "slat_ns": {
                    "min": 0,
                    "max": 0,
                    "mean": 0.0,
                    "stddev": 0.0,
                    "N": 0
                },
                "clat_ns": {
                    "min": 0,
                    "max": 0,
                    "mean": 0.0,
                    "stddev": 0.0,
                    "N": 0
                },
                "lat_ns": {
                    "min": 0,
                    "max": 0,
                    "mean": 0.0,
                    "stddev": 0.0,
                    "N": 0
                },
                "bw_min": 0,
                "bw_max": 0,
                "bw_agg": 0.0,
                "bw_mean": 0.0,
                "bw_dev": 0.0,
                "bw_samples": 0,
                "iops_min": 0,
                "iops_max": 0,
                "iops_mean": 0.0,
                "iops_stddev": 0.0,
                "iops_samples": 0
            },
            "trim": {
                "io_bytes": 0,
                "io_kbytes": 0,
                "bw_bytes": 0,
                "bw": 0,
                "iops": 0.0,
                "runtime": 0,
                "total_ios": 0,
                "short_ios": 0,
                "drop_ios": 0,
                "slat_ns": {
                    "min": 0,
                    "max": 0,
                    "mean": 0.0,
                    "stddev": 0.0,
                    "N": 0
                },
                "clat_ns": {
                    "min": 0,
                    "max": 0,
                    "mean": 0.0,
                    "stddev": 0.0,
                    "N": 0
                },
                "lat_ns": {
                    "min": 0,
                    "max": 0,
                    "mean": 0.0,
                    "stddev": 0.0,
                    "N": 0
                },
                "bw_min": 0,
                "bw_max": 0,
                "bw_agg": 0.0,
                "bw_mean": 0.0,
                "bw_dev": 0.0,
                "bw_samples": 0,
                "iops_min": 0,
                "iops_max": 0,
                "iops_mean": 0.0,
                "iops_stddev": 0.0,
                "iops_samples": 0
            },
            "sync": {
                "total_ios": 0,
                "lat_ns": {
                    "min": 0,
                    "max": 0,
                    "mean": 0.0,
                    "stddev": 0.0,
                    "N": 0
                }
            },
            "job_runtime": 7000,
            "usr_cpu": 34.8,
            "sys_cpu": 63.071429,
            "ctx": 12160,
            "majf": 0,
            "minf": 0,
            "iodepth_level": {
                "1": 0.0,
                "2": 0.0,
                "4": 100.0,
                "8": 0.0,
                "16": 0.0,
                "32": 0.0,
                ">=64": 0.0
            },
            "iodepth_submit": {
                "0": 0.0,
                "4": 100.0,
                "8": 0.0,
                "16": 0.0,
                "32": 0.0,
                "64": 0.0,
                ">=64": 0.0
            },
            "iodepth_complete": {
                "0": 0.0,
                "4": 100.0,
                "8": 0.0,
                "16": 0.0,
                "32": 0.0,
                "64": 0.0,
                ">=64": 0.0
            },
            "latency_ns": {
                "2": 0.0,
                "4": 0.0,
                "10": 0.0,
                "20": 0.0,
                "50": 0.0,
                "100": 0.0,
                "250": 0.0,
                "500": 0.0,
                "750": 0.0,
                "1000": 0.0
            },
            "latency_us": {
                "2": 0.0,
                "4": 0.0,
                "10": 32.978195,
                "20": 65.542287,
                "50": 1.43532,
                "100": 0.043804,
                "250": 0.01,
                "500": 0.0,
                "750": 0.0,
                "1000": 0.0
            },
            "latency_ms": {
                "2": 0.0,
                "4": 0.0,
                "10": 0.0,
                "20": 0.0,
                "50": 0.0,
                "100": 0.0,
                "250": 0.0,
                "500": 0.0,
                "750": 0.0,
                "1000": 0.0,
                "2000": 0.0,
                ">=2000": 0.0
            },
            "latency_depth": 4,
            "latency_target": 0,
            "latency_percentile": 100.0,