{
    "fio version": "fio-3.32-dirty",
    "timestamp": 1666752441,
    "timestamp_ms": 1666752441259,
    "time": "Wed Oct 26 04:47:21 2022",
    "jobs": [
        {
            "jobname": "io_uring_cmd-bdev_xnvme",
            "groupid": 0,
            "error": 0,
            "eta": 0,
            "elapsed": 11,
            "job options": {
                "name": "io_uring_cmd-bdev_xnvme",
                "rw": "randread",
                "size": "12G",
                "iodepth": "8",
                "bs": "512",
                "direct": "0",
                "thread": "1",
                "time_based": "1",
                "runtime": "7",
                "ramp_time": "3",
                "norandommap": "1",
                "allow_file_create": "0",
                "ioengine": "spdk_bdev",
                "spdk_conf": "/tmp/spdk_bdev_xnvme_io_uring_cmd.conf",
                "filename": "Nvme0n1",
                "cpus_allowed": "1"
            },
            "read": {
                "io_bytes": 2276859392,
                "io_kbytes": 2223495,
                "bw_bytes": 325219167,
                "bw": 317596,
                "iops": 635192.543922,
                "runtime": 7001,
                "total_ios": 4446983,
                "short_ios": 0,
                "drop_ios": 0,
                "slat_ns": {
                    "min": 190,
                    "max": 30808,
                    "mean": 266.992913,
                    "stddev": 64.891956,
                    "N": 4446984
                },
                "clat_ns": {
                    "min": 441,
                    "max": 133430,
                    "mean": 11928.421873,
                    "stddev": 4431.847865,
                    "N": 4446983,
                    "percentile": {
                        "1.000000": 7008,
                        "5.000000": 7904,
                        "10.000000": 8512,
                        "20.000000": 9536,
                        "30.000000": 10048,
                        "40.000000": 10560,
                        "50.000000": 10944,
                        "60.000000": 11584,
                        "70.000000": 12224,
                        "80.000000": 13120,
                        "90.000000": 14784,
                        "95.000000": 19840,
                        "99.000000": 31104,
                        "99.500000": 34560,
                        "99.900000": 47872,
                        "99.950000": 65280,
                        "99.990000": 79360
                    }
                },
                "lat_ns": {
                    "min": 5991,
                    "max": 133711,
                    "mean": 12195.414785,
                    "stddev": 4429.86574,
                    "N": 4446983
                },
                "bw_min": 317209,
                "bw_max": 318994,
                "bw_agg": 100.0,
                "bw_mean": 317838.615385,
                "bw_dev": 507.818461,
                "bw_samples": 13,
                "iops_min": 634418,
                "iops_max": 637988,
                "iops_mean": 635677.538462,
                "iops_stddev": 1015.420079,
                "iops_samples": 13
            },
            "write": {
                "io_bytes": 0,
                "io_kbytes": 0,
                "bw_bytes": 0,
                "bw": 0,
                "iops": 0.0,
                "runtime": 0,
                "total_ios": 0,
                "short_ios": 0,
                "drop_ios": 0,
                "slat_ns": {
                    "min": 0,
                    "max": 0,
                    "mean": 0.0,
                    "stddev": 0.0,
                    "N": 0
                },
                "clat_ns": {
                    "min": 0,
                    "max": 0,
                    "mean": 0.0,
                    "stddev": 0.0,
                    "N": 0
                },
                "lat_ns": {
                    "min": 0,
                    "max": 0,
                    "mean": 0.0,
                    "stddev": 0.0,
                    "N": 0
                },
                "bw_min": 0,
                "bw_max": 0,
                "bw_agg": 0.0,
                "bw_mean": 0.0,
                "bw_dev": 0.0,
                "bw_samples": 0,
                "iops_min": 0,
                "iops_max": 0,
                "iops_mean": 0.0,
                "iops_stddev": 0.0,
                "iops_samples": 0
            },
            "trim": {
                "io_bytes": 0,
                "io_kbytes": 0,
                "bw_bytes": 0,
                "bw": 0,
                "iops": 0.0,
                "runtime": 0,
                "total_ios": 0,
                "short_ios": 0,
                "drop_ios": 0,
                "slat_ns": {
                    "min": 0,
                    "max": 0,
                    "mean": 0.0,
                    "stddev": 0.0,
                    "N": 0
                },
                "clat_ns": {
                    "min": 0,
                    "max": 0,
                    "mean": 0.0,
                    "stddev": 0.0,
                    "N": 0
                },
                "lat_ns": {
                    "min": 0,
                    "max": 0,
                    "mean": 0.0,
                    "stddev": 0.0,
                    "N": 0
                },
                "bw_min": 0,
                "bw_max": 0,
                "bw_agg": 0.0,
                "bw_mean": 0.0,
                "bw_dev": 0.0,
                "bw_samples": 0,
                "iops_min": 0,
                "iops_max": 0,
                "iops_mean": 0.0,
                "iops_stddev": 0.0,
                "iops_samples": 0
            },
            "sync": {
                "total_ios": 0,
                "lat_ns": {
                    "min": 0,
                    "max": 0,
                    "mean": 0.0,
                    "stddev": 0.0,
                    "N": 0
                }
            },
            "job_runtime": 7000,
            "usr_cpu": 99.985714,
            "sys_cpu": 0.0,
            "ctx": 22,
            "majf": 0,
            "minf": 0,
            "iodepth_level": {
                "1": 0.1,
                "2": 0.1,
                "4": 24.005084,
                "8": 75.986191,
                "16": 0.0,
                "32": 0.0,
                ">=64": 0.0
            },
            "iodepth_submit": {
                "0": 0.0,
                "4": 100.0,
                "8": 0.0,
                "16": 0.0,
                "32": 0.0,
                "64": 0.0,
                ">=64": 0.0
            },
            "iodepth_complete": {
                "0": 0.0,
                "4": 99.992103,
                "8": 0.1,
                "16": 0.0,
                "32": 0.0,
                "64": 0.0,
                ">=64": 0.0
            },
            "latency_ns": {
                "2": 0.0,
                "4": 0.0,
                "10": 0.0,
                "20": 0.0,
                "50": 0.0,
                "100": 0.0,
                "250": 0.0,
                "500": 0.01,
                "750": 0.0,
                "1000": 0.0
            },
            "latency_us": {
                "2": 0.01,
                "4": 0.01,
                "10": 28.089853,
                "20": 66.951931,
                "50": 4.864332,
                "100": 0.091613,
                "250": 0.01,
                "500": 0.0,
                "750": 0.0,
                "1000": 0.0
            },
            "latency_ms": {
                "2": 0.0,
                "4": 0.0,
                "10": 0.0,
                "20": 0.0,
                "50": 0.0,
                "100": 0.0,
                "250": 0.0,
                "500": 0.0,
                "750": 0.0,
                "1000": 0.0,
                "2000": 0.0,
                ">=2000": 0.0
            },
            "latency_depth": 8,