{
    "fio version": "fio-3.32-dirty",
    "timestamp": 1666752012,
    "timestamp_ms": 1666752012376,
    "time": "Wed Oct 26 04:40:12 2022",
    "jobs": [
        {
            "jobname": "io_uring-reference",
            "groupid": 0,
            "error": 0,
            "eta": 0,
            "elapsed": 11,
            "job options": {
                "name": "io_uring-reference",
                "rw": "randread",
                "size": "12G",
                "iodepth": "4",
                "bs": "512",
                "direct": "1",
                "thread": "1",
                "time_based": "1",
                "runtime": "7",
                "ramp_time": "3",
                "norandommap": "1",
                "allow_file_create": "0",
                "ioengine": "io_uring",
                "filename": "/dev/nvme0n1",
                "cpus_allowed": "1"
            },
            "read": {
                "io_bytes": 1110281216,
                "io_kbytes": 1084259,
                "bw_bytes": 158588946,
                "bw": 154872,
                "iops": 309743.465219,
                "runtime": 7001,
                "total_ios": 2168514,
                "short_ios": 0,
                "drop_ios": 0,
                "slat_ns": {
                    "min": 1292,
                    "max": 24085,
                    "mean": 2504.110085,
                    "stddev": 952.888239,
                    "N": 2168515
                },
                "clat_ns": {
                    "min": 80,
                    "max": 198122,
                    "mean": 10032.524192,
                    "stddev": 2637.425346,
                    "N": 2168517,
                    "percentile": {
                        "1.000000": 7520,
                        "5.000000": 8032,
                        "10.000000": 9280,
                        "20.000000": 9408,
                        "30.000000": 9408,
                        "40.000000": 9408,
                        "50.000000": 9536,
                        "60.000000": 9536,
                        "70.000000": 9664,
                        "80.000000": 10688,
                        "90.000000": 11072,
                        "95.000000": 11328,
                        "99.000000": 23168,
                        "99.500000": 24960,
                        "99.900000": 29312,
                        "99.950000": 34560,
                        "99.990000": 73216
                    }
                },
                "lat_ns": {
                    "min": 5731,
                    "max": 199454,
                    "mean": 12536.634481,
                    "stddev": 2666.909686,
                    "N": 2168517
                },
                "bw_min": 154763,
                "bw_max": 155474,
                "bw_agg": 100.0,
                "bw_mean": 154943.461538,
                "bw_dev": 227.947953,
                "bw_samples": 13,
                "iops_min": 309526,
                "iops_max": 310949,
                "iops_mean": 309887.0,
                "iops_stddev": 456.089903,
                "iops_samples": 13
            },
            "write": {
                "io_bytes": 0,
                "io_kbytes": 0,
                "bw_bytes": 0,
                "bw": 0,
                "iops": 0.0,
                "runtime": 0,
                "total_ios": 0,
                "short_ios": 0,
                "drop_ios": 0,
                "slat_ns": {
                    "min": 0,
                    "max": 0,
                    "mean": 0.0,
                    "stddev": 0.0,
                    "N": 0
                },
                "clat_ns": {
                    "min": 0,
                    "max": 0,
                    "mean": 0.0,
                    "stddev": 0.0,
                    "N": 0
                },
                "lat_ns": {
                    "min": 0,
                    "max": 0,
                    "mean": 0.0,
                    "stddev": 0.0,
                    "N": 0
                },
                "bw_min": 0,
                "bw_max": 0,
                "bw_agg": 0.0,
                "bw_mean": 0.0,
                "bw_dev": 0.0,
                "bw_samples": 0,
                "iops_min": 0,
                "iops_max": 0,
                "iops_mean": 0.0,
                "iops_stddev": 0.0,
                "iops_samples": 0
            },
            "trim": {
                "io_bytes": 0,
                "io_kbytes": 0,
                "bw_bytes": 0,
                "bw": 0,
                "iops": 0.0,
                "runtime": 0,
                "total_ios": 0,
                "short_ios": 0,
                "drop_ios": 0,
                "slat_ns": {
                    "min": 0,
                    "max": 0,
                    "mean": 0.0,
                    "stddev": 0.0,
                    "N": 0
                },
                "clat_ns": {
                    "min": 0,
                    "max": 0,
                    "mean": 0.0,
                    "stddev": 0.0,
                    "N": 0
                },
                "lat_ns": {
                    "min": 0,
                    "max": 0,
                    "mean": 0.0,
                    "stddev": 0.0,
                    "N": 0
                },
                "bw_min": 0,
                "bw_max": 0,
                "bw_agg": 0.0,
                "bw_mean": 0.0,
                "bw_dev": 0.0,
                "bw_samples": 0,
                "iops_min": 0,
                "iops_max": 0,
                "iops_mean": 0.0,
                "iops_stddev": 0.0,
                "iops_samples": 0
            },
            "sync": {
                "total_ios": 0,
                "lat_ns": {
                    "min": 0,
                    "max": 0,
                    "mean": 0.0,
                    "stddev": 0.0,
                    "N": 0
                }
            },
            "job_runtime": 7000,
            "usr_cpu": 14.742857,
            "sys_cpu": 82.9,
            "ctx": 12590,
            "majf": 0,
            "minf": 0,
            "iodepth_level": {
                "1": 0.0,
                "2": 0.0,
                "4": 100.0,
                "8": 0.0,
                "16": 0.0,
                "32": 0.0,
                ">=64": 0.0
            },
            "iodepth_submit": {
                "0": 0.0,
                "4": 100.0,
                "8": 0.0,
                "16": 0.0,
                "32": 0.0,
                "64": 0.0,
                ">=64": 0.0
            },
            "iodepth_complete": {
                "0": 0.0,
                "4": 100.0,
                "8": 0.0,
                "16": 0.0,
                "32": 0.0,
                "64": 0.0,
                ">=64": 0.0
            },
            "latency_ns": {
                "2": 0.0,
                "4": 0.0,
                "10": 0.0,
                "20": 0.0,
                "50": 0.0,
                "100": 0.01,
                "250": 0.01,
                "500": 0.0,
                "750": 0.0,
                "1000": 0.0
            },
            "latency_us": {
                "2": 0.01,
                "4": 0.086188,
                "10": 78.649711,
                "20": 19.549194,
                "50": 1.657863,
                "100": 0.040166,
                "250": 0.01,
                "500": 0.0,
                "750": 0.0,
                "1000": 0.0
            },
            "latency_ms": {
                "2": 0.0,
                "4": 0.0,
                "10": 0.0,
                "20": 0.0,
                "50": 0.0,
                "100": 0.0,
                "250": 0.0,
                "500": 0.0,
                "750": 0.0,
                "1000": 0.0,
                "2000": 0.0,
                ">=2000": 0.0
            },
            "latency_depth": 4,
            "latency_target": 0,
            "latency_percentile": 100.0,