{
    "fio version": "fio-3.32-dirty",
    "timestamp": 1666751726,
    "timestamp_ms": 1666751726267,
    "time": "Wed Oct 26 04:35:26 2022",
    "jobs": [
        {
            "jobname": "libaio-reference",
            "groupid": 0,
            "error": 0,
            "eta": 0,
            "elapsed": 11,
            "job options": {
                "name": "libaio-reference",
                "rw": "randread",
                "size": "12G",
                "iodepth": "2",
                "bs": "512",
                "direct": "1",
                "thread": "1",
                "time_based": "1",
                "runtime": "7",
                "ramp_time": "3",
                "norandommap": "1",
                "allow_file_create": "0",
                "ioengine": "libaio",
                "filename": "/dev/nvme0n1",
                "cpus_allowed": "1"
            },
            "read": {
                "io_bytes": 770420224,
                "io_kbytes": 752363,
                "bw_bytes": 110044311,
                "bw": 107465,
                "iops": 214930.009999,
                "runtime": 7001,
                "total_ios": 1504725,
                "short_ios": 0,
                "drop_ios": 0,
                "slat_ns": {
                    "min": 1412,
                    "max": 15820,
                    "mean": 1557.443289,
                    "stddev": 138.168896,
                    "N": 1504726
                },
                "clat_ns": {
                    "min": 400,
                    "max": 123452,
                    "mean": 7487.520184,
                    "stddev": 1736.521261,
                    "N": 1504726,
                    "percentile": {
                        "1.000000": 6944,
                        "5.000000": 7008,
                        "10.000000": 7008,
                        "20.000000": 7072,
                        "30.000000": 7136,
                        "40.000000": 7200,
                        "50.000000": 7264,
                        "60.000000": 7264,
                        "70.000000": 7328,
                        "80.000000": 7392,
                        "90.000000": 7456,
                        "95.000000": 7712,
                        "99.000000": 15680,
                        "99.500000": 19328,
                        "99.900000": 20608,
                        "99.950000": 24448,
                        "99.990000": 64256
                    }
                },
                "lat_ns": {
                    "min": 5961,
                    "max": 125115,
                    "mean": 9044.963474,
                    "stddev": 1739.023859,
                    "N": 1504726
                },
                "bw_min": 107304,
                "bw_max": 107838,
                "bw_agg": 100.0,
                "bw_mean": 107519.384615,
                "bw_dev": 142.70397,
                "bw_samples": 13,
                "iops_min": 214608,
                "iops_max": 215674,
                "iops_mean": 215038.615385,
                "iops_stddev": 285.03612,
                "iops_samples": 13
            },
            "write": {
                "io_bytes": 0,
                "io_kbytes": 0,
                "bw_bytes": 0,
                "bw": 0,
                "iops": 0.0,
                "runtime": 0,
                "total_ios": 0,
                "short_ios": 0,
                "drop_ios": 0,
                "slat_ns": {
                    "min": 0,
                    "max": 0,
                    "mean": 0.0,
                    "stddev": 0.0,
                    "N": 0
                },
                "clat_ns": {
                    "min": 0,
                    "max": 0,
                    "mean": 0.0,
                    "stddev": 0.0,
                    "N": 0
                },
                "lat_ns": {
                    "min": 0,
                    "max": 0,
                    "mean": 0.0,
                    "stddev": 0.0,
                    "N": 0
                },
                "bw_min": 0,
                "bw_max": 0,
                "bw_agg": 0.0,
                "bw_mean": 0.0,
                "bw_dev": 0.0,
                "bw_samples": 0,
                "iops_min": 0,
                "iops_max": 0,
                "iops_mean": 0.0,
                "iops_stddev": 0.0,
                "iops_samples": 0
            },
            "trim": {
                "io_bytes": 0,
                "io_kbytes": 0,
                "bw_bytes": 0,
                "bw": 0,
                "iops": 0.0,
                "runtime": 0,
                "total_ios": 0,
                "short_ios": 0,
                "drop_ios": 0,
                "slat_ns": {
                    "min": 0,
                    "max": 0,
                    "mean": 0.0,
                    "stddev": 0.0,
                    "N": 0
                },
                "clat_ns": {
                    "min": 0,
                    "max": 0,
                    "mean": 0.0,
                    "stddev": 0.0,
                    "N": 0
                },
                "lat_ns": {
                    "min": 0,
                    "max": 0,
                    "mean": 0.0,
                    "stddev": 0.0,
                    "N": 0
                },
                "bw_min": 0,
                "bw_max": 0,
                "bw_agg": 0.0,
                "bw_mean": 0.0,
                "bw_dev": 0.0,
                "bw_samples": 0,
                "iops_min": 0,
                "iops_max": 0,
                "iops_mean": 0.0,
                "iops_stddev": 0.0,
                "iops_samples": 0
            },
            "sync": {
                "total_ios": 0,
                "lat_ns": {
                    "min": 0,
                    "max": 0,
                    "mean": 0.0,
                    "stddev": 0.0,
                    "N": 0
                }
            },
            "job_runtime": 7000,
            "usr_cpu": 23.071429,
            "sys_cpu": 55.214286,
            "ctx": 751974,
            "majf": 0,
            "minf": 0,
            "iodepth_level": {
                "1": 0.0,
                "2": 100.0,
                "4": 0.0,
                "8": 0.0,
                "16": 0.0,
                "32": 0.0,
                ">=64": 0.0
            },
            "iodepth_submit": {
                "0": 0.0,
                "4": 100.0,
                "8": 0.0,
                "16": 0.0,
                "32": 0.0,
                "64": 0.0,
                ">=64": 0.0
            },
            "iodepth_complete": {
                "0": 0.0,
                "4": 100.0,
                "8": 0.0,
                "16": 0.0,
                "32": 0.0,
                "64": 0.0,
                ">=64": 0.0
            },
            "latency_ns": {
                "2": 0.0,
                "4": 0.0,
                "10": 0.0,
                "20": 0.0,
                "50": 0.0,
                "100": 0.0,
                "250": 0.0,
                "500": 0.01,
                "750": 0.0,
                "1000": 0.0
            },
            "latency_us": {
                "2": 0.0,
                "4": 0.01,
                "10": 96.981841,
                "20": 2.622007,
                "50": 0.365117,
                "100": 0.019671,
                "250": 0.01,
                "500": 0.0,
                "750": 0.0,
                "1000": 0.0
            },
            "latency_ms": {
                "2": 0.0,
                "4": 0.0,
                "10": 0.0,
                "20": 0.0,
                "50": 0.0,
                "100": 0.0,
                "250": 0.0,
                "500": 0.0,
                "750": 0.0,
                "1000": 0.0,
                "2000": 0.0,
                ">=2000": 0.0
            },
            "latency_depth": 2,
            "latency_target": 0,
            "latency_percentile": 100.0,