{
    "fio version": "fio-3.32-dirty",
    "timestamp": 1666752456,
    "timestamp_ms": 1666752456347,
    "time": "Wed Oct 26 04:47:36 2022",
    "jobs": [
        {
            "jobname": "io_uring_cmd-bdev_xnvme",
            "groupid": 0,
            "error": 0,
            "eta": 0,
            "elapsed": 11,
            "job options": {
                "name": "io_uring_cmd-bdev_xnvme",
                "rw": "randread",
                "size": "12G",
                "iodepth": "8",
                "bs": "512",
                "direct": "0",
                "thread": "1",
                "time_based": "1",
                "runtime": "7",
                "ramp_time": "3",
                "norandommap": "1",
                "allow_file_create": "0",
                "ioengine": "spdk_bdev",
                "spdk_conf": "/tmp/spdk_bdev_xnvme_io_uring_cmd.conf",
                "filename": "Nvme0n1",
                "cpus_allowed": "1"
            },
            "read": {
                "io_bytes": 1845574656,
                "io_kbytes": 1802319,
                "bw_bytes": 263615862,
                "bw": 257437,
                "iops": 514873.589487,
                "runtime": 7001,
                "total_ios": 3604630,
                "short_ios": 0,
                "drop_ios": 0,
                "slat_ns": {
                    "min": 170,
                    "max": 9297,
                    "mean": 249.728569,
                    "stddev": 28.58161,
                    "N": 3604631
                },
                "clat_ns": {
                    "min": 4809,
                    "max": 130585,
                    "mean": 14363.971523,
                    "stddev": 5215.015737,
                    "N": 3604630,
                    "percentile": {
                        "1.000000": 7456,
                        "5.000000": 8384,
                        "10.000000": 8896,
                        "20.000000": 9792,
                        "30.000000": 10560,
                        "40.000000": 11712,
                        "50.000000": 14144,
                        "60.000000": 15424,
                        "70.000000": 16512,
                        "80.000000": 18560,
                        "90.000000": 20096,
                        "95.000000": 22144,
                        "99.000000": 31616,
                        "99.500000": 35584,
                        "99.900000": 48384,
                        "99.950000": 62720,
                        "99.990000": 78336
                    }
                },
                "lat_ns": {
                    "min": 5080,
                    "max": 130805,
                    "mean": 14613.700084,
                    "stddev": 5209.006901,
                    "N": 3604630
                },
                "bw_min": 256603,
                "bw_max": 259025,
                "bw_agg": 100.0,
                "bw_mean": 257567.5,
                "bw_dev": 671.520634,
                "bw_samples": 14,
                "iops_min": 513206,
                "iops_max": 518050,
                "iops_mean": 515135.142857,
                "iops_stddev": 1342.85894,
                "iops_samples": 14
            },
            "write": {
                "io_bytes": 0,
                "io_kbytes": 0,
                "bw_bytes": 0,
                "bw": 0,
                "iops": 0.0,
                "runtime": 0,
                "total_ios": 0,
                "short_ios": 0,
                "drop_ios": 0,
                "slat_ns": {
                    "min": 0,
                    "max": 0,
                    "mean": 0.0,
                    "stddev": 0.0,
                    "N": 0
                },
                "clat_ns": {
                    "min": 0,
                    "max": 0,
                    "mean": 0.0,
                    "stddev": 0.0,
                    "N": 0
                },
                "lat_ns": {
                    "min": 0,
                    "max": 0,
                    "mean": 0.0,
                    "stddev": 0.0,
                    "N": 0
                },
                "bw_min": 0,
                "bw_max": 0,
                "bw_agg": 0.0,
                "bw_mean": 0.0,
                "bw_dev": 0.0,
                "bw_samples": 0,
                "iops_min": 0,
                "iops_max": 0,
                "iops_mean": 0.0,
                "iops_stddev": 0.0,
                "iops_samples": 0
            },
            "trim": {
                "io_bytes": 0,
                "io_kbytes": 0,
                "bw_bytes": 0,
                "bw": 0,
                "iops": 0.0,
                "runtime": 0,
                "total_ios": 0,
                "short_ios": 0,
                "drop_ios": 0,
                "slat_ns": {
                    "min": 0,
                    "max": 0,
                    "mean": 0.0,
                    "stddev": 0.0,
                    "N": 0
                },
                "clat_ns": {
                    "min": 0,
                    "max": 0,
                    "mean": 0.0,
                    "stddev": 0.0,
                    "N": 0
                },
                "lat_ns": {
                    "min": 0,
                    "max": 0,
                    "mean": 0.0,
                    "stddev": 0.0,
                    "N": 0
                },
                "bw_min": 0,
                "bw_max": 0,
                "bw_agg": 0.0,
                "bw_mean": 0.0,
                "bw_dev": 0.0,
                "bw_samples": 0,
                "iops_min": 0,
                "iops_max": 0,
                "iops_mean": 0.0,
                "iops_stddev": 0.0,
                "iops_samples": 0
            },
            "sync": {
                "total_ios": 0,
                "lat_ns": {
                    "min": 0,
                    "max": 0,
                    "mean": 0.0,
                    "stddev": 0.0,
                    "N": 0
                }
            },
            "job_runtime": 7000,
            "usr_cpu": 99.985714,
            "sys_cpu": 0.0,
            "ctx": 26,
            "majf": 0,
            "minf": 0,
            "iodepth_level": {
                "1": 0.1,
                "2": 9.715921,
                "4": 43.387421,
                "8": 46.89491,
                "16": 0.0,
                "32": 0.0,
                ">=64": 0.0
            },
            "iodepth_submit": {
                "0": 0.0,
                "4": 100.0,
                "8": 0.0,
                "16": 0.0,
                "32": 0.0,
                "64": 0.0,
                ">=64": 0.0
            },
            "iodepth_complete": {
                "0": 0.0,
                "4": 95.677259,
                "8": 4.322741,
                "16": 0.0,
                "32": 0.0,
                "64": 0.0,
                ">=64": 0.0
            },
            "latency_ns": {
                "2": 0.0,
                "4": 0.0,
                "10": 0.0,
                "20": 0.0,
                "50": 0.0,
                "100": 0.0,
                "250": 0.0,
                "500": 0.0,
                "750": 0.0,
                "1000": 0.0
            },
            "latency_us": {
                "2": 0.0,
                "4": 0.0,
                "10": 22.28545,
                "20": 67.773863,
                "50": 9.846531,
                "100": 0.092104,
                "250": 0.01,
                "500": 0.0,
                "750": 0.0,
                "1000": 0.0
            },
            "latency_ms": {
                "2": 0.0,
                "4": 0.0,
                "10": 0.0,
                "20": 0.0,
                "50": 0.0,
                "100": 0.0,
                "250": 0.0,
                "500": 0.0,
                "750": 0.0,
                "1000": 0.0,
                "2000": 0.0,
                ">=2000": 0.0
            },
            "latency_depth": 8,