{
    "fio version": "fio-3.32-dirty",
    "timestamp": 1666751425,
    "timestamp_ms": 1666751425348,
    "time": "Wed Oct 26 04:30:25 2022",
    "jobs": [
        {
            "jobname": "io_uring_cmd-reference",
            "groupid": 0,
            "error": 0,
            "eta": 0,
            "elapsed": 11,
            "job options": {
                "name": "io_uring_cmd-reference",
                "rw": "randread",
                "size": "12G",
                "iodepth": "2",
                "bs": "512",
                "direct": "0",
                "thread": "1",
                "time_based": "1",
                "runtime": "7",
                "ramp_time": "3",
                "norandommap": "1",
                "allow_file_create": "0",
                "ioengine": "io_uring_cmd",
                "filename": "/dev/ng0n1",
                "cpus_allowed": "1"
            },
            "read": {
                "io_bytes": 741398528,
                "io_kbytes": 724022,
                "bw_bytes": 105898947,
                "bw": 103416,
                "iops": 206833.738037,
                "runtime": 7001,
                "total_ios": 1448043,
                "short_ios": 0,
                "drop_ios": 0,
                "slat_ns": {
                    "min": 1142,
                    "max": 40395,
                    "mean": 1297.229181,
                    "stddev": 146.30089,
                    "N": 1448043
                },
                "clat_ns": {
                    "min": 80,
                    "max": 96732,
                    "mean": 8087.446961,
                    "stddev": 2216.390509,
                    "N": 1448044,
                    "percentile": {
                        "1.000000": 5984,
                        "5.000000": 6048,
                        "10.000000": 6112,
                        "20.000000": 6176,
                        "30.000000": 6240,
                        "40.000000": 6304,
                        "50.000000": 8096,
                        "60.000000": 9408,
                        "70.000000": 9536,
                        "80.000000": 9536,
                        "90.000000": 9664,
                        "95.000000": 9792,
                        "99.000000": 16320,
                        "99.500000": 17280,
                        "99.900000": 19072,
                        "99.950000": 26752,
                        "99.990000": 61184
                    }
                },
                "lat_ns": {
                    "min": 6071,
                    "max": 97904,
                    "mean": 9384.676166,
                    "stddev": 2292.860984,
                    "N": 1448044
                },
                "bw_min": 103177,
                "bw_max": 103737,
                "bw_agg": 100.0,
                "bw_mean": 103442.142857,
                "bw_dev": 188.649801,
                "bw_samples": 14,
                "iops_min": 206354,
                "iops_max": 207474,
                "iops_mean": 206884.285714,
                "iops_stddev": 377.11933,
                "iops_samples": 14
            },
            "write": {
                "io_bytes": 0,
                "io_kbytes": 0,
                "bw_bytes": 0,
                "bw": 0,
                "iops": 0.0,
                "runtime": 0,
                "total_ios": 0,
                "short_ios": 0,
                "drop_ios": 0,
                "slat_ns": {
                    "min": 0,
                    "max": 0,
                    "mean": 0.0,
                    "stddev": 0.0,
                    "N": 0
                },
                "clat_ns": {
                    "min": 0,
                    "max": 0,
                    "mean": 0.0,
                    "stddev": 0.0,
                    "N": 0
                },
                "lat_ns": {
                    "min": 0,
                    "max": 0,
                    "mean": 0.0,
                    "stddev": 0.0,
                    "N": 0
                },
                "bw_min": 0,
                "bw_max": 0,
                "bw_agg": 0.0,
                "bw_mean": 0.0,
                "bw_dev": 0.0,
                "bw_samples": 0,
                "iops_min": 0,
                "iops_max": 0,
                "iops_mean": 0.0,
                "iops_stddev": 0.0,
                "iops_samples": 0
            },
            "trim": {
                "io_bytes": 0,
                "io_kbytes": 0,
                "bw_bytes": 0,
                "bw": 0,
                "iops": 0.0,
                "runtime": 0,
                "total_ios": 0,
                "short_ios": 0,
                "drop_ios": 0,
                "slat_ns": {
                    "min": 0,
                    "max": 0,
                    "mean": 0.0,
                    "stddev": 0.0,
                    "N": 0
                },
                "clat_ns": {
                    "min": 0,
                    "max": 0,
                    "mean": 0.0,
                    "stddev": 0.0,
                    "N": 0
                },
                "lat_ns": {
                    "min": 0,
                    "max": 0,
                    "mean": 0.0,
                    "stddev": 0.0,
                    "N": 0
                },
                "bw_min": 0,
                "bw_max": 0,
                "bw_agg": 0.0,
                "bw_mean": 0.0,
                "bw_dev": 0.0,
                "bw_samples": 0,
                "iops_min": 0,
                "iops_max": 0,
                "iops_mean": 0.0,
                "iops_stddev": 0.0,
                "iops_samples": 0
            },
            "sync": {
                "total_ios": 0,
                "lat_ns": {
                    "min": 0,
                    "max": 0,
                    "mean": 0.0,
                    "stddev": 0.0,
                    "N": 0
                }
            },
            "job_runtime": 7000,
            "usr_cpu": 17.357143,
            "sys_cpu": 51.185714,
            "ctx": 723965,
            "majf": 0,
            "minf": 0,
            "iodepth_level": {
                "1": 0.0,
                "2": 100.0,
                "4": 0.0,
                "8": 0.0,
                "16": 0.0,
                "32": 0.0,
                ">=64": 0.0
            },
            "iodepth_submit": {
                "0": 0.0,
                "4": 100.0,
                "8": 0.0,
                "16": 0.0,
                "32": 0.0,
                "64": 0.0,
                ">=64": 0.0
            },
            "iodepth_complete": {
                "0": 0.0,
                "4": 100.0,
                "8": 0.0,
                "16": 0.0,
                "32": 0.0,
                "64": 0.0,
                ">=64": 0.0
            },
            "latency_ns": {
                "2": 0.0,
                "4": 0.0,
                "10": 0.0,
                "20": 0.0,
                "50": 0.0,
                "100": 0.01,
                "250": 0.01,
                "500": 0.0,
                "750": 0.0,
                "1000": 0.0
            },
            "latency_us": {
                "2": 0.01,
                "4": 0.01,
                "10": 96.716948,
                "20": 3.18264,
                "50": 0.069128,
                "100": 0.023135,
                "250": 0.0,
                "500": 0.0,
                "750": 0.0,
                "1000": 0.0
            },
            "latency_ms": {
                "2": 0.0,
                "4": 0.0,
                "10": 0.0,
                "20": 0.0,
                "50": 0.0,
                "100": 0.0,
                "250": 0.0,
                "500": 0.0,
                "750": 0.0,
                "1000": 0.0,
                "2000": 0.0,
                ">=2000": 0.0
            },
            "latency_depth": 2,
            "latency_target": 0,
            "latency_percentile": 100.0,