{
    "fio version": "fio-3.32-dirty",
    "timestamp": 1666752657,
    "timestamp_ms": 1666752657713,
    "time": "Wed Oct 26 04:50:57 2022",
    "jobs": [
        {
            "jobname": "libaio-reference",
            "groupid": 0,
            "error": 0,
            "eta": 0,
            "elapsed": 11,
            "job options": {
                "name": "libaio-reference",
                "rw": "randread",
                "size": "12G",
                "iodepth": "8",
                "bs": "512",
                "direct": "1",
                "thread": "1",
                "time_based": "1",
                "runtime": "7",
                "ramp_time": "3",
                "norandommap": "1",
                "allow_file_create": "0",
                "ioengine": "libaio",
                "filename": "/dev/nvme0n1",
                "cpus_allowed": "1"
            },
            "read": {
                "io_bytes": 1046272512,
                "io_kbytes": 1021750,
                "bw_bytes": 149446152,
                "bw": 145943,
                "iops": 291885.873447,
                "runtime": 7001,
                "total_ios": 2043493,
                "short_ios": 0,
                "drop_ios": 0,
                "slat_ns": {
                    "min": 1402,
                    "max": 113964,
                    "mean": 2707.785157,
                    "stddev": 1337.154939,
                    "N": 2043494
                },
                "clat_ns": {
                    "min": 2595,
                    "max": 138590,
                    "mean": 24451.180669,
                    "stddev": 3177.840339,
                    "N": 2043500,
                    "percentile": {
                        "1.000000": 17536,
                        "5.000000": 22400,
                        "10.000000": 22656,
                        "20.000000": 22656,
                        "30.000000": 22912,
                        "40.000000": 23680,
                        "50.000000": 24192,
                        "60.000000": 24448,
                        "70.000000": 25216,
                        "80.000000": 25472,
                        "90.000000": 25728,
                        "95.000000": 29312,
                        "99.000000": 37632,
                        "99.500000": 42240,
                        "99.900000": 54528,
                        "99.950000": 67072,
                        "99.990000": 79360
                    }
                },
                "lat_ns": {
                    "min": 10450,
                    "max": 143930,
                    "mean": 27158.965725,
                    "stddev": 3022.018116,
                    "N": 2043500
                },
                "bw_min": 145819,
                "bw_max": 146239,
                "bw_agg": 100.0,
                "bw_mean": 146001.692308,
                "bw_dev": 141.640028,
                "bw_samples": 13,
                "iops_min": 291638,
                "iops_max": 292478,
                "iops_mean": 292003.461538,
                "iops_stddev": 283.176216,
                "iops_samples": 13
            },
            "write": {
                "io_bytes": 0,
                "io_kbytes": 0,
                "bw_bytes": 0,
                "bw": 0,
                "iops": 0.0,
                "runtime": 0,
                "total_ios": 0,
                "short_ios": 0,
                "drop_ios": 0,
                "slat_ns": {
                    "min": 0,
                    "max": 0,
                    "mean": 0.0,
                    "stddev": 0.0,
                    "N": 0
                },
                "clat_ns": {
                    "min": 0,
                    "max": 0,
                    "mean": 0.0,
                    "stddev": 0.0,
                    "N": 0
                },
                "lat_ns": {
                    "min": 0,
                    "max": 0,
                    "mean": 0.0,
                    "stddev": 0.0,
                    "N": 0
                },
                "bw_min": 0,
                "bw_max": 0,
                "bw_agg": 0.0,
                "bw_mean": 0.0,
                "bw_dev": 0.0,
                "bw_samples": 0,
                "iops_min": 0,
                "iops_max": 0,
                "iops_mean": 0.0,
                "iops_stddev": 0.0,
                "iops_samples": 0
            },
            "trim": {
                "io_bytes": 0,
                "io_kbytes": 0,
                "bw_bytes": 0,
                "bw": 0,
                "iops": 0.0,
                "runtime": 0,
                "total_ios": 0,
                "short_ios": 0,
                "drop_ios": 0,
                "slat_ns": {
                    "min": 0,
                    "max": 0,
                    "mean": 0.0,
                    "stddev": 0.0,
                    "N": 0
                },
                "clat_ns": {
                    "min": 0,
                    "max": 0,
                    "mean": 0.0,
                    "stddev": 0.0,
                    "N": 0
                },
                "lat_ns": {
                    "min": 0,
                    "max": 0,
                    "mean": 0.0,
                    "stddev": 0.0,
                    "N": 0
                },
                "bw_min": 0,
                "bw_max": 0,
                "bw_agg": 0.0,
                "bw_mean": 0.0,
                "bw_dev": 0.0,
                "bw_samples": 0,
                "iops_min": 0,
                "iops_max": 0,
                "iops_mean": 0.0,
                "iops_stddev": 0.0,
                "iops_samples": 0
            },
            "sync": {
                "total_ios": 0,
                "lat_ns": {
                    "min": 0,
                    "max": 0,
                    "mean": 0.0,
                    "stddev": 0.0,
                    "N": 0
                }
            },
            "job_runtime": 7000,
            "usr_cpu": 35.971429,
            "sys_cpu": 62.771429,
            "ctx": 10182,
            "majf": 0,
            "minf": 0,
            "iodepth_level": {
                "1": 0.0,
                "2": 0.0,
                "4": 0.0,
                "8": 100.0,
                "16": 0.0,
                "32": 0.0,
                ">=64": 0.0
            },
            "iodepth_submit": {
                "0": 0.0,
                "4": 100.0,
                "8": 0.0,
                "16": 0.0,
                "32": 0.0,
                "64": 0.0,
                ">=64": 0.0
            },
            "iodepth_complete": {
                "0": 0.0,
                "4": 99.999951,
                "8": 0.1,
                "16": 0.0,
                "32": 0.0,
                "64": 0.0,
                ">=64": 0.0
            },
            "latency_ns": {
                "2": 0.0,
                "4": 0.0,
                "10": 0.0,
                "20": 0.0,
                "50": 0.0,
                "100": 0.0,
                "250": 0.0,
                "500": 0.0,
                "750": 0.0,
                "1000": 0.0
            },
            "latency_us": {
                "2": 0.0,
                "4": 0.01,
                "10": 0.01,
                "20": 2.03387,
                "50": 97.828033,
                "100": 0.127282,
                "250": 0.01,
                "500": 0.0,
                "750": 0.0,
                "1000": 0.0
            },
            "latency_ms": {
                "2": 0.0,
                "4": 0.0,
                "10": 0.0,
                "20": 0.0,
                "50": 0.0,
                "100": 0.0,
                "250": 0.0,
                "500": 0.0,
                "750": 0.0,
                "1000": 0.0,
                "2000": 0.0,
                ">=2000": 0.0
            },
            "latency_depth": 8,
            "latency_target": 0,
            "latency_percentile": 100.0,