{
    "fio version": "fio-3.32-75-gc470",
    "timestamp": 1667183916,
    "timestamp_ms": 1667183916766,
    "time": "Sun Oct 30 21:38:36 2022",
    "jobs": [
        {
            "jobname": "io_uring-reference",
            "groupid": 0,
            "error": 0,
            "eta": 0,
            "elapsed": 11,
            "job options": {
                "name": "io_uring-reference",
                "rw": "randread",
                "size": "12G",
                "iodepth": "128",
                "bs": "512",
                "direct": "1",
                "thread": "1",
                "time_based": "1",
                "runtime": "7",
                "ramp_time": "3",
                "norandommap": "1",
                "allow_file_create": "0",
                "ioengine": "io_uring",
                "filename": "/dev/nvme0n1",
                "cpus_allowed": "1"
            },
            "read": {
                "io_bytes": 2380730880,
                "io_kbytes": 2324932,
                "bw_bytes": 340055832,
                "bw": 332085,
                "iops": 664153.263819,
                "runtime": 7001,
                "total_ios": 4649737,
                "short_ios": 0,
                "drop_ios": 0,
                "slat_ns": {
                    "min": 569,
                    "max": 14805,
                    "mean": 1194.935069,
                    "stddev": 460.780415,
                    "N": 4649738
                },
                "clat_ns": {
                    "min": 10367,
                    "max": 219965,
                    "mean": 191267.771814,
                    "stddev": 1502.969718,
                    "N": 4649864,
                    "percentile": {
                        "1.000000": 187392,
                        "5.000000": 189440,
                        "10.000000": 189440,
                        "20.000000": 189440,
                        "30.000000": 191488,
                        "40.000000": 191488,
                        "50.000000": 191488,
                        "60.000000": 191488,
                        "70.000000": 191488,
                        "80.000000": 191488,
                        "90.000000": 193536,
                        "95.000000": 193536,
                        "99.000000": 195584,
                        "99.500000": 195584,
                        "99.900000": 197632,
                        "99.950000": 197632,
                        "99.990000": 203776
                    }
                },
                "lat_ns": {
                    "min": 11738,
                    "max": 221318,
                    "mean": 192462.707201,
                    "stddev": 1508.380816,
                    "N": 4649864
                },
                "bw_min": 332085,
                "bw_max": 332453,
                "bw_agg": 100.0,
                "bw_mean": 332240.461538,
                "bw_dev": 98.80504,
                "bw_samples": 13,
                "iops_min": 664170,
                "iops_max": 664907,
                "iops_mean": 664481.0,
                "iops_stddev": 197.78945,
                "iops_samples": 13
            },
            "write": {
                "io_bytes": 0,
                "io_kbytes": 0,
                "bw_bytes": 0,
                "bw": 0,
                "iops": 0.0,
                "runtime": 0,
                "total_ios": 0,
                "short_ios": 0,
                "drop_ios": 0,
                "slat_ns": {
                    "min": 0,
                    "max": 0,
                    "mean": 0.0,
                    "stddev": 0.0,
                    "N": 0
                },
                "clat_ns": {
                    "min": 0,
                    "max": 0,
                    "mean": 0.0,
                    "stddev": 0.0,
                    "N": 0
                },
                "lat_ns": {
                    "min": 0,
                    "max": 0,
                    "mean": 0.0,
                    "stddev": 0.0,
                    "N": 0
                },
                "bw_min": 0,
                "bw_max": 0,
                "bw_agg": 0.0,
                "bw_mean": 0.0,
                "bw_dev": 0.0,
                "bw_samples": 0,
                "iops_min": 0,
                "iops_max": 0,
                "iops_mean": 0.0,
                "iops_stddev": 0.0,
                "iops_samples": 0
            },
            "trim": {
                "io_bytes": 0,
                "io_kbytes": 0,
                "bw_bytes": 0,
                "bw": 0,
                "iops": 0.0,
                "runtime": 0,
                "total_ios": 0,
                "short_ios": 0,
                "drop_ios": 0,
                "slat_ns": {
                    "min": 0,
                    "max": 0,
                    "mean": 0.0,
                    "stddev": 0.0,
                    "N": 0
                },
                "clat_ns": {
                    "min": 0,
                    "max": 0,
                    "mean": 0.0,
                    "stddev": 0.0,
                    "N": 0
                },
                "lat_ns": {
                    "min": 0,
                    "max": 0,
                    "mean": 0.0,
                    "stddev": 0.0,
                    "N": 0
                },
                "bw_min": 0,
                "bw_max": 0,
                "bw_agg": 0.0,
                "bw_mean": 0.0,
                "bw_dev": 0.0,
                "bw_samples": 0,
                "iops_min": 0,
                "iops_max": 0,
                "iops_mean": 0.0,
                "iops_stddev": 0.0,
                "iops_samples": 0
            },
            "sync": {
                "total_ios": 0,
                "lat_ns": {
                    "min": 0,
                    "max": 0,
                    "mean": 0.0,
                    "stddev": 0.0,
                    "N": 0
                }
            },
            "job_runtime": 7000,
            "usr_cpu": 31.428571,
            "sys_cpu": 68.585714,
            "ctx": 16,
            "majf": 0,
            "minf": 0,
            "iodepth_level": {
                "1": 0.0,
                "2": 0.0,
                "4": 0.0,
                "8": 0.0,
                "16": 0.0,
                "32": 0.0,
                ">=64": 100.0
            },
            "iodepth_submit": {
                "0": 0.0,
                "4": 100.0,
                "8": 0.0,
                "16": 0.0,
                "32": 0.0,
                "64": 0.0,
                ">=64": 0.0
            },
            "iodepth_complete": {
                "0": 0.0,
                "4": 99.999978,
                "8": 0.0,
                "16": 0.0,
                "32": 0.0,
                "64": 0.0,
                ">=64": 0.1
            },
            "latency_ns": {
                "2": 0.0,
                "4": 0.0,
                "10": 0.0,
                "20": 0.0,
                "50": 0.0,
                "100": 0.0,
                "250": 0.0,
                "500": 0.0,
                "750": 0.0,
                "1000": 0.0
            },
            "latency_us": {
                "2": 0.0,
                "4": 0.0,
                "10": 0.0,
                "20": 0.01,
                "50": 0.01,
                "100": 0.01,
                "250": 100.001419,
                "500": 0.0,
                "750": 0.0,
                "1000": 0.0
            },
            "latency_ms": {
                "2": 0.0,
                "4": 0.0,
                "10": 0.0,
                "20": 0.0,
                "50": 0.0,
                "100": 0.0,
                "250": 0.0,
                "500": 0.0,
                "750": 0.0,
                "1000": 0.0,
                "2000": 0.0,
                ">=2000": 0.0
            },
            "latency_depth": 128,
            "latency_target": 0,
            "latency_percentile": 100.0,