{
    "fio version": "fio-3.32-75-gc470",
    "timestamp": 1667183988,
    "timestamp_ms": 1667183988503,
    "time": "Sun Oct 30 21:39:48 2022",
    "jobs": [
        {
            "jobname": "libaio-bdev_aio",
            "groupid": 0,
            "error": 0,
            "eta": 0,
            "elapsed": 11,
            "job options": {
                "name": "libaio-bdev_aio",
                "rw": "randread",
                "size": "12G",
                "iodepth": "128",
                "bs": "512",
                "direct": "1",
                "thread": "1",
                "time_based": "1",
                "runtime": "7",
                "ramp_time": "3",
                "norandommap": "1",
                "allow_file_create": "0",
                "ioengine": "spdk_bdev",
                "spdk_conf": "/tmp/spdk_bdev_aio_foo.conf",
                "filename": "Nvme0n1",
                "cpus_allowed": "1"
            },
            "read": {
                "io_bytes": 2172508672,
                "io_kbytes": 2121590,
                "bw_bytes": 310314051,
                "bw": 303041,
                "iops": 606066.704756,
                "runtime": 7001,
                "total_ios": 4243073,
                "short_ios": 0,
                "drop_ios": 0,
                "slat_ns": {
                    "min": 725,
                    "max": 19006,
                    "mean": 1388.444417,
                    "stddev": 472.830269,
                    "N": 4243074
                },
                "clat_ns": {
                    "min": 8432,
                    "max": 238420,
                    "mean": 109959.812214,
                    "stddev": 56612.744937,
                    "N": 4243181,
                    "percentile": {
                        "1.000000": 14528,
                        "5.000000": 22144,
                        "10.000000": 31872,
                        "20.000000": 51456,
                        "30.000000": 71168,
                        "40.000000": 90624,
                        "50.000000": 110080,
                        "60.000000": 129536,
                        "70.000000": 148480,
                        "80.000000": 166912,
                        "90.000000": 187392,
                        "95.000000": 195584,
                        "99.000000": 211968,
                        "99.500000": 214016,
                        "99.900000": 214016,
                        "99.950000": 214016,
                        "99.990000": 216064
                    }
                },
                "lat_ns": {
                    "min": 10921,
                    "max": 239889,
                    "mean": 111348.254982,
                    "stddev": 56568.898188,
                    "N": 4243181
                },
                "bw_min": 302939,
                "bw_max": 303327,
                "bw_agg": 100.0,
                "bw_mean": 303083.785714,
                "bw_dev": 109.102054,
                "bw_samples": 14,
                "iops_min": 605878,
                "iops_max": 606655,
                "iops_mean": 606167.642857,
                "iops_stddev": 218.375684,
                "iops_samples": 14
            },
            "write": {
                "io_bytes": 0,
                "io_kbytes": 0,
                "bw_bytes": 0,
                "bw": 0,
                "iops": 0.0,
                "runtime": 0,
                "total_ios": 0,
                "short_ios": 0,
                "drop_ios": 0,
                "slat_ns": {
                    "min": 0,
                    "max": 0,
                    "mean": 0.0,
                    "stddev": 0.0,
                    "N": 0
                },
                "clat_ns": {
                    "min": 0,
                    "max": 0,
                    "mean": 0.0,
                    "stddev": 0.0,
                    "N": 0
                },
                "lat_ns": {
                    "min": 0,
                    "max": 0,
                    "mean": 0.0,
                    "stddev": 0.0,
                    "N": 0
                },
                "bw_min": 0,
                "bw_max": 0,
                "bw_agg": 0.0,
                "bw_mean": 0.0,
                "bw_dev": 0.0,
                "bw_samples": 0,
                "iops_min": 0,
                "iops_max": 0,
                "iops_mean": 0.0,
                "iops_stddev": 0.0,
                "iops_samples": 0
            },
            "trim": {
                "io_bytes": 0,
                "io_kbytes": 0,
                "bw_bytes": 0,
                "bw": 0,
                "iops": 0.0,
                "runtime": 0,
                "total_ios": 0,
                "short_ios": 0,
                "drop_ios": 0,
                "slat_ns": {
                    "min": 0,
                    "max": 0,
                    "mean": 0.0,
                    "stddev": 0.0,
                    "N": 0
                },
                "clat_ns": {
                    "min": 0,
                    "max": 0,
                    "mean": 0.0,
                    "stddev": 0.0,
                    "N": 0
                },
                "lat_ns": {
                    "min": 0,
                    "max": 0,
                    "mean": 0.0,
                    "stddev": 0.0,
                    "N": 0
                },
                "bw_min": 0,
                "bw_max": 0,
                "bw_agg": 0.0,
                "bw_mean": 0.0,
                "bw_dev": 0.0,
                "bw_samples": 0,
                "iops_min": 0,
                "iops_max": 0,
                "iops_mean": 0.0,
                "iops_stddev": 0.0,
                "iops_samples": 0
            },
            "sync": {
                "total_ios": 0,
                "lat_ns": {
                    "min": 0,
                    "max": 0,
                    "mean": 0.0,
                    "stddev": 0.0,
                    "N": 0
                }
            },
            "job_runtime": 7000,
            "usr_cpu": 33.128571,
            "sys_cpu": 66.857143,
            "ctx": 13,
            "majf": 0,
            "minf": 0,
            "iodepth_level": {
                "1": 0.0,
                "2": 0.1,
                "4": 0.82848,
                "8": 6.554118,
                "16": 13.113892,
                "32": 26.227783,
                ">=64": 53.275657
            },
            "iodepth_submit": {
                "0": 0.0,
                "4": 100.0,
                "8": 0.0,
                "16": 0.0,
                "32": 0.0,
                "64": 0.0,
                ">=64": 0.0
            },
            "iodepth_complete": {
                "0": 0.0,
                "4": 99.186999,
                "8": 0.1,
                "16": 0.0,
                "32": 0.0,
                "64": 0.0,
                ">=64": 0.812978
            },
            "latency_ns": {
                "2": 0.0,
                "4": 0.0,
                "10": 0.0,
                "20": 0.0,
                "50": 0.0,
                "100": 0.0,
                "250": 0.0,
                "500": 0.0,
                "750": 0.0,
                "1000": 0.0
            },
            "latency_us": {
                "2": 0.0,
                "4": 0.0,
                "10": 0.01,
                "20": 3.848461,
                "50": 15.463887,
                "100": 25.740542,
                "250": 54.949302,
                "500": 0.0,
                "750": 0.0,
                "1000": 0.0
            },
            "latency_ms": {
                "2": 0.0,
                "4": 0.0,
                "10": 0.0,
                "20": 0.0,
                "50": 0.0,
                "100": 0.0,
                "250": 0.0,
                "500": 0.0,
                "750": 0.0,
                "1000": 0.0,
                "2000": 0.0,
                ">=2000": 0.0
            },