{
    "fio version": "fio-3.32-75-gc470",
    "timestamp": 1667183946,
    "timestamp_ms": 1667183946457,
    "time": "Sun Oct 30 21:39:06 2022",
    "jobs": [
        {
            "jobname": "io_uring-bdev_xnvme",
            "groupid": 0,
            "error": 0,
            "eta": 0,
            "elapsed": 11,
            "job options": {
                "name": "io_uring-bdev_xnvme",
                "rw": "randread",
                "size": "12G",
                "iodepth": "128",
                "bs": "512",
                "direct": "1",
                "thread": "1",
                "time_based": "1",
                "runtime": "7",
                "ramp_time": "3",
                "norandommap": "1",
                "allow_file_create": "0",
                "ioengine": "spdk_bdev",
                "spdk_conf": "/tmp/spdk_bdev_xnvme_io_uring.conf",
                "filename": "Nvme0n1",
                "cpus_allowed": "1"
            },
            "read": {
                "io_bytes": 2142384640,
                "io_kbytes": 2092172,
                "bw_bytes": 306011232,
                "bw": 298839,
                "iops": 597660.048564,
                "runtime": 7001,
                "total_ios": 4184218,
                "short_ios": 0,
                "drop_ios": 0,
                "slat_ns": {
                    "min": 695,
                    "max": 14439,
                    "mean": 1267.468612,
                    "stddev": 440.842043,
                    "N": 4184218
                },
                "clat_ns": {
                    "min": 11756,
                    "max": 239011,
                    "mean": 212627.015931,
                    "stddev": 1517.518845,
                    "N": 4184345,
                    "percentile": {
                        "1.000000": 207872,
                        "5.000000": 209920,
                        "10.000000": 211968,
                        "20.000000": 211968,
                        "30.000000": 211968,
                        "40.000000": 211968,
                        "50.000000": 211968,
                        "60.000000": 211968,
                        "70.000000": 214016,
                        "80.000000": 214016,
                        "90.000000": 214016,
                        "95.000000": 214016,
                        "99.000000": 216064,
                        "99.500000": 216064,
                        "99.900000": 218112,
                        "99.950000": 218112,
                        "99.990000": 224256
                    }
                },
                "lat_ns": {
                    "min": 13599,
                    "max": 240501,
                    "mean": 213894.484661,
                    "stddev": 1543.641312,
                    "N": 4184345
                },
                "bw_min": 298871,
                "bw_max": 299106,
                "bw_agg": 100.0,
                "bw_mean": 298976.071429,
                "bw_dev": 75.632171,
                "bw_samples": 14,
                "iops_min": 597742,
                "iops_max": 598212,
                "iops_mean": 597952.285714,
                "iops_stddev": 151.144571,
                "iops_samples": 14
            },
            "write": {
                "io_bytes": 0,
                "io_kbytes": 0,
                "bw_bytes": 0,
                "bw": 0,
                "iops": 0.0,
                "runtime": 0,
                "total_ios": 0,
                "short_ios": 0,
                "drop_ios": 0,
                "slat_ns": {
                    "min": 0,
                    "max": 0,
                    "mean": 0.0,
                    "stddev": 0.0,
                    "N": 0
                },
                "clat_ns": {
                    "min": 0,
                    "max": 0,
                    "mean": 0.0,
                    "stddev": 0.0,
                    "N": 0
                },
                "lat_ns": {
                    "min": 0,
                    "max": 0,
                    "mean": 0.0,
                    "stddev": 0.0,
                    "N": 0
                },
                "bw_min": 0,
                "bw_max": 0,
                "bw_agg": 0.0,
                "bw_mean": 0.0,
                "bw_dev": 0.0,
                "bw_samples": 0,
                "iops_min": 0,
                "iops_max": 0,
                "iops_mean": 0.0,
                "iops_stddev": 0.0,
                "iops_samples": 0
            },
            "trim": {
                "io_bytes": 0,
                "io_kbytes": 0,
                "bw_bytes": 0,
                "bw": 0,
                "iops": 0.0,
                "runtime": 0,
                "total_ios": 0,
                "short_ios": 0,
                "drop_ios": 0,
                "slat_ns": {
                    "min": 0,
                    "max": 0,
                    "mean": 0.0,
                    "stddev": 0.0,
                    "N": 0
                },
                "clat_ns": {
                    "min": 0,
                    "max": 0,
                    "mean": 0.0,
                    "stddev": 0.0,
                    "N": 0
                },
                "lat_ns": {
                    "min": 0,
                    "max": 0,
                    "mean": 0.0,
                    "stddev": 0.0,
                    "N": 0
                },
                "bw_min": 0,
                "bw_max": 0,
                "bw_agg": 0.0,
                "bw_mean": 0.0,
                "bw_dev": 0.0,
                "bw_samples": 0,
                "iops_min": 0,
                "iops_max": 0,
                "iops_mean": 0.0,
                "iops_stddev": 0.0,
                "iops_samples": 0
            },
            "sync": {
                "total_ios": 0,
                "lat_ns": {
                    "min": 0,
                    "max": 0,
                    "mean": 0.0,
                    "stddev": 0.0,
                    "N": 0
                }
            },
            "job_runtime": 7000,
            "usr_cpu": 39.871429,
            "sys_cpu": 60.1,
            "ctx": 15,
            "majf": 0,
            "minf": 0,
            "iodepth_level": {
                "1": 0.0,
                "2": 0.0,
                "4": 0.0,
                "8": 0.0,
                "16": 0.0,
                "32": 0.0,
                ">=64": 100.0
            },
            "iodepth_submit": {
                "0": 0.0,
                "4": 100.0,
                "8": 0.0,
                "16": 0.0,
                "32": 0.0,
                "64": 0.0,
                ">=64": 0.0
            },
            "iodepth_complete": {
                "0": 0.0,
                "4": 99.999988,
                "8": 0.0,
                "16": 0.0,
                "32": 0.0,
                "64": 0.0,
                ">=64": 0.1
            },
            "latency_ns": {
                "2": 0.0,
                "4": 0.0,
                "10": 0.0,
                "20": 0.0,
                "50": 0.0,
                "100": 0.0,
                "250": 0.0,
                "500": 0.0,
                "750": 0.0,
                "1000": 0.0
            },
            "latency_us": {
                "2": 0.0,
                "4": 0.0,
                "10": 0.0,
                "20": 0.01,
                "50": 0.01,
                "100": 0.01,
                "250": 100.001769,
                "500": 0.0,
                "750": 0.0,
                "1000": 0.0
            },
            "latency_ms": {
                "2": 0.0,
                "4": 0.0,
                "10": 0.0,
                "20": 0.0,
                "50": 0.0,
                "100": 0.0,
                "250": 0.0,
                "500": 0.0,
                "750": 0.0,
                "1000": 0.0,
                "2000": 0.0,
                ">=2000": 0.0
            },
            "latency_depth": 128,