{
    "fio version": "fio-3.32-75-gc470",
    "timestamp": 1667183903,
    "timestamp_ms": 1667183903164,
    "time": "Sun Oct 30 21:38:23 2022",
    "jobs": [
        {
            "jobname": "io_uring_cmd-bdev_xnvme",
            "groupid": 0,
            "error": 0,
            "eta": 0,
            "elapsed": 11,
            "job options": {
                "name": "io_uring_cmd-bdev_xnvme",
                "rw": "randread",
                "size": "12G",
                "iodepth": "128",
                "bs": "512",
                "direct": "0",
                "thread": "1",
                "time_based": "1",
                "runtime": "7",
                "ramp_time": "3",
                "norandommap": "1",
                "allow_file_create": "0",
                "ioengine": "spdk_bdev",
                "spdk_conf": "/tmp/spdk_bdev_xnvme_io_uring_cmd.conf",
                "filename": "Nvme0n1",
                "cpus_allowed": "1"
            },
            "read": {
                "io_bytes": 4063826944,
                "io_kbytes": 3968581,
                "bw_bytes": 580463782,
                "bw": 566859,
                "iops": 1133700.614198,
                "runtime": 7001,
                "total_ios": 7937038,
                "short_ios": 0,
                "drop_ios": 0,
                "slat_ns": {
                    "min": 96,
                    "max": 5964,
                    "mean": 164.22115,
                    "stddev": 37.860309,
                    "N": 7937039
                },
                "clat_ns": {
                    "min": 95696,
                    "max": 219377,
                    "mean": 111971.651159,
                    "stddev": 3482.149216,
                    "N": 7937162,
                    "percentile": {
                        "1.000000": 103936,
                        "5.000000": 105984,
                        "10.000000": 108032,
                        "20.000000": 109056,
                        "30.000000": 110080,
                        "40.000000": 111104,
                        "50.000000": 112128,
                        "60.000000": 112128,
                        "70.000000": 113152,
                        "80.000000": 114176,
                        "90.000000": 116224,
                        "95.000000": 118272,
                        "99.000000": 122368,
                        "99.500000": 123392,
                        "99.900000": 125440,
                        "99.950000": 125440,
                        "99.990000": 128512
                    }
                },
                "lat_ns": {
                    "min": 95947,
                    "max": 219510,
                    "mean": 112135.872363,
                    "stddev": 3484.16103,
                    "N": 7937162
                },
                "bw_min": 566501,
                "bw_max": 567784,
                "bw_agg": 100.0,
                "bw_mean": 567129.214286,
                "bw_dev": 421.228639,
                "bw_samples": 14,
                "iops_min": 1133000,
                "iops_max": 1135569,
                "iops_mean": 1134258.5,
                "iops_stddev": 842.824441,
                "iops_samples": 14
            },
            "write": {
                "io_bytes": 0,
                "io_kbytes": 0,
                "bw_bytes": 0,
                "bw": 0,
                "iops": 0.0,
                "runtime": 0,
                "total_ios": 0,
                "short_ios": 0,
                "drop_ios": 0,
                "slat_ns": {
                    "min": 0,
                    "max": 0,
                    "mean": 0.0,
                    "stddev": 0.0,
                    "N": 0
                },
                "clat_ns": {
                    "min": 0,
                    "max": 0,
                    "mean": 0.0,
                    "stddev": 0.0,
                    "N": 0
                },
                "lat_ns": {
                    "min": 0,
                    "max": 0,
                    "mean": 0.0,
                    "stddev": 0.0,
                    "N": 0
                },
                "bw_min": 0,
                "bw_max": 0,
                "bw_agg": 0.0,
                "bw_mean": 0.0,
                "bw_dev": 0.0,
                "bw_samples": 0,
                "iops_min": 0,
                "iops_max": 0,
                "iops_mean": 0.0,
                "iops_stddev": 0.0,
                "iops_samples": 0
            },
            "trim": {
                "io_bytes": 0,
                "io_kbytes": 0,
                "bw_bytes": 0,
                "bw": 0,
                "iops": 0.0,
                "runtime": 0,
                "total_ios": 0,
                "short_ios": 0,
                "drop_ios": 0,
                "slat_ns": {
                    "min": 0,
                    "max": 0,
                    "mean": 0.0,
                    "stddev": 0.0,
                    "N": 0
                },
                "clat_ns": {
                    "min": 0,
                    "max": 0,
                    "mean": 0.0,
                    "stddev": 0.0,
                    "N": 0
                },
                "lat_ns": {
                    "min": 0,
                    "max": 0,
                    "mean": 0.0,
                    "stddev": 0.0,
                    "N": 0
                },
                "bw_min": 0,
                "bw_max": 0,
                "bw_agg": 0.0,
                "bw_mean": 0.0,
                "bw_dev": 0.0,
                "bw_samples": 0,
                "iops_min": 0,
                "iops_max": 0,
                "iops_mean": 0.0,
                "iops_stddev": 0.0,
                "iops_samples": 0
            },
            "sync": {
                "total_ios": 0,
                "lat_ns": {
                    "min": 0,
                    "max": 0,
                    "mean": 0.0,
                    "stddev": 0.0,
                    "N": 0
                }
            },
            "job_runtime": 7000,
            "usr_cpu": 99.985714,
            "sys_cpu": 0.0,
            "ctx": 19,
            "majf": 0,
            "minf": 0,
            "iodepth_level": {
                "1": 0.0,
                "2": 0.0,
                "4": 0.0,
                "8": 0.0,
                "16": 0.0,
                "32": 0.0,
                ">=64": 100.0
            },
            "iodepth_submit": {
                "0": 0.0,
                "4": 100.0,
                "8": 0.0,
                "16": 0.0,
                "32": 0.0,
                "64": 0.0,
                ">=64": 0.0
            },
            "iodepth_complete": {
                "0": 0.0,
                "4": 93.288489,
                "8": 6.711502,
                "16": 0.0,
                "32": 0.0,
                "64": 0.0,
                ">=64": 0.1
            },
            "latency_ns": {
                "2": 0.0,
                "4": 0.0,
                "10": 0.0,
                "20": 0.0,
                "50": 0.0,
                "100": 0.0,
                "250": 0.0,
                "500": 0.0,
                "750": 0.0,
                "1000": 0.0
            },
            "latency_us": {
                "2": 0.0,
                "4": 0.0,
                "10": 0.0,
                "20": 0.0,
                "50": 0.0,
                "100": 0.06772,
                "250": 99.933842,
                "500": 0.0,
                "750": 0.0,
                "1000": 0.0
            },
            "latency_ms": {
                "2": 0.0,
                "4": 0.0,
                "10": 0.0,
                "20": 0.0,
                "50": 0.0,
                "100": 0.0,
                "250": 0.0,
                "500": 0.0,
                "750": 0.0,
                "1000": 0.0,
                "2000": 0.0,
                ">=2000": 0.0
            },
            "latency_depth": 128,