{
    "fio version": "fio-3.32-75-gc470",
    "timestamp": 1667143335,
    "timestamp_ms": 1667143335920,
    "time": "Sun Oct 30 10:22:15 2022",
    "jobs": [
        {
            "jobname": "libaio-bdev_xnvme",
            "groupid": 0,
            "error": 0,
            "eta": 0,
            "elapsed": 11,
            "job options": {
                "name": "libaio-bdev_xnvme",
                "rw": "randread",
                "size": "12G",
                "iodepth": "128",
                "bs": "512",
                "direct": "1",
                "thread": "1",
                "time_based": "1",
                "runtime": "7",
                "ramp_time": "3",
                "norandommap": "1",
                "allow_file_create": "0",
                "ioengine": "spdk_bdev",
                "spdk_conf": "/tmp/spdk_bdev_xnvme_libaio.conf",
                "filename": "Nvme0n1",
                "cpus_allowed": "1"
            },
            "read": {
                "io_bytes": 2150590976,
                "io_kbytes": 2100186,
                "bw_bytes": 307183398,
                "bw": 299983,
                "iops": 599964.862163,
                "runtime": 7001,
                "total_ios": 4200354,
                "short_ios": 0,
                "drop_ios": 0,
                "slat_ns": {
                    "min": 738,
                    "max": 12344,
                    "mean": 1394.755454,
                    "stddev": 470.9989,
                    "N": 4200355
                },
                "clat_ns": {
                    "min": 8655,
                    "max": 249304,
                    "mean": 111841.896801,
                    "stddev": 57065.010911,
                    "N": 4200373,
                    "percentile": {
                        "1.000000": 15680,
                        "5.000000": 23424,
                        "10.000000": 33536,
                        "20.000000": 52992,
                        "30.000000": 72192,
                        "40.000000": 91648,
                        "50.000000": 111104,
                        "60.000000": 130560,
                        "70.000000": 150528,
                        "80.000000": 168960,
                        "90.000000": 189440,
                        "95.000000": 197632,
                        "99.000000": 216064,
                        "99.500000": 216064,
                        "99.900000": 218112,
                        "99.950000": 218112,
                        "99.990000": 220160
                    }
                },
                "lat_ns": {
                    "min": 10183,
                    "max": 250521,
                    "mean": 113236.651554,
                    "stddev": 57021.497439,
                    "N": 4200373
                },
                "bw_min": 299973,
                "bw_max": 300264,
                "bw_agg": 100.0,
                "bw_mean": 300124.357143,
                "bw_dev": 106.533207,
                "bw_samples": 14,
                "iops_min": 599946,
                "iops_max": 600529,
                "iops_mean": 600248.785714,
                "iops_stddev": 213.167388,
                "iops_samples": 14
            },
            "write": {
                "io_bytes": 0,
                "io_kbytes": 0,
                "bw_bytes": 0,
                "bw": 0,
                "iops": 0.0,
                "runtime": 0,
                "total_ios": 0,
                "short_ios": 0,
                "drop_ios": 0,
                "slat_ns": {
                    "min": 0,
                    "max": 0,
                    "mean": 0.0,
                    "stddev": 0.0,
                    "N": 0
                },
                "clat_ns": {
                    "min": 0,
                    "max": 0,
                    "mean": 0.0,
                    "stddev": 0.0,
                    "N": 0
                },
                "lat_ns": {
                    "min": 0,
                    "max": 0,
                    "mean": 0.0,
                    "stddev": 0.0,
                    "N": 0
                },
                "bw_min": 0,
                "bw_max": 0,
                "bw_agg": 0.0,
                "bw_mean": 0.0,
                "bw_dev": 0.0,
                "bw_samples": 0,
                "iops_min": 0,
                "iops_max": 0,
                "iops_mean": 0.0,
                "iops_stddev": 0.0,
                "iops_samples": 0
            },
            "trim": {
                "io_bytes": 0,
                "io_kbytes": 0,
                "bw_bytes": 0,
                "bw": 0,
                "iops": 0.0,
                "runtime": 0,
                "total_ios": 0,
                "short_ios": 0,
                "drop_ios": 0,
                "slat_ns": {
                    "min": 0,
                    "max": 0,
                    "mean": 0.0,
                    "stddev": 0.0,
                    "N": 0
                },
                "clat_ns": {
                    "min": 0,
                    "max": 0,
                    "mean": 0.0,
                    "stddev": 0.0,
                    "N": 0
                },
                "lat_ns": {
                    "min": 0,
                    "max": 0,
                    "mean": 0.0,
                    "stddev": 0.0,
                    "N": 0
                },
                "bw_min": 0,
                "bw_max": 0,
                "bw_agg": 0.0,
                "bw_mean": 0.0,
                "bw_dev": 0.0,
                "bw_samples": 0,
                "iops_min": 0,
                "iops_max": 0,
                "iops_mean": 0.0,
                "iops_stddev": 0.0,
                "iops_samples": 0
            },
            "sync": {
                "total_ios": 0,
                "lat_ns": {
                    "min": 0,
                    "max": 0,
                    "mean": 0.0,
                    "stddev": 0.0,
                    "N": 0
                }
            },
            "job_runtime": 7000,
            "usr_cpu": 33.185714,
            "sys_cpu": 66.785714,
            "ctx": 14,
            "majf": 0,
            "minf": 0,
            "iodepth_level": {
                "1": 0.0,
                "2": 0.1,
                "4": 0.934588,
                "8": 6.54921,
                "16": 13.099753,
                "32": 26.199697,
                ">=64": 53.216681
            },
            "iodepth_submit": {
                "0": 0.0,
                "4": 100.0,
                "8": 0.0,
                "16": 0.0,
                "32": 0.0,
                "64": 0.0,
                ">=64": 0.0
            },
            "iodepth_complete": {
                "0": 0.0,
                "4": 99.187908,
                "8": 0.0,
                "16": 0.0,
                "32": 0.0,
                "64": 0.0,
                ">=64": 0.812092
            },
            "latency_ns": {
                "2": 0.0,
                "4": 0.0,
                "10": 0.0,
                "20": 0.0,
                "50": 0.0,
                "100": 0.0,
                "250": 0.0,
                "500": 0.0,
                "750": 0.0,
                "1000": 0.0
            },
            "latency_us": {
                "2": 0.0,
                "4": 0.0,
                "10": 0.01,
                "20": 3.24875,
                "50": 15.330184,
                "100": 25.548728,
                "250": 55.872672,
                "500": 0.0,
                "750": 0.0,
                "1000": 0.0
            },
            "latency_ms": {
                "2": 0.0,
                "4": 0.0,
                "10": 0.0,
                "20": 0.0,
                "50": 0.0,
                "100": 0.0,
                "250": 0.0,
                "500": 0.0,
                "750": 0.0,
                "1000": 0.0,
                "2000": 0.0,
                ">=2000": 0.0
            },