{
    "fio version": "fio-3.32-dirty",
    "timestamp": 1666734747,
    "timestamp_ms": 1666734747818,
    "time": "Tue Oct 25 23:52:27 2022",
    "jobs": [
        {
            "jobname": "libaio-reference",
            "groupid": 0,
            "error": 0,
            "eta": 0,
            "elapsed": 11,
            "job options": {
                "name": "libaio-reference",
                "rw": "randread",
                "size": "12G",
                "iodepth": "8",
                "bs": "4K",
                "direct": "1",
                "thread": "1",
                "time_based": "1",
                "runtime": "7",
                "ramp_time": "3",
                "norandommap": "1",
                "allow_file_create": "0",
                "ioengine": "libaio",
                "filename": "/dev/nvme0n1"
            },
            "read": {
                "io_bytes": 6419091456,
                "io_kbytes": 6268644,
                "bw_bytes": 916882081,
                "bw": 895392,
                "iops": 223847.164691,
                "runtime": 7001,
                "total_ios": 1567154,
                "short_ios": 0,
                "drop_ios": 0,
                "slat_ns": {
                    "min": 1332,
                    "max": 1297263,
                    "mean": 2019.222772,
                    "stddev": 1292.972535,
                    "N": 1567154
                },
                "clat_ns": {
                    "min": 12954,
                    "max": 1329383,
                    "mean": 33446.079906,
                    "stddev": 9235.556673,
                    "N": 1567161,
                    "percentile": {
                        "1.000000": 24192,
                        "5.000000": 28032,
                        "10.000000": 28288,
                        "20.000000": 28800,
                        "30.000000": 29568,
                        "40.000000": 30592,
                        "50.000000": 31616,
                        "60.000000": 32128,
                        "70.000000": 32384,
                        "80.000000": 33536,
                        "90.000000": 44800,
                        "95.000000": 51968,
                        "99.000000": 62720,
                        "99.500000": 67072,
                        "99.900000": 129536,
                        "99.950000": 140288,
                        "99.990000": 156672
                    }
                },
                "lat_ns": {
                    "min": 17462,
                    "max": 1332139,
                    "mean": 35465.30149,
                    "stddev": 9217.281644,
                    "N": 1567161
                },
                "bw_min": 892584,
                "bw_max": 897699,
                "bw_agg": 100.0,
                "bw_mean": 895743.142857,
                "bw_dev": 1372.428272,
                "bw_samples": 14,
                "iops_min": 223146,
                "iops_max": 224424,
                "iops_mean": 223935.714286,
                "iops_stddev": 343.066584,
                "iops_samples": 14
            },
            "write": {
                "io_bytes": 0,
                "io_kbytes": 0,
                "bw_bytes": 0,
                "bw": 0,
                "iops": 0.0,
                "runtime": 0,
                "total_ios": 0,
                "short_ios": 0,
                "drop_ios": 0,
                "slat_ns": {
                    "min": 0,
                    "max": 0,
                    "mean": 0.0,
                    "stddev": 0.0,
                    "N": 0
                },
                "clat_ns": {
                    "min": 0,
                    "max": 0,
                    "mean": 0.0,
                    "stddev": 0.0,
                    "N": 0
                },
                "lat_ns": {
                    "min": 0,
                    "max": 0,
                    "mean": 0.0,
                    "stddev": 0.0,
                    "N": 0
                },
                "bw_min": 0,
                "bw_max": 0,
                "bw_agg": 0.0,
                "bw_mean": 0.0,
                "bw_dev": 0.0,
                "bw_samples": 0,
                "iops_min": 0,
                "iops_max": 0,
                "iops_mean": 0.0,
                "iops_stddev": 0.0,
                "iops_samples": 0
            },
            "trim": {
                "io_bytes": 0,
                "io_kbytes": 0,
                "bw_bytes": 0,
                "bw": 0,
                "iops": 0.0,
                "runtime": 0,
                "total_ios": 0,
                "short_ios": 0,
                "drop_ios": 0,
                "slat_ns": {
                    "min": 0,
                    "max": 0,
                    "mean": 0.0,
                    "stddev": 0.0,
                    "N": 0
                },
                "clat_ns": {
                    "min": 0,
                    "max": 0,
                    "mean": 0.0,
                    "stddev": 0.0,
                    "N": 0
                },
                "lat_ns": {
                    "min": 0,
                    "max": 0,
                    "mean": 0.0,
                    "stddev": 0.0,
                    "N": 0
                },
                "bw_min": 0,
                "bw_max": 0,
                "bw_agg": 0.0,
                "bw_mean": 0.0,
                "bw_dev": 0.0,
                "bw_samples": 0,
                "iops_min": 0,
                "iops_max": 0,
                "iops_mean": 0.0,
                "iops_stddev": 0.0,
                "iops_samples": 0
            },
            "sync": {
                "total_ios": 0,
                "lat_ns": {
                    "min": 0,
                    "max": 0,
                    "mean": 0.0,
                    "stddev": 0.0,
                    "N": 0
                }
            },
            "job_runtime": 7000,
            "usr_cpu": 22.885714,
            "sys_cpu": 55.914286,
            "ctx": 540455,
            "majf": 0,
            "minf": 0,
            "iodepth_level": {
                "1": 0.0,
                "2": 0.0,
                "4": 0.0,
                "8": 100.0,
                "16": 0.0,
                "32": 0.0,
                ">=64": 0.0
            },
            "iodepth_submit": {
                "0": 0.0,
                "4": 100.0,
                "8": 0.0,
                "16": 0.0,
                "32": 0.0,
                "64": 0.0,
                ">=64": 0.0
            },
            "iodepth_complete": {
                "0": 0.0,
                "4": 99.999936,
                "8": 0.1,
                "16": 0.0,
                "32": 0.0,
                "64": 0.0,
                ">=64": 0.0
            },
            "latency_ns": {
                "2": 0.0,
                "4": 0.0,
                "10": 0.0,
                "20": 0.0,
                "50": 0.0,
                "100": 0.0,
                "250": 0.0,
                "500": 0.0,
                "750": 0.0,
                "1000": 0.0
            },
            "latency_us": {
                "2": 0.0,
                "4": 0.0,
                "10": 0.0,
                "20": 0.049261,
                "50": 92.557081,
                "100": 7.134079,
                "250": 0.259579,
                "500": 0.0,
                "750": 0.0,
                "1000": 0.0
            },
            "latency_ms": {
                "2": 0.01,
                "4": 0.0,
                "10": 0.0,
                "20": 0.0,
                "50": 0.0,
                "100": 0.0,
                "250": 0.0,
                "500": 0.0,
                "750": 0.0,
                "1000": 0.0,
                "2000": 0.0,
                ">=2000": 0.0
            },
            "latency_depth": 8,
            "latency_target": 0,
            "latency_percentile": 100.0,