{
    "fio version": "fio-3.32-dirty",
    "timestamp": 1666733232,
    "timestamp_ms": 1666733232288,
    "time": "Tue Oct 25 23:27:12 2022",
    "jobs": [
        {
            "jobname": "io_uring-bdev_xnvme",
            "groupid": 0,
            "error": 0,
            "eta": 0,
            "elapsed": 11,
            "job options": {
                "name": "io_uring-bdev_xnvme",
                "rw": "randread",
                "size": "12G",
                "iodepth": "1",
                "bs": "4K",
                "direct": "1",
                "thread": "1",
                "time_based": "1",
                "runtime": "7",
                "ramp_time": "3",
                "norandommap": "1",
                "allow_file_create": "0",
                "ioengine": "spdk_bdev",
                "spdk_conf": "/tmp/spdk_bdev_xnvme_io_uring.conf",
                "filename": "Nvme0n1"
            },
            "read": {
                "io_bytes": 2934267904,
                "io_kbytes": 2865496,
                "bw_bytes": 419121254,
                "bw": 409298,
                "iops": 102324.525068,
                "runtime": 7001,
                "total_ios": 716374,
                "short_ios": 0,
                "drop_ios": 0,
                "slat_ns": {
                    "min": 1543,
                    "max": 18425,
                    "mean": 1610.136684,
                    "stddev": 115.405056,
                    "N": 716374
                },
                "clat_ns": {
                    "min": 400,
                    "max": 1295729,
                    "mean": 7923.244064,
                    "stddev": 2451.556179,
                    "N": 716374,
                    "percentile": {
                        "1.000000": 7392,
                        "5.000000": 7456,
                        "10.000000": 7456,
                        "20.000000": 7520,
                        "30.000000": 7520,
                        "40.000000": 7584,
                        "50.000000": 7648,
                        "60.000000": 7648,
                        "70.000000": 7712,
                        "80.000000": 7712,
                        "90.000000": 7776,
                        "95.000000": 8160,
                        "99.000000": 17280,
                        "99.500000": 20096,
                        "99.900000": 22656,
                        "99.950000": 32384,
                        "99.990000": 65280
                    }
                },
                "lat_ns": {
                    "min": 8926,
                    "max": 1297322,
                    "mean": 9533.380748,
                    "stddev": 2454.613923,
                    "N": 716374
                },
                "bw_min": 408576,
                "bw_max": 410869,
                "bw_agg": 100.0,
                "bw_mean": 409391.785714,
                "bw_dev": 583.68118,
                "bw_samples": 14,
                "iops_min": 102144,
                "iops_max": 102717,
                "iops_mean": 102347.928571,
                "iops_stddev": 145.871632,
                "iops_samples": 14
            },
            "write": {
                "io_bytes": 0,
                "io_kbytes": 0,
                "bw_bytes": 0,
                "bw": 0,
                "iops": 0.0,
                "runtime": 0,
                "total_ios": 0,
                "short_ios": 0,
                "drop_ios": 0,
                "slat_ns": {
                    "min": 0,
                    "max": 0,
                    "mean": 0.0,
                    "stddev": 0.0,
                    "N": 0
                },
                "clat_ns": {
                    "min": 0,
                    "max": 0,
                    "mean": 0.0,
                    "stddev": 0.0,
                    "N": 0
                },
                "lat_ns": {
                    "min": 0,
                    "max": 0,
                    "mean": 0.0,
                    "stddev": 0.0,
                    "N": 0
                },
                "bw_min": 0,
                "bw_max": 0,
                "bw_agg": 0.0,
                "bw_mean": 0.0,
                "bw_dev": 0.0,
                "bw_samples": 0,
                "iops_min": 0,
                "iops_max": 0,
                "iops_mean": 0.0,
                "iops_stddev": 0.0,
                "iops_samples": 0
            },
            "trim": {
                "io_bytes": 0,
                "io_kbytes": 0,
                "bw_bytes": 0,
                "bw": 0,
                "iops": 0.0,
                "runtime": 0,
                "total_ios": 0,
                "short_ios": 0,
                "drop_ios": 0,
                "slat_ns": {
                    "min": 0,
                    "max": 0,
                    "mean": 0.0,
                    "stddev": 0.0,
                    "N": 0
                },
                "clat_ns": {
                    "min": 0,
                    "max": 0,
                    "mean": 0.0,
                    "stddev": 0.0,
                    "N": 0
                },
                "lat_ns": {
                    "min": 0,
                    "max": 0,
                    "mean": 0.0,
                    "stddev": 0.0,
                    "N": 0
                },
                "bw_min": 0,
                "bw_max": 0,
                "bw_agg": 0.0,
                "bw_mean": 0.0,
                "bw_dev": 0.0,
                "bw_samples": 0,
                "iops_min": 0,
                "iops_max": 0,
                "iops_mean": 0.0,
                "iops_stddev": 0.0,
                "iops_samples": 0
            },
            "sync": {
                "total_ios": 0,
                "lat_ns": {
                    "min": 0,
                    "max": 0,
                    "mean": 0.0,
                    "stddev": 0.0,
                    "N": 0
                }
            },
            "job_runtime": 7000,
            "usr_cpu": 6.957143,
            "sys_cpu": 93.0,
            "ctx": 48,
            "majf": 0,
            "minf": 0,
            "iodepth_level": {
                "1": 100.0,
                "2": 0.0,
                "4": 0.0,
                "8": 0.0,
                "16": 0.0,
                "32": 0.0,
                ">=64": 0.0
            },
            "iodepth_submit": {
                "0": 0.0,
                "4": 100.0,
                "8": 0.0,
                "16": 0.0,
                "32": 0.0,
                "64": 0.0,
                ">=64": 0.0
            },
            "iodepth_complete": {
                "0": 0.0,
                "4": 100.0,
                "8": 0.0,
                "16": 0.0,
                "32": 0.0,
                "64": 0.0,
                ">=64": 0.0
            },
            "latency_ns": {
                "2": 0.0,
                "4": 0.0,
                "10": 0.0,
                "20": 0.0,
                "50": 0.0,
                "100": 0.0,
                "250": 0.0,
                "500": 0.01,
                "750": 0.01,
                "1000": 0.0
            },
            "latency_us": {
                "2": 0.0,
                "4": 0.01,
                "10": 96.128419,
                "20": 3.32452,
                "50": 0.511325,
                "100": 0.034619,
                "250": 0.01,
                "500": 0.0,
                "750": 0.0,
                "1000": 0.0
            },
            "latency_ms": {
                "2": 0.01,
                "4": 0.0,
                "10": 0.0,
                "20": 0.0,
                "50": 0.0,
                "100": 0.0,
                "250": 0.0,
                "500": 0.0,
                "750": 0.0,
                "1000": 0.0,
                "2000": 0.0,
                ">=2000": 0.0
            },
            "latency_depth": 1,
            "latency_target": 0,
            "latency_percentile": 100.0,