{
    "fio version": "fio-3.32-dirty",
    "timestamp": 1666733832,
    "timestamp_ms": 1666733832158,
    "time": "Tue Oct 25 23:37:12 2022",
    "jobs": [
        {
            "jobname": "libaio-bdev_aio",
            "groupid": 0,
            "error": 0,
            "eta": 0,
            "elapsed": 11,
            "job options": {
                "name": "libaio-bdev_aio",
                "rw": "randread",
                "size": "12G",
                "iodepth": "2",
                "bs": "4K",
                "direct": "1",
                "thread": "1",
                "time_based": "1",
                "runtime": "7",
                "ramp_time": "3",
                "norandommap": "1",
                "allow_file_create": "0",
                "ioengine": "spdk_bdev",
                "spdk_conf": "/tmp/spdk_bdev_aio_foo.conf",
                "filename": "Nvme0n1"
            },
            "read": {
                "io_bytes": 3812896768,
                "io_kbytes": 3723532,
                "bw_bytes": 544621735,
                "bw": 531857,
                "iops": 132964.147979,
                "runtime": 7001,
                "total_ios": 930882,
                "short_ios": 0,
                "drop_ios": 0,
                "slat_ns": {
                    "min": 1542,
                    "max": 43872,
                    "mean": 1620.137457,
                    "stddev": 131.643678,
                    "N": 930882
                },
                "clat_ns": {
                    "min": 240,
                    "max": 1034130,
                    "mean": 12198.356105,
                    "stddev": 4029.463553,
                    "N": 930882,
                    "percentile": {
                        "1.000000": 10432,
                        "5.000000": 10432,
                        "10.000000": 10560,
                        "20.000000": 10560,
                        "30.000000": 10688,
                        "40.000000": 10688,
                        "50.000000": 12224,
                        "60.000000": 12352,
                        "70.000000": 12352,
                        "80.000000": 12480,
                        "90.000000": 12480,
                        "95.000000": 13120,
                        "99.000000": 29568,
                        "99.500000": 37120,
                        "99.900000": 50432,
                        "99.950000": 63744,
                        "99.990000": 74240
                    }
                },
                "lat_ns": {
                    "min": 9217,
                    "max": 1035763,
                    "mean": 13818.493562,
                    "stddev": 4036.311352,
                    "N": 930882
                },
                "bw_min": 528936,
                "bw_max": 533304,
                "bw_agg": 100.0,
                "bw_mean": 531980.714286,
                "bw_dev": 1458.161879,
                "bw_samples": 14,
                "iops_min": 132234,
                "iops_max": 133326,
                "iops_mean": 132995.142857,
                "iops_stddev": 364.505747,
                "iops_samples": 14
            },
            "write": {
                "io_bytes": 0,
                "io_kbytes": 0,
                "bw_bytes": 0,
                "bw": 0,
                "iops": 0.0,
                "runtime": 0,
                "total_ios": 0,
                "short_ios": 0,
                "drop_ios": 0,
                "slat_ns": {
                    "min": 0,
                    "max": 0,
                    "mean": 0.0,
                    "stddev": 0.0,
                    "N": 0
                },
                "clat_ns": {
                    "min": 0,
                    "max": 0,
                    "mean": 0.0,
                    "stddev": 0.0,
                    "N": 0
                },
                "lat_ns": {
                    "min": 0,
                    "max": 0,
                    "mean": 0.0,
                    "stddev": 0.0,
                    "N": 0
                },
                "bw_min": 0,
                "bw_max": 0,
                "bw_agg": 0.0,
                "bw_mean": 0.0,
                "bw_dev": 0.0,
                "bw_samples": 0,
                "iops_min": 0,
                "iops_max": 0,
                "iops_mean": 0.0,
                "iops_stddev": 0.0,
                "iops_samples": 0
            },
            "trim": {
                "io_bytes": 0,
                "io_kbytes": 0,
                "bw_bytes": 0,
                "bw": 0,
                "iops": 0.0,
                "runtime": 0,
                "total_ios": 0,
                "short_ios": 0,
                "drop_ios": 0,
                "slat_ns": {
                    "min": 0,
                    "max": 0,
                    "mean": 0.0,
                    "stddev": 0.0,
                    "N": 0
                },
                "clat_ns": {
                    "min": 0,
                    "max": 0,
                    "mean": 0.0,
                    "stddev": 0.0,
                    "N": 0
                },
                "lat_ns": {
                    "min": 0,
                    "max": 0,
                    "mean": 0.0,
                    "stddev": 0.0,
                    "N": 0
                },
                "bw_min": 0,
                "bw_max": 0,
                "bw_agg": 0.0,
                "bw_mean": 0.0,
                "bw_dev": 0.0,
                "bw_samples": 0,
                "iops_min": 0,
                "iops_max": 0,
                "iops_mean": 0.0,
                "iops_stddev": 0.0,
                "iops_samples": 0
            },
            "sync": {
                "total_ios": 0,
                "lat_ns": {
                    "min": 0,
                    "max": 0,
                    "mean": 0.0,
                    "stddev": 0.0,
                    "N": 0
                }
            },
            "job_runtime": 7000,
            "usr_cpu": 86.657143,
            "sys_cpu": 13.3,
            "ctx": 41,
            "majf": 0,
            "minf": 0,
            "iodepth_level": {
                "1": 49.984746,
                "2": 50.015254,
                "4": 0.0,
                "8": 0.0,
                "16": 0.0,
                "32": 0.0,
                ">=64": 0.0
            },
            "iodepth_submit": {
                "0": 0.0,
                "4": 100.0,
                "8": 0.0,
                "16": 0.0,
                "32": 0.0,
                "64": 0.0,
                ">=64": 0.0
            },
            "iodepth_complete": {
                "0": 0.0,
                "4": 100.0,
                "8": 0.0,
                "16": 0.0,
                "32": 0.0,
                "64": 0.0,
                ">=64": 0.0
            },
            "latency_ns": {
                "2": 0.0,
                "4": 0.0,
                "10": 0.0,
                "20": 0.0,
                "50": 0.0,
                "100": 0.0,
                "250": 0.01,
                "500": 0.01,
                "750": 0.0,
                "1000": 0.0
            },
            "latency_us": {
                "2": 0.0,
                "4": 0.01,
                "10": 0.049738,
                "20": 96.555847,
                "50": 3.289031,
                "100": 0.102483,
                "250": 0.01,
                "500": 0.0,
                "750": 0.0,
                "1000": 0.0
            },
            "latency_ms": {
                "2": 0.01,
                "4": 0.0,
                "10": 0.0,
                "20": 0.0,
                "50": 0.0,
                "100": 0.0,
                "250": 0.0,
                "500": 0.0,
                "750": 0.0,
                "1000": 0.0,
                "2000": 0.0,
                ">=2000": 0.0
            },
            "latency_depth": 2,
            "latency_target": 0,
            "latency_percentile": 100.0,