{
    "fio version": "fio-3.32-dirty",
    "timestamp": 1666733892,
    "timestamp_ms": 1666733892681,
    "time": "Tue Oct 25 23:38:12 2022",
    "jobs": [
        {
            "jobname": "libaio-bdev_xnvme",
            "groupid": 0,
            "error": 0,
            "eta": 0,
            "elapsed": 11,
            "job options": {
                "name": "libaio-bdev_xnvme",
                "rw": "randread",
                "size": "12G",
                "iodepth": "2",
                "bs": "4K",
                "direct": "1",
                "thread": "1",
                "time_based": "1",
                "runtime": "7",
                "ramp_time": "3",
                "norandommap": "1",
                "allow_file_create": "0",
                "ioengine": "spdk_bdev",
                "spdk_conf": "/tmp/spdk_bdev_xnvme_libaio.conf",
                "filename": "Nvme0n1"
            },
            "read": {
                "io_bytes": 3749478400,
                "io_kbytes": 3661600,
                "bw_bytes": 535563262,
                "bw": 523010,
                "iops": 130752.60677,
                "runtime": 7001,
                "total_ios": 915399,
                "short_ios": 0,
                "drop_ios": 0,
                "slat_ns": {
                    "min": 1552,
                    "max": 175259,
                    "mean": 1626.508294,
                    "stddev": 223.366531,
                    "N": 915399
                },
                "clat_ns": {
                    "min": 711,
                    "max": 181591,
                    "mean": 12431.741996,
                    "stddev": 3780.59027,
                    "N": 915399,
                    "percentile": {
                        "1.000000": 10560,
                        "5.000000": 10560,
                        "10.000000": 10688,
                        "20.000000": 10816,
                        "30.000000": 10944,
                        "40.000000": 11072,
                        "50.000000": 12352,
                        "60.000000": 12480,
                        "70.000000": 12608,
                        "80.000000": 12736,
                        "90.000000": 12864,
                        "95.000000": 13376,
                        "99.000000": 29824,
                        "99.500000": 37120,
                        "99.900000": 50432,
                        "99.950000": 63744,
                        "99.990000": 80384
                    }
                },
                "lat_ns": {
                    "min": 9377,
                    "max": 188053,
                    "mean": 14058.25029,
                    "stddev": 3793.051475,
                    "N": 915399
                },
                "bw_min": 521616,
                "bw_max": 524296,
                "bw_agg": 100.0,
                "bw_mean": 523131.285714,
                "bw_dev": 699.172965,
                "bw_samples": 14,
                "iops_min": 130404,
                "iops_max": 131074,
                "iops_mean": 130782.785714,
                "iops_stddev": 174.475116,
                "iops_samples": 14
            },
            "write": {
                "io_bytes": 0,
                "io_kbytes": 0,
                "bw_bytes": 0,
                "bw": 0,
                "iops": 0.0,
                "runtime": 0,
                "total_ios": 0,
                "short_ios": 0,
                "drop_ios": 0,
                "slat_ns": {
                    "min": 0,
                    "max": 0,
                    "mean": 0.0,
                    "stddev": 0.0,
                    "N": 0
                },
                "clat_ns": {
                    "min": 0,
                    "max": 0,
                    "mean": 0.0,
                    "stddev": 0.0,
                    "N": 0
                },
                "lat_ns": {
                    "min": 0,
                    "max": 0,
                    "mean": 0.0,
                    "stddev": 0.0,
                    "N": 0
                },
                "bw_min": 0,
                "bw_max": 0,
                "bw_agg": 0.0,
                "bw_mean": 0.0,
                "bw_dev": 0.0,
                "bw_samples": 0,
                "iops_min": 0,
                "iops_max": 0,
                "iops_mean": 0.0,
                "iops_stddev": 0.0,
                "iops_samples": 0
            },
            "trim": {
                "io_bytes": 0,
                "io_kbytes": 0,
                "bw_bytes": 0,
                "bw": 0,
                "iops": 0.0,
                "runtime": 0,
                "total_ios": 0,
                "short_ios": 0,
                "drop_ios": 0,
                "slat_ns": {
                    "min": 0,
                    "max": 0,
                    "mean": 0.0,
                    "stddev": 0.0,
                    "N": 0
                },
                "clat_ns": {
                    "min": 0,
                    "max": 0,
                    "mean": 0.0,
                    "stddev": 0.0,
                    "N": 0
                },
                "lat_ns": {
                    "min": 0,
                    "max": 0,
                    "mean": 0.0,
                    "stddev": 0.0,
                    "N": 0
                },
                "bw_min": 0,
                "bw_max": 0,
                "bw_agg": 0.0,
                "bw_mean": 0.0,
                "bw_dev": 0.0,
                "bw_samples": 0,
                "iops_min": 0,
                "iops_max": 0,
                "iops_mean": 0.0,
                "iops_stddev": 0.0,
                "iops_samples": 0
            },
            "sync": {
                "total_ios": 0,
                "lat_ns": {
                    "min": 0,
                    "max": 0,
                    "mean": 0.0,
                    "stddev": 0.0,
                    "N": 0
                }
            },
            "job_runtime": 7000,
            "usr_cpu": 34.957143,
            "sys_cpu": 65.014286,
            "ctx": 17,
            "majf": 0,
            "minf": 0,
            "iodepth_level": {
                "1": 49.974055,
                "2": 50.025945,
                "4": 0.0,
                "8": 0.0,
                "16": 0.0,
                "32": 0.0,
                ">=64": 0.0
            },
            "iodepth_submit": {
                "0": 0.0,
                "4": 100.0,
                "8": 0.0,
                "16": 0.0,
                "32": 0.0,
                "64": 0.0,
                ">=64": 0.0
            },
            "iodepth_complete": {
                "0": 0.0,
                "4": 100.0,
                "8": 0.0,
                "16": 0.0,
                "32": 0.0,
                "64": 0.0,
                ">=64": 0.0
            },
            "latency_ns": {
                "2": 0.0,
                "4": 0.0,
                "10": 0.0,
                "20": 0.0,
                "50": 0.0,
                "100": 0.0,
                "250": 0.0,
                "500": 0.0,
                "750": 0.01,
                "1000": 0.01
            },
            "latency_us": {
                "2": 0.0,
                "4": 0.01,
                "10": 0.06347,
                "20": 96.510811,
                "50": 3.32041,
                "100": 0.101267,
                "250": 0.01,
                "500": 0.0,
                "750": 0.0,
                "1000": 0.0
            },
            "latency_ms": {
                "2": 0.0,
                "4": 0.0,
                "10": 0.0,
                "20": 0.0,
                "50": 0.0,
                "100": 0.0,
                "250": 0.0,
                "500": 0.0,
                "750": 0.0,
                "1000": 0.0,
                "2000": 0.0,
                ">=2000": 0.0
            },
            "latency_depth": 2,
            "latency_target": 0,