{
    "fio version": "fio-3.32-dirty",
    "timestamp": 1666734075,
    "timestamp_ms": 1666734075058,
    "time": "Tue Oct 25 23:41:15 2022",
    "jobs": [
        {
            "jobname": "io_uring-reference",
            "groupid": 0,
            "error": 0,
            "eta": 0,
            "elapsed": 11,
            "job options": {
                "name": "io_uring-reference",
                "rw": "randread",
                "size": "12G",
                "iodepth": "4",
                "bs": "4K",
                "direct": "1",
                "thread": "1",
                "time_based": "1",
                "runtime": "7",
                "ramp_time": "3",
                "norandommap": "1",
                "allow_file_create": "0",
                "ioengine": "io_uring",
                "filename": "/dev/nvme0n1"
            },
            "read": {
                "io_bytes": 4150661120,
                "io_kbytes": 4053380,
                "bw_bytes": 592866893,
                "bw": 578971,
                "iops": 144742.465362,
                "runtime": 7001,
                "total_ios": 1013342,
                "short_ios": 0,
                "drop_ios": 0,
                "slat_ns": {
                    "min": 2234,
                    "max": 35627,
                    "mean": 2427.005221,
                    "stddev": 421.685182,
                    "N": 1013342
                },
                "clat_ns": {
                    "min": 160,
                    "max": 159249,
                    "mean": 24692.870506,
                    "stddev": 8160.319348,
                    "N": 1013345,
                    "percentile": {
                        "1.000000": 14400,
                        "5.000000": 14528,
                        "10.000000": 14912,
                        "20.000000": 16768,
                        "30.000000": 17536,
                        "40.000000": 20864,
                        "50.000000": 28800,
                        "60.000000": 29056,
                        "70.000000": 29312,
                        "80.000000": 29824,
                        "90.000000": 30080,
                        "95.000000": 34560,
                        "99.000000": 52992,
                        "99.500000": 55552,
                        "99.900000": 80384,
                        "99.950000": 96768,
                        "99.990000": 113152
                    }
                },
                "lat_ns": {
                    "min": 13666,
                    "max": 161533,
                    "mean": 27119.87568,
                    "stddev": 8241.903875,
                    "N": 1013345
                },
                "bw_min": 577330,
                "bw_max": 581224,
                "bw_agg": 100.0,
                "bw_mean": 579190.428571,
                "bw_dev": 1221.195424,
                "bw_samples": 14,
                "iops_min": 144332,
                "iops_max": 145306,
                "iops_mean": 144797.571429,
                "iops_stddev": 305.357474,
                "iops_samples": 14
            },
            "write": {
                "io_bytes": 0,
                "io_kbytes": 0,
                "bw_bytes": 0,
                "bw": 0,
                "iops": 0.0,
                "runtime": 0,
                "total_ios": 0,
                "short_ios": 0,
                "drop_ios": 0,
                "slat_ns": {
                    "min": 0,
                    "max": 0,
                    "mean": 0.0,
                    "stddev": 0.0,
                    "N": 0
                },
                "clat_ns": {
                    "min": 0,
                    "max": 0,
                    "mean": 0.0,
                    "stddev": 0.0,
                    "N": 0
                },
                "lat_ns": {
                    "min": 0,
                    "max": 0,
                    "mean": 0.0,
                    "stddev": 0.0,
                    "N": 0
                },
                "bw_min": 0,
                "bw_max": 0,
                "bw_agg": 0.0,
                "bw_mean": 0.0,
                "bw_dev": 0.0,
                "bw_samples": 0,
                "iops_min": 0,
                "iops_max": 0,
                "iops_mean": 0.0,
                "iops_stddev": 0.0,
                "iops_samples": 0
            },
            "trim": {
                "io_bytes": 0,
                "io_kbytes": 0,
                "bw_bytes": 0,
                "bw": 0,
                "iops": 0.0,
                "runtime": 0,
                "total_ios": 0,
                "short_ios": 0,
                "drop_ios": 0,
                "slat_ns": {
                    "min": 0,
                    "max": 0,
                    "mean": 0.0,
                    "stddev": 0.0,
                    "N": 0
                },
                "clat_ns": {
                    "min": 0,
                    "max": 0,
                    "mean": 0.0,
                    "stddev": 0.0,
                    "N": 0
                },
                "lat_ns": {
                    "min": 0,
                    "max": 0,
                    "mean": 0.0,
                    "stddev": 0.0,
                    "N": 0
                },
                "bw_min": 0,
                "bw_max": 0,
                "bw_agg": 0.0,
                "bw_mean": 0.0,
                "bw_dev": 0.0,
                "bw_samples": 0,
                "iops_min": 0,
                "iops_max": 0,
                "iops_mean": 0.0,
                "iops_stddev": 0.0,
                "iops_samples": 0
            },
            "sync": {
                "total_ios": 0,
                "lat_ns": {
                    "min": 0,
                    "max": 0,
                    "mean": 0.0,
                    "stddev": 0.0,
                    "N": 0
                }
            },
            "job_runtime": 7000,
            "usr_cpu": 15.071429,
            "sys_cpu": 60.985714,
            "ctx": 259323,
            "majf": 0,
            "minf": 0,
            "iodepth_level": {
                "1": 0.0,
                "2": 0.0,
                "4": 100.0,
                "8": 0.0,
                "16": 0.0,
                "32": 0.0,
                ">=64": 0.0
            },
            "iodepth_submit": {
                "0": 0.0,
                "4": 100.0,
                "8": 0.0,
                "16": 0.0,
                "32": 0.0,
                "64": 0.0,
                ">=64": 0.0
            },
            "iodepth_complete": {
                "0": 0.0,
                "4": 100.0,
                "8": 0.0,
                "16": 0.0,
                "32": 0.0,
                "64": 0.0,
                ">=64": 0.0
            },
            "latency_ns": {
                "2": 0.0,
                "4": 0.0,
                "10": 0.0,
                "20": 0.0,
                "50": 0.0,
                "100": 0.0,
                "250": 0.01,
                "500": 0.01,
                "750": 0.0,
                "1000": 0.0
            },
            "latency_us": {
                "2": 0.0,
                "4": 0.01,
                "10": 0.01,
                "20": 35.179239,
                "50": 63.216762,
                "100": 1.556039,
                "250": 0.043223,
                "500": 0.0,
                "750": 0.0,
                "1000": 0.0
            },
            "latency_ms": {
                "2": 0.0,
                "4": 0.0,
                "10": 0.0,
                "20": 0.0,
                "50": 0.0,
                "100": 0.0,
                "250": 0.0,
                "500": 0.0,
                "750": 0.0,
                "1000": 0.0,
                "2000": 0.0,
                ">=2000": 0.0
            },
            "latency_depth": 4,
            "latency_target": 0,
            "latency_percentile": 100.0,
            "latency_window": 0
        }
    ],