{
    "fio version": "fio-3.32-dirty",
    "timestamp": 1666733588,
    "timestamp_ms": 1666733588818,
    "time": "Tue Oct 25 23:33:08 2022",
    "jobs": [
        {
            "jobname": "io_uring_cmd-bdev_xnvme",
            "groupid": 0,
            "error": 0,
            "eta": 0,
            "elapsed": 11,
            "job options": {
                "name": "io_uring_cmd-bdev_xnvme",
                "rw": "randread",
                "size": "12G",
                "iodepth": "2",
                "bs": "4K",
                "direct": "0",
                "thread": "1",
                "time_based": "1",
                "runtime": "7",
                "ramp_time": "3",
                "norandommap": "1",
                "allow_file_create": "0",
                "ioengine": "spdk_bdev",
                "spdk_conf": "/tmp/spdk_bdev_xnvme_io_uring_cmd.conf",
                "filename": "Nvme0n1"
            },
            "read": {
                "io_bytes": 3410411520,
                "io_kbytes": 3330480,
                "bw_bytes": 487132055,
                "bw": 475714,
                "iops": 118928.581631,
                "runtime": 7001,
                "total_ios": 832619,
                "short_ios": 0,
                "drop_ios": 0,
                "slat_ns": {
                    "min": 661,
                    "max": 50916,
                    "mean": 946.325844,
                    "stddev": 169.673091,
                    "N": 832619
                },
                "clat_ns": {
                    "min": 881,
                    "max": 1304386,
                    "mean": 15275.2648,
                    "stddev": 3935.692281,
                    "N": 832620,
                    "percentile": {
                        "1.000000": 13504,
                        "5.000000": 13632,
                        "10.000000": 13760,
                        "20.000000": 13888,
                        "30.000000": 14656,
                        "40.000000": 14784,
                        "50.000000": 14784,
                        "60.000000": 14912,
                        "70.000000": 15040,
                        "80.000000": 15040,
                        "90.000000": 15296,
                        "95.000000": 15808,
                        "99.000000": 31104,
                        "99.500000": 36608,
                        "99.900000": 48896,
                        "99.950000": 64768,
                        "99.990000": 82432
                    }
                },
                "lat_ns": {
                    "min": 10650,
                    "max": 1305568,
                    "mean": 16221.590603,
                    "stddev": 3939.658232,
                    "N": 832620
                },
                "bw_min": 474520,
                "bw_max": 477072,
                "bw_agg": 100.0,
                "bw_mean": 475836.0,
                "bw_dev": 739.461759,
                "bw_samples": 14,
                "iops_min": 118630,
                "iops_max": 119268,
                "iops_mean": 118959.0,
                "iops_stddev": 184.86544,
                "iops_samples": 14
            },
            "write": {
                "io_bytes": 0,
                "io_kbytes": 0,
                "bw_bytes": 0,
                "bw": 0,
                "iops": 0.0,
                "runtime": 0,
                "total_ios": 0,
                "short_ios": 0,
                "drop_ios": 0,
                "slat_ns": {
                    "min": 0,
                    "max": 0,
                    "mean": 0.0,
                    "stddev": 0.0,
                    "N": 0
                },
                "clat_ns": {
                    "min": 0,
                    "max": 0,
                    "mean": 0.0,
                    "stddev": 0.0,
                    "N": 0
                },
                "lat_ns": {
                    "min": 0,
                    "max": 0,
                    "mean": 0.0,
                    "stddev": 0.0,
                    "N": 0
                },
                "bw_min": 0,
                "bw_max": 0,
                "bw_agg": 0.0,
                "bw_mean": 0.0,
                "bw_dev": 0.0,
                "bw_samples": 0,
                "iops_min": 0,
                "iops_max": 0,
                "iops_mean": 0.0,
                "iops_stddev": 0.0,
                "iops_samples": 0
            },
            "trim": {
                "io_bytes": 0,
                "io_kbytes": 0,
                "bw_bytes": 0,
                "bw": 0,
                "iops": 0.0,
                "runtime": 0,
                "total_ios": 0,
                "short_ios": 0,
                "drop_ios": 0,
                "slat_ns": {
                    "min": 0,
                    "max": 0,
                    "mean": 0.0,
                    "stddev": 0.0,
                    "N": 0
                },
                "clat_ns": {
                    "min": 0,
                    "max": 0,
                    "mean": 0.0,
                    "stddev": 0.0,
                    "N": 0
                },
                "lat_ns": {
                    "min": 0,
                    "max": 0,
                    "mean": 0.0,
                    "stddev": 0.0,
                    "N": 0
                },
                "bw_min": 0,
                "bw_max": 0,
                "bw_agg": 0.0,
                "bw_mean": 0.0,
                "bw_dev": 0.0,
                "bw_samples": 0,
                "iops_min": 0,
                "iops_max": 0,
                "iops_mean": 0.0,
                "iops_stddev": 0.0,
                "iops_samples": 0
            },
            "sync": {
                "total_ios": 0,
                "lat_ns": {
                    "min": 0,
                    "max": 0,
                    "mean": 0.0,
                    "stddev": 0.0,
                    "N": 0
                }
            },
            "job_runtime": 7000,
            "usr_cpu": 99.985714,
            "sys_cpu": 0.0,
            "ctx": 19,
            "majf": 0,
            "minf": 0,
            "iodepth_level": {
                "1": 25.146916,
                "2": 74.853084,
                "4": 0.0,
                "8": 0.0,
                "16": 0.0,
                "32": 0.0,
                ">=64": 0.0
            },
            "iodepth_submit": {
                "0": 0.0,
                "4": 100.0,
                "8": 0.0,
                "16": 0.0,
                "32": 0.0,
                "64": 0.0,
                ">=64": 0.0
            },
            "iodepth_complete": {
                "0": 0.0,
                "4": 100.0,
                "8": 0.0,
                "16": 0.0,
                "32": 0.0,
                "64": 0.0,
                ">=64": 0.0
            },
            "latency_ns": {
                "2": 0.0,
                "4": 0.0,
                "10": 0.0,
                "20": 0.0,
                "50": 0.0,
                "100": 0.0,
                "250": 0.0,
                "500": 0.0,
                "750": 0.0,
                "1000": 0.01
            },
            "latency_us": {
                "2": 0.01,
                "4": 0.01,
                "10": 0.01,
                "20": 95.767812,
                "50": 4.132622,
                "100": 0.094521,
                "250": 0.01,
                "500": 0.0,
                "750": 0.0,
                "1000": 0.0
            },
            "latency_ms": {
                "2": 0.01,
                "4": 0.0,
                "10": 0.0,
                "20": 0.0,
                "50": 0.0,
                "100": 0.0,
                "250": 0.0,
                "500": 0.0,
                "750": 0.0,
                "1000": 0.0,
                "2000": 0.0,
                ">=2000": 0.0
            },
            "latency_depth": 2,
            "latency_target": 0,