{
    "fio version": "fio-3.32-dirty",
    "timestamp": 1666734533,
    "timestamp_ms": 1666734533650,
    "time": "Tue Oct 25 23:48:53 2022",
    "jobs": [
        {
            "jobname": "io_uring_cmd-bdev_xnvme",
            "groupid": 0,
            "error": 0,
            "eta": 0,
            "elapsed": 11,
            "job options": {
                "name": "io_uring_cmd-bdev_xnvme",
                "rw": "randread",
                "size": "12G",
                "iodepth": "8",
                "bs": "4K",
                "direct": "0",
                "thread": "1",
                "time_based": "1",
                "runtime": "7",
                "ramp_time": "3",
                "norandommap": "1",
                "allow_file_create": "0",
                "ioengine": "spdk_bdev",
                "spdk_conf": "/tmp/spdk_bdev_xnvme_io_uring_cmd.conf",
                "filename": "Nvme0n1"
            },
            "read": {
                "io_bytes": 6419181568,
                "io_kbytes": 6268732,
                "bw_bytes": 916894953,
                "bw": 895405,
                "iops": 223850.307099,
                "runtime": 7001,
                "total_ios": 1567176,
                "short_ios": 0,
                "drop_ios": 0,
                "slat_ns": {
                    "min": 651,
                    "max": 7023,
                    "mean": 994.223934,
                    "stddev": 136.149078,
                    "N": 1567176
                },
                "clat_ns": {
                    "min": 11421,
                    "max": 178565,
                    "mean": 34501.146111,
                    "stddev": 8517.845352,
                    "N": 1567183,
                    "percentile": {
                        "1.000000": 28544,
                        "5.000000": 30080,
                        "10.000000": 30592,
                        "20.000000": 31104,
                        "30.000000": 31616,
                        "40.000000": 31872,
                        "50.000000": 31872,
                        "60.000000": 32384,
                        "70.000000": 32640,
                        "80.000000": 33536,
                        "90.000000": 44288,
                        "95.000000": 52480,
                        "99.000000": 63232,
                        "99.500000": 66048,
                        "99.900000": 130560,
                        "99.950000": 140288,
                        "99.990000": 154624
                    }
                },
                "lat_ns": {
                    "min": 12323,
                    "max": 179727,
                    "mean": 35495.369933,
                    "stddev": 8518.963941,
                    "N": 1567183
                },
                "bw_min": 892608,
                "bw_max": 897816,
                "bw_agg": 100.0,
                "bw_mean": 895630.214286,
                "bw_dev": 1342.108684,
                "bw_samples": 14,
                "iops_min": 223152,
                "iops_max": 224454,
                "iops_mean": 223907.5,
                "iops_stddev": 335.521351,
                "iops_samples": 14
            },
            "write": {
                "io_bytes": 0,
                "io_kbytes": 0,
                "bw_bytes": 0,
                "bw": 0,
                "iops": 0.0,
                "runtime": 0,
                "total_ios": 0,
                "short_ios": 0,
                "drop_ios": 0,
                "slat_ns": {
                    "min": 0,
                    "max": 0,
                    "mean": 0.0,
                    "stddev": 0.0,
                    "N": 0
                },
                "clat_ns": {
                    "min": 0,
                    "max": 0,
                    "mean": 0.0,
                    "stddev": 0.0,
                    "N": 0
                },
                "lat_ns": {
                    "min": 0,
                    "max": 0,
                    "mean": 0.0,
                    "stddev": 0.0,
                    "N": 0
                },
                "bw_min": 0,
                "bw_max": 0,
                "bw_agg": 0.0,
                "bw_mean": 0.0,
                "bw_dev": 0.0,
                "bw_samples": 0,
                "iops_min": 0,
                "iops_max": 0,
                "iops_mean": 0.0,
                "iops_stddev": 0.0,
                "iops_samples": 0
            },
            "trim": {
                "io_bytes": 0,
                "io_kbytes": 0,
                "bw_bytes": 0,
                "bw": 0,
                "iops": 0.0,
                "runtime": 0,
                "total_ios": 0,
                "short_ios": 0,
                "drop_ios": 0,
                "slat_ns": {
                    "min": 0,
                    "max": 0,
                    "mean": 0.0,
                    "stddev": 0.0,
                    "N": 0
                },
                "clat_ns": {
                    "min": 0,
                    "max": 0,
                    "mean": 0.0,
                    "stddev": 0.0,
                    "N": 0
                },
                "lat_ns": {
                    "min": 0,
                    "max": 0,
                    "mean": 0.0,
                    "stddev": 0.0,
                    "N": 0
                },
                "bw_min": 0,
                "bw_max": 0,
                "bw_agg": 0.0,
                "bw_mean": 0.0,
                "bw_dev": 0.0,
                "bw_samples": 0,
                "iops_min": 0,
                "iops_max": 0,
                "iops_mean": 0.0,
                "iops_stddev": 0.0,
                "iops_samples": 0
            },
            "sync": {
                "total_ios": 0,
                "lat_ns": {
                    "min": 0,
                    "max": 0,
                    "mean": 0.0,
                    "stddev": 0.0,
                    "N": 0
                }
            },
            "job_runtime": 7000,
            "usr_cpu": 99.985714,
            "sys_cpu": 0.0,
            "ctx": 4,
            "majf": 0,
            "minf": 0,
            "iodepth_level": {
                "1": 0.0,
                "2": 0.1,
                "4": 0.63005,
                "8": 99.368801,
                "16": 0.0,
                "32": 0.0,
                ">=64": 0.0
            },
            "iodepth_submit": {
                "0": 0.0,
                "4": 100.0,
                "8": 0.0,
                "16": 0.0,
                "32": 0.0,
                "64": 0.0,
                ">=64": 0.0
            },
            "iodepth_complete": {
                "0": 0.0,
                "4": 99.997888,
                "8": 0.1,
                "16": 0.0,
                "32": 0.0,
                "64": 0.0,
                ">=64": 0.0
            },
            "latency_ns": {
                "2": 0.0,
                "4": 0.0,
                "10": 0.0,
                "20": 0.0,
                "50": 0.0,
                "100": 0.0,
                "250": 0.0,
                "500": 0.0,
                "750": 0.0,
                "1000": 0.0
            },
            "latency_us": {
                "2": 0.0,
                "4": 0.0,
                "10": 0.0,
                "20": 0.013847,
                "50": 91.109358,
                "100": 8.605415,
                "250": 0.271827,
                "500": 0.0,
                "750": 0.0,
                "1000": 0.0
            },
            "latency_ms": {
                "2": 0.0,
                "4": 0.0,
                "10": 0.0,
                "20": 0.0,
                "50": 0.0,
                "100": 0.0,
                "250": 0.0,
                "500": 0.0,
                "750": 0.0,
                "1000": 0.0,
                "2000": 0.0,
                ">=2000": 0.0
            },
            "latency_depth": 8,
            "latency_target": 0,