{
    "fio version": "fio-3.32-dirty",
    "timestamp": 1666733629,
    "timestamp_ms": 1666733629769,
    "time": "Tue Oct 25 23:33:49 2022",
    "jobs": [
        {
            "jobname": "io_uring-reference",
            "groupid": 0,
            "error": 0,
            "eta": 0,
            "elapsed": 11,
            "job options": {
                "name": "io_uring-reference",
                "rw": "randread",
                "size": "12G",
                "iodepth": "2",
                "bs": "4K",
                "direct": "1",
                "thread": "1",
                "time_based": "1",
                "runtime": "7",
                "ramp_time": "3",
                "norandommap": "1",
                "allow_file_create": "0",
                "ioengine": "io_uring",
                "filename": "/dev/nvme0n1"
            },
            "read": {
                "io_bytes": 2769817600,
                "io_kbytes": 2704900,
                "bw_bytes": 395631709,
                "bw": 386359,
                "iops": 96589.630053,
                "runtime": 7001,
                "total_ios": 676224,
                "short_ios": 0,
                "drop_ios": 0,
                "slat_ns": {
                    "min": 2174,
                    "max": 56947,
                    "mean": 2455.82052,
                    "stddev": 313.04763,
                    "N": 676224
                },
                "clat_ns": {
                    "min": 3426,
                    "max": 121939,
                    "mean": 17701.656814,
                    "stddev": 3232.617042,
                    "N": 676225,
                    "percentile": {
                        "1.000000": 16512,
                        "5.000000": 16768,
                        "10.000000": 16768,
                        "20.000000": 16768,
                        "30.000000": 16768,
                        "40.000000": 16768,
                        "50.000000": 17280,
                        "60.000000": 17280,
                        "70.000000": 17280,
                        "80.000000": 17280,
                        "90.000000": 17536,
                        "95.000000": 19840,
                        "99.000000": 34048,
                        "99.500000": 36608,
                        "99.900000": 50432,
                        "99.950000": 63744,
                        "99.990000": 74240
                    }
                },
                "lat_ns": {
                    "min": 11822,
                    "max": 124183,
                    "mean": 20157.477096,
                    "stddev": 3230.430762,
                    "N": 676225
                },
                "bw_min": 385176,
                "bw_max": 387294,
                "bw_agg": 100.0,
                "bw_mean": 386515.642857,
                "bw_dev": 702.422359,
                "bw_samples": 14,
                "iops_min": 96294,
                "iops_max": 96823,
                "iops_mean": 96628.857143,
                "iops_stddev": 175.563207,
                "iops_samples": 14
            },
            "write": {
                "io_bytes": 0,
                "io_kbytes": 0,
                "bw_bytes": 0,
                "bw": 0,
                "iops": 0.0,
                "runtime": 0,
                "total_ios": 0,
                "short_ios": 0,
                "drop_ios": 0,
                "slat_ns": {
                    "min": 0,
                    "max": 0,
                    "mean": 0.0,
                    "stddev": 0.0,
                    "N": 0
                },
                "clat_ns": {
                    "min": 0,
                    "max": 0,
                    "mean": 0.0,
                    "stddev": 0.0,
                    "N": 0
                },
                "lat_ns": {
                    "min": 0,
                    "max": 0,
                    "mean": 0.0,
                    "stddev": 0.0,
                    "N": 0
                },
                "bw_min": 0,
                "bw_max": 0,
                "bw_agg": 0.0,
                "bw_mean": 0.0,
                "bw_dev": 0.0,
                "bw_samples": 0,
                "iops_min": 0,
                "iops_max": 0,
                "iops_mean": 0.0,
                "iops_stddev": 0.0,
                "iops_samples": 0
            },
            "trim": {
                "io_bytes": 0,
                "io_kbytes": 0,
                "bw_bytes": 0,
                "bw": 0,
                "iops": 0.0,
                "runtime": 0,
                "total_ios": 0,
                "short_ios": 0,
                "drop_ios": 0,
                "slat_ns": {
                    "min": 0,
                    "max": 0,
                    "mean": 0.0,
                    "stddev": 0.0,
                    "N": 0
                },
                "clat_ns": {
                    "min": 0,
                    "max": 0,
                    "mean": 0.0,
                    "stddev": 0.0,
                    "N": 0
                },
                "lat_ns": {
                    "min": 0,
                    "max": 0,
                    "mean": 0.0,
                    "stddev": 0.0,
                    "N": 0
                },
                "bw_min": 0,
                "bw_max": 0,
                "bw_agg": 0.0,
                "bw_mean": 0.0,
                "bw_dev": 0.0,
                "bw_samples": 0,
                "iops_min": 0,
                "iops_max": 0,
                "iops_mean": 0.0,
                "iops_stddev": 0.0,
                "iops_samples": 0
            },
            "sync": {
                "total_ios": 0,
                "lat_ns": {
                    "min": 0,
                    "max": 0,
                    "mean": 0.0,
                    "stddev": 0.0,
                    "N": 0
                }
            },
            "job_runtime": 7000,
            "usr_cpu": 10.471429,
            "sys_cpu": 42.771429,
            "ctx": 337987,
            "majf": 0,
            "minf": 1,
            "iodepth_level": {
                "1": 0.0,
                "2": 100.0,
                "4": 0.0,
                "8": 0.0,
                "16": 0.0,
                "32": 0.0,
                ">=64": 0.0
            },
            "iodepth_submit": {
                "0": 0.0,
                "4": 100.0,
                "8": 0.0,
                "16": 0.0,
                "32": 0.0,
                "64": 0.0,
                ">=64": 0.0
            },
            "iodepth_complete": {
                "0": 0.0,
                "4": 100.0,
                "8": 0.0,
                "16": 0.0,
                "32": 0.0,
                "64": 0.0,
                ">=64": 0.0
            },
            "latency_ns": {
                "2": 0.0,
                "4": 0.0,
                "10": 0.0,
                "20": 0.0,
                "50": 0.0,
                "100": 0.0,
                "250": 0.0,
                "500": 0.0,
                "750": 0.0,
                "1000": 0.0
            },
            "latency_us": {
                "2": 0.0,
                "4": 0.01,
                "10": 0.01,
                "20": 94.997516,
                "50": 4.886694,
                "100": 0.107509,
                "250": 0.01,
                "500": 0.0,
                "750": 0.0,
                "1000": 0.0
            },
            "latency_ms": {
                "2": 0.0,
                "4": 0.0,
                "10": 0.0,
                "20": 0.0,
                "50": 0.0,
                "100": 0.0,
                "250": 0.0,
                "500": 0.0,
                "750": 0.0,
                "1000": 0.0,
                "2000": 0.0,
                ">=2000": 0.0
            },
            "latency_depth": 2,
            "latency_target": 0,
            "latency_percentile": 100.0,
            "latency_window": 0
        }
    ],