{
    "fio version": "fio-3.32-dirty",
    "timestamp": 1666734132,
    "timestamp_ms": 1666734132411,
    "time": "Tue Oct 25 23:42:12 2022",
    "jobs": [
        {
            "jobname": "io_uring-bdev_uring",
            "groupid": 0,
            "error": 0,
            "eta": 0,
            "elapsed": 11,
            "job options": {
                "name": "io_uring-bdev_uring",
                "rw": "randread",
                "size": "12G",
                "iodepth": "4",
                "bs": "4K",
                "direct": "1",
                "thread": "1",
                "time_based": "1",
                "runtime": "7",
                "ramp_time": "3",
                "norandommap": "1",
                "allow_file_create": "0",
                "ioengine": "spdk_bdev",
                "spdk_conf": "/tmp/spdk_bdev_uring_foo.conf",
                "filename": "Nvme0n1"
            },
            "read": {
                "io_bytes": 6327066624,
                "io_kbytes": 6178776,
                "bw_bytes": 903737555,
                "bw": 882556,
                "iops": 220638.623054,
                "runtime": 7001,
                "total_ios": 1544691,
                "short_ios": 0,
                "drop_ios": 0,
                "slat_ns": {
                    "min": 110,
                    "max": 17432,
                    "mean": 189.12156,
                    "stddev": 121.269366,
                    "N": 1544691
                },
                "clat_ns": {
                    "min": 9367,
                    "max": 202460,
                    "mean": 17679.470528,
                    "stddev": 5728.764872,
                    "N": 1544694,
                    "percentile": {
                        "1.000000": 11072,
                        "5.000000": 15296,
                        "10.000000": 15936,
                        "20.000000": 16064,
                        "30.000000": 16064,
                        "40.000000": 16064,
                        "50.000000": 16192,
                        "60.000000": 16192,
                        "70.000000": 16320,
                        "80.000000": 16512,
                        "90.000000": 20608,
                        "95.000000": 29312,
                        "99.000000": 39168,
                        "99.500000": 44288,
                        "99.900000": 81408,
                        "99.950000": 92672,
                        "99.990000": 105984
                    }
                },
                "lat_ns": {
                    "min": 9678,
                    "max": 202640,
                    "mean": 17868.592084,
                    "stddev": 5727.25913,
                    "N": 1544694
                },
                "bw_min": 880480,
                "bw_max": 884112,
                "bw_agg": 100.0,
                "bw_mean": 882771.142857,
                "bw_dev": 946.312914,
                "bw_samples": 14,
                "iops_min": 220120,
                "iops_max": 221028,
                "iops_mean": 220692.928571,
                "iops_stddev": 236.341495,
                "iops_samples": 14
            },
            "write": {
                "io_bytes": 0,
                "io_kbytes": 0,
                "bw_bytes": 0,
                "bw": 0,
                "iops": 0.0,
                "runtime": 0,
                "total_ios": 0,
                "short_ios": 0,
                "drop_ios": 0,
                "slat_ns": {
                    "min": 0,
                    "max": 0,
                    "mean": 0.0,
                    "stddev": 0.0,
                    "N": 0
                },
                "clat_ns": {
                    "min": 0,
                    "max": 0,
                    "mean": 0.0,
                    "stddev": 0.0,
                    "N": 0
                },
                "lat_ns": {
                    "min": 0,
                    "max": 0,
                    "mean": 0.0,
                    "stddev": 0.0,
                    "N": 0
                },
                "bw_min": 0,
                "bw_max": 0,
                "bw_agg": 0.0,
                "bw_mean": 0.0,
                "bw_dev": 0.0,
                "bw_samples": 0,
                "iops_min": 0,
                "iops_max": 0,
                "iops_mean": 0.0,
                "iops_stddev": 0.0,
                "iops_samples": 0
            },
            "trim": {
                "io_bytes": 0,
                "io_kbytes": 0,
                "bw_bytes": 0,
                "bw": 0,
                "iops": 0.0,
                "runtime": 0,
                "total_ios": 0,
                "short_ios": 0,
                "drop_ios": 0,
                "slat_ns": {
                    "min": 0,
                    "max": 0,
                    "mean": 0.0,
                    "stddev": 0.0,
                    "N": 0
                },
                "clat_ns": {
                    "min": 0,
                    "max": 0,
                    "mean": 0.0,
                    "stddev": 0.0,
                    "N": 0
                },
                "lat_ns": {
                    "min": 0,
                    "max": 0,
                    "mean": 0.0,
                    "stddev": 0.0,
                    "N": 0
                },
                "bw_min": 0,
                "bw_max": 0,
                "bw_agg": 0.0,
                "bw_mean": 0.0,
                "bw_dev": 0.0,
                "bw_samples": 0,
                "iops_min": 0,
                "iops_max": 0,
                "iops_mean": 0.0,
                "iops_stddev": 0.0,
                "iops_samples": 0
            },
            "sync": {
                "total_ios": 0,
                "lat_ns": {
                    "min": 0,
                    "max": 0,
                    "mean": 0.0,
                    "stddev": 0.0,
                    "N": 0
                }
            },
            "job_runtime": 7000,
            "usr_cpu": 42.9,
            "sys_cpu": 57.071429,
            "ctx": 11,
            "majf": 0,
            "minf": 0,
            "iodepth_level": {
                "1": 0.363309,
                "2": 2.44858,
                "4": 97.188111,
                "8": 0.0,
                "16": 0.0,
                "32": 0.0,
                ">=64": 0.0
            },
            "iodepth_submit": {
                "0": 0.0,
                "4": 100.0,
                "8": 0.0,
                "16": 0.0,
                "32": 0.0,
                "64": 0.0,
                ">=64": 0.0
            },
            "iodepth_complete": {
                "0": 0.0,
                "4": 100.0,
                "8": 0.0,
                "16": 0.0,
                "32": 0.0,
                "64": 0.0,
                ">=64": 0.0
            },
            "latency_ns": {
                "2": 0.0,
                "4": 0.0,
                "10": 0.0,
                "20": 0.0,
                "50": 0.0,
                "100": 0.0,
                "250": 0.0,
                "500": 0.0,
                "750": 0.0,
                "1000": 0.0
            },
            "latency_us": {
                "2": 0.0,
                "4": 0.0,
                "10": 0.01,
                "20": 89.582124,
                "50": 10.162874,
                "100": 0.218814,
                "250": 0.032369,
                "500": 0.0,
                "750": 0.0,
                "1000": 0.0
            },
            "latency_ms": {
                "2": 0.0,
                "4": 0.0,
                "10": 0.0,
                "20": 0.0,
                "50": 0.0,
                "100": 0.0,
                "250": 0.0,
                "500": 0.0,
                "750": 0.0,
                "1000": 0.0,
                "2000": 0.0,
                ">=2000": 0.0
            },
            "latency_depth": 4,
            "latency_target": 0,