{
    "fio version": "fio-3.32-dirty",
    "timestamp": 1666733475,
    "timestamp_ms": 1666733475316,
    "time": "Tue Oct 25 23:31:15 2022",
    "jobs": [
        {
            "jobname": "io_uring_cmd-reference",
            "groupid": 0,
            "error": 0,
            "eta": 0,
            "elapsed": 11,
            "job options": {
                "name": "io_uring_cmd-reference",
                "rw": "randread",
                "size": "12G",
                "iodepth": "2",
                "bs": "4K",
                "direct": "0",
                "thread": "1",
                "time_based": "1",
                "runtime": "7",
                "ramp_time": "3",
                "norandommap": "1",
                "allow_file_create": "0",
                "ioengine": "io_uring_cmd",
                "filename": "/dev/ng0n1"
            },
            "read": {
                "io_bytes": 2836426752,
                "io_kbytes": 2769948,
                "bw_bytes": 405145943,
                "bw": 395650,
                "iops": 98912.298243,
                "runtime": 7001,
                "total_ios": 692485,
                "short_ios": 0,
                "drop_ios": 0,
                "slat_ns": {
                    "min": 1893,
                    "max": 27962,
                    "mean": 2200.003763,
                    "stddev": 323.295581,
                    "N": 692486
                },
                "clat_ns": {
                    "min": 3106,
                    "max": 189856,
                    "mean": 17485.482183,
                    "stddev": 3150.118639,
                    "N": 692486,
                    "percentile": {
                        "1.000000": 16320,
                        "5.000000": 16512,
                        "10.000000": 16512,
                        "20.000000": 16512,
                        "30.000000": 16512,
                        "40.000000": 16768,
                        "50.000000": 17024,
                        "60.000000": 17024,
                        "70.000000": 17024,
                        "80.000000": 17280,
                        "90.000000": 17280,
                        "95.000000": 19584,
                        "99.000000": 33536,
                        "99.500000": 34560,
                        "99.900000": 50432,
                        "99.950000": 62720,
                        "99.990000": 73216
                    }
                },
                "lat_ns": {
                    "min": 11261,
                    "max": 191810,
                    "mean": 19685.485946,
                    "stddev": 3142.083143,
                    "N": 692486
                },
                "bw_min": 394512,
                "bw_max": 396576,
                "bw_agg": 100.0,
                "bw_mean": 395746.285714,
                "bw_dev": 618.185363,
                "bw_samples": 14,
                "iops_min": 98628,
                "iops_max": 99144,
                "iops_mean": 98936.571429,
                "iops_stddev": 154.546341,
                "iops_samples": 14
            },
            "write": {
                "io_bytes": 0,
                "io_kbytes": 0,
                "bw_bytes": 0,
                "bw": 0,
                "iops": 0.0,
                "runtime": 0,
                "total_ios": 0,
                "short_ios": 0,
                "drop_ios": 0,
                "slat_ns": {
                    "min": 0,
                    "max": 0,
                    "mean": 0.0,
                    "stddev": 0.0,
                    "N": 0
                },
                "clat_ns": {
                    "min": 0,
                    "max": 0,
                    "mean": 0.0,
                    "stddev": 0.0,
                    "N": 0
                },
                "lat_ns": {
                    "min": 0,
                    "max": 0,
                    "mean": 0.0,
                    "stddev": 0.0,
                    "N": 0
                },
                "bw_min": 0,
                "bw_max": 0,
                "bw_agg": 0.0,
                "bw_mean": 0.0,
                "bw_dev": 0.0,
                "bw_samples": 0,
                "iops_min": 0,
                "iops_max": 0,
                "iops_mean": 0.0,
                "iops_stddev": 0.0,
                "iops_samples": 0
            },
            "trim": {
                "io_bytes": 0,
                "io_kbytes": 0,
                "bw_bytes": 0,
                "bw": 0,
                "iops": 0.0,
                "runtime": 0,
                "total_ios": 0,
                "short_ios": 0,
                "drop_ios": 0,
                "slat_ns": {
                    "min": 0,
                    "max": 0,
                    "mean": 0.0,
                    "stddev": 0.0,
                    "N": 0
                },
                "clat_ns": {
                    "min": 0,
                    "max": 0,
                    "mean": 0.0,
                    "stddev": 0.0,
                    "N": 0
                },
                "lat_ns": {
                    "min": 0,
                    "max": 0,
                    "mean": 0.0,
                    "stddev": 0.0,
                    "N": 0
                },
                "bw_min": 0,
                "bw_max": 0,
                "bw_agg": 0.0,
                "bw_mean": 0.0,
                "bw_dev": 0.0,
                "bw_samples": 0,
                "iops_min": 0,
                "iops_max": 0,
                "iops_mean": 0.0,
                "iops_stddev": 0.0,
                "iops_samples": 0
            },
            "sync": {
                "total_ios": 0,
                "lat_ns": {
                    "min": 0,
                    "max": 0,
                    "mean": 0.0,
                    "stddev": 0.0,
                    "N": 0
                }
            },
            "job_runtime": 7000,
            "usr_cpu": 12.085714,
            "sys_cpu": 38.2,
            "ctx": 346121,
            "majf": 0,
            "minf": 0,
            "iodepth_level": {
                "1": 0.0,
                "2": 100.0,
                "4": 0.0,
                "8": 0.0,
                "16": 0.0,
                "32": 0.0,
                ">=64": 0.0
            },
            "iodepth_submit": {
                "0": 0.0,
                "4": 100.0,
                "8": 0.0,
                "16": 0.0,
                "32": 0.0,
                "64": 0.0,
                ">=64": 0.0
            },
            "iodepth_complete": {
                "0": 0.0,
                "4": 100.0,
                "8": 0.0,
                "16": 0.0,
                "32": 0.0,
                "64": 0.0,
                ">=64": 0.0
            },
            "latency_ns": {
                "2": 0.0,
                "4": 0.0,
                "10": 0.0,
                "20": 0.0,
                "50": 0.0,
                "100": 0.0,
                "250": 0.0,
                "500": 0.0,
                "750": 0.0,
                "1000": 0.0
            },
            "latency_us": {
                "2": 0.0,
                "4": 0.01,
                "10": 0.010686,
                "20": 95.026318,
                "50": 4.855268,
                "100": 0.10484,
                "250": 0.01,
                "500": 0.0,
                "750": 0.0,
                "1000": 0.0
            },
            "latency_ms": {
                "2": 0.0,
                "4": 0.0,
                "10": 0.0,
                "20": 0.0,
                "50": 0.0,
                "100": 0.0,
                "250": 0.0,
                "500": 0.0,
                "750": 0.0,
                "1000": 0.0,
                "2000": 0.0,
                ">=2000": 0.0
            },
            "latency_depth": 2,
            "latency_target": 0,
            "latency_percentile": 100.0,
            "latency_window": 0
        }
    ]
}