{
    "fio version": "fio-3.32-dirty",
    "timestamp": 1666734823,
    "timestamp_ms": 1666734823417,
    "time": "Tue Oct 25 23:53:43 2022",
    "jobs": [
        {
            "jobname": "libaio-bdev_xnvme",
            "groupid": 0,
            "error": 0,
            "eta": 0,
            "elapsed": 11,
            "job options": {
                "name": "libaio-bdev_xnvme",
                "rw": "randread",
                "size": "12G",
                "iodepth": "8",
                "bs": "4K",
                "direct": "1",
                "thread": "1",
                "time_based": "1",
                "runtime": "7",
                "ramp_time": "3",
                "norandommap": "1",
                "allow_file_create": "0",
                "ioengine": "spdk_bdev",
                "spdk_conf": "/tmp/spdk_bdev_xnvme_libaio.conf",
                "filename": "Nvme0n1"
            },
            "read": {
                "io_bytes": 6421917696,
                "io_kbytes": 6271404,
                "bw_bytes": 917285772,
                "bw": 895786,
                "iops": 223945.72204,
                "runtime": 7001,
                "total_ios": 1567844,
                "short_ios": 0,
                "drop_ios": 0,
                "slat_ns": {
                    "min": 1623,
                    "max": 74419,
                    "mean": 1755.833047,
                    "stddev": 331.760129,
                    "N": 1567844
                },
                "clat_ns": {
                    "min": 1042,
                    "max": 177283,
                    "mean": 33637.009474,
                    "stddev": 8459.789321,
                    "N": 1567851,
                    "percentile": {
                        "1.000000": 24704,
                        "5.000000": 30592,
                        "10.000000": 30848,
                        "20.000000": 30848,
                        "30.000000": 31104,
                        "40.000000": 31104,
                        "50.000000": 31104,
                        "60.000000": 31360,
                        "70.000000": 31360,
                        "80.000000": 31616,
                        "90.000000": 43776,
                        "95.000000": 51968,
                        "99.000000": 62208,
                        "99.500000": 64768,
                        "99.900000": 127488,
                        "99.950000": 138240,
                        "99.990000": 156672
                    }
                },
                "lat_ns": {
                    "min": 13115,
                    "max": 178976,
                    "mean": 35392.842113,
                    "stddev": 8437.240273,
                    "N": 1567851
                },
                "bw_min": 894312,
                "bw_max": 897768,
                "bw_agg": 100.0,
                "bw_mean": 896021.142857,
                "bw_dev": 1070.104442,
                "bw_samples": 14,
                "iops_min": 223578,
                "iops_max": 224442,
                "iops_mean": 224005.285714,
                "iops_stddev": 267.558312,
                "iops_samples": 14
            },
            "write": {
                "io_bytes": 0,
                "io_kbytes": 0,
                "bw_bytes": 0,
                "bw": 0,
                "iops": 0.0,
                "runtime": 0,
                "total_ios": 0,
                "short_ios": 0,
                "drop_ios": 0,
                "slat_ns": {
                    "min": 0,
                    "max": 0,
                    "mean": 0.0,
                    "stddev": 0.0,
                    "N": 0
                },
                "clat_ns": {
                    "min": 0,
                    "max": 0,
                    "mean": 0.0,
                    "stddev": 0.0,
                    "N": 0
                },
                "lat_ns": {
                    "min": 0,
                    "max": 0,
                    "mean": 0.0,
                    "stddev": 0.0,
                    "N": 0
                },
                "bw_min": 0,
                "bw_max": 0,
                "bw_agg": 0.0,
                "bw_mean": 0.0,
                "bw_dev": 0.0,
                "bw_samples": 0,
                "iops_min": 0,
                "iops_max": 0,
                "iops_mean": 0.0,
                "iops_stddev": 0.0,
                "iops_samples": 0
            },
            "trim": {
                "io_bytes": 0,
                "io_kbytes": 0,
                "bw_bytes": 0,
                "bw": 0,
                "iops": 0.0,
                "runtime": 0,
                "total_ios": 0,
                "short_ios": 0,
                "drop_ios": 0,
                "slat_ns": {
                    "min": 0,
                    "max": 0,
                    "mean": 0.0,
                    "stddev": 0.0,
                    "N": 0
                },
                "clat_ns": {
                    "min": 0,
                    "max": 0,
                    "mean": 0.0,
                    "stddev": 0.0,
                    "N": 0
                },
                "lat_ns": {
                    "min": 0,
                    "max": 0,
                    "mean": 0.0,
                    "stddev": 0.0,
                    "N": 0
                },
                "bw_min": 0,
                "bw_max": 0,
                "bw_agg": 0.0,
                "bw_mean": 0.0,
                "bw_dev": 0.0,
                "bw_samples": 0,
                "iops_min": 0,
                "iops_max": 0,
                "iops_mean": 0.0,
                "iops_stddev": 0.0,
                "iops_samples": 0
            },
            "sync": {
                "total_ios": 0,
                "lat_ns": {
                    "min": 0,
                    "max": 0,
                    "mean": 0.0,
                    "stddev": 0.0,
                    "N": 0
                }
            },
            "job_runtime": 7000,
            "usr_cpu": 48.5,
            "sys_cpu": 51.471429,
            "ctx": 25,
            "majf": 0,
            "minf": 0,
            "iodepth_level": {
                "1": 0.1,
                "2": 0.1,
                "4": 1.606537,
                "8": 98.385299,
                "16": 0.0,
                "32": 0.0,
                ">=64": 0.0
            },
            "iodepth_submit": {
                "0": 0.0,
                "4": 100.0,
                "8": 0.0,
                "16": 0.0,
                "32": 0.0,
                "64": 0.0,
                ">=64": 0.0
            },
            "iodepth_complete": {
                "0": 0.0,
                "4": 99.99582,
                "8": 0.1,
                "16": 0.0,
                "32": 0.0,
                "64": 0.0,
                ">=64": 0.0
            },
            "latency_ns": {
                "2": 0.0,
                "4": 0.0,
                "10": 0.0,
                "20": 0.0,
                "50": 0.0,
                "100": 0.0,
                "250": 0.0,
                "500": 0.0,
                "750": 0.0,
                "1000": 0.0
            },
            "latency_us": {
                "2": 0.01,
                "4": 0.0,
                "10": 0.01,
                "20": 0.055618,
                "50": 91.209266,
                "100": 8.477757,
                "250": 0.25736,
                "500": 0.0,
                "750": 0.0,
                "1000": 0.0
            },
            "latency_ms": {
                "2": 0.0,
                "4": 0.0,
                "10": 0.0,
                "20": 0.0,
                "50": 0.0,
                "100": 0.0,
                "250": 0.0,
                "500": 0.0,
                "750": 0.0,
                "1000": 0.0,
                "2000": 0.0,
                ">=2000": 0.0
            },
            "latency_depth": 8,
            "latency_target": 0,