{
    "fio version": "fio-3.32-dirty",
    "timestamp": 1666733002,
    "timestamp_ms": 1666733002638,
    "time": "Tue Oct 25 23:23:22 2022",
    "jobs": [
        {
            "jobname": "io_uring_cmd-reference",
            "groupid": 0,
            "error": 0,
            "eta": 0,
            "elapsed": 11,
            "job options": {
                "name": "io_uring_cmd-reference",
                "rw": "randread",
                "size": "12G",
                "iodepth": "1",
                "bs": "4K",
                "direct": "0",
                "thread": "1",
                "time_based": "1",
                "runtime": "7",
                "ramp_time": "3",
                "norandommap": "1",
                "allow_file_create": "0",
                "ioengine": "io_uring_cmd",
                "filename": "/dev/ng0n1"
            },
            "read": {
                "io_bytes": 1880924160,
                "io_kbytes": 1836840,
                "bw_bytes": 268665070,
                "bw": 262368,
                "iops": 65591.915441,
                "runtime": 7001,
                "total_ios": 459209,
                "short_ios": 0,
                "drop_ios": 0,
                "slat_ns": {
                    "min": 2184,
                    "max": 28192,
                    "mean": 2371.134109,
                    "stddev": 209.42289,
                    "N": 459210
                },
                "clat_ns": {
                    "min": 241,
                    "max": 1211963,
                    "mean": 12255.930946,
                    "stddev": 2652.769239,
                    "N": 459209,
                    "percentile": {
                        "1.000000": 11712,
                        "5.000000": 11712,
                        "10.000000": 11840,
                        "20.000000": 11840,
                        "30.000000": 11840,
                        "40.000000": 11968,
                        "50.000000": 11968,
                        "60.000000": 12096,
                        "70.000000": 12096,
                        "80.000000": 12096,
                        "90.000000": 12224,
                        "95.000000": 12352,
                        "99.000000": 21888,
                        "99.500000": 23424,
                        "99.900000": 31872,
                        "99.950000": 50432,
                        "99.990000": 64256
                    }
                },
                "lat_ns": {
                    "min": 11632,
                    "max": 1214328,
                    "mean": 14627.064896,
                    "stddev": 2660.860079,
                    "N": 459209
                },
                "bw_min": 260360,
                "bw_max": 263680,
                "bw_agg": 100.0,
                "bw_mean": 262437.714286,
                "bw_dev": 778.330702,
                "bw_samples": 14,
                "iops_min": 65090,
                "iops_max": 65920,
                "iops_mean": 65609.428571,
                "iops_stddev": 194.582675,
                "iops_samples": 14
            },
            "write": {
                "io_bytes": 0,
                "io_kbytes": 0,
                "bw_bytes": 0,
                "bw": 0,
                "iops": 0.0,
                "runtime": 0,
                "total_ios": 0,
                "short_ios": 0,
                "drop_ios": 0,
                "slat_ns": {
                    "min": 0,
                    "max": 0,
                    "mean": 0.0,
                    "stddev": 0.0,
                    "N": 0
                },
                "clat_ns": {
                    "min": 0,
                    "max": 0,
                    "mean": 0.0,
                    "stddev": 0.0,
                    "N": 0
                },
                "lat_ns": {
                    "min": 0,
                    "max": 0,
                    "mean": 0.0,
                    "stddev": 0.0,
                    "N": 0
                },
                "bw_min": 0,
                "bw_max": 0,
                "bw_agg": 0.0,
                "bw_mean": 0.0,
                "bw_dev": 0.0,
                "bw_samples": 0,
                "iops_min": 0,
                "iops_max": 0,
                "iops_mean": 0.0,
                "iops_stddev": 0.0,
                "iops_samples": 0
            },
            "trim": {
                "io_bytes": 0,
                "io_kbytes": 0,
                "bw_bytes": 0,
                "bw": 0,
                "iops": 0.0,
                "runtime": 0,
                "total_ios": 0,
                "short_ios": 0,
                "drop_ios": 0,
                "slat_ns": {
                    "min": 0,
                    "max": 0,
                    "mean": 0.0,
                    "stddev": 0.0,
                    "N": 0
                },
                "clat_ns": {
                    "min": 0,
                    "max": 0,
                    "mean": 0.0,
                    "stddev": 0.0,
                    "N": 0
                },
                "lat_ns": {
                    "min": 0,
                    "max": 0,
                    "mean": 0.0,
                    "stddev": 0.0,
                    "N": 0
                },
                "bw_min": 0,
                "bw_max": 0,
                "bw_agg": 0.0,
                "bw_mean": 0.0,
                "bw_dev": 0.0,
                "bw_samples": 0,
                "iops_min": 0,
                "iops_max": 0,
                "iops_mean": 0.0,
                "iops_stddev": 0.0,
                "iops_samples": 0
            },
            "sync": {
                "total_ios": 0,
                "lat_ns": {
                    "min": 0,
                    "max": 0,
                    "mean": 0.0,
                    "stddev": 0.0,
                    "N": 0
                }
            },
            "job_runtime": 7000,
            "usr_cpu": 9.857143,
            "sys_cpu": 36.157143,
            "ctx": 459183,
            "majf": 0,
            "minf": 0,
            "iodepth_level": {
                "1": 100.0,
                "2": 0.0,
                "4": 0.0,
                "8": 0.0,
                "16": 0.0,
                "32": 0.0,
                ">=64": 0.0
            },
            "iodepth_submit": {
                "0": 0.0,
                "4": 100.0,
                "8": 0.0,
                "16": 0.0,
                "32": 0.0,
                "64": 0.0,
                ">=64": 0.0
            },
            "iodepth_complete": {
                "0": 0.0,
                "4": 100.0,
                "8": 0.0,
                "16": 0.0,
                "32": 0.0,
                "64": 0.0,
                ">=64": 0.0
            },
            "latency_ns": {
                "2": 0.0,
                "4": 0.0,
                "10": 0.0,
                "20": 0.0,
                "50": 0.0,
                "100": 0.0,
                "250": 0.01,
                "500": 0.01,
                "750": 0.01,
                "1000": 0.0
            },
            "latency_us": {
                "2": 0.0,
                "4": 0.01,
                "10": 0.01,
                "20": 98.399857,
                "50": 1.534595,
                "100": 0.054877,
                "250": 0.01,
                "500": 0.0,
                "750": 0.0,
                "1000": 0.0
            },
            "latency_ms": {
                "2": 0.01,
                "4": 0.0,
                "10": 0.0,
                "20": 0.0,
                "50": 0.0,
                "100": 0.0,
                "250": 0.0,
                "500": 0.0,
                "750": 0.0,
                "1000": 0.0,
                "2000": 0.0,
                ">=2000": 0.0
            },
            "latency_depth": 1,
            "latency_target": 0,
            "latency_percentile": 100.0,
            "latency_window": 0
        }
    ]
}