{
    "fio version": "fio-3.32-dirty",
    "timestamp": 1666734420,
    "timestamp_ms": 1666734420189,
    "time": "Tue Oct 25 23:47:00 2022",
    "jobs": [
        {
            "jobname": "io_uring_cmd-reference",
            "groupid": 0,
            "error": 0,
            "eta": 0,
            "elapsed": 11,
            "job options": {
                "name": "io_uring_cmd-reference",
                "rw": "randread",
                "size": "12G",
                "iodepth": "8",
                "bs": "4K",
                "direct": "0",
                "thread": "1",
                "time_based": "1",
                "runtime": "7",
                "ramp_time": "3",
                "norandommap": "1",
                "allow_file_create": "0",
                "ioengine": "io_uring_cmd",
                "filename": "/dev/ng0n1"
            },
            "read": {
                "io_bytes": 6420176896,
                "io_kbytes": 6269704,
                "bw_bytes": 917037122,
                "bw": 895544,
                "iops": 223884.873589,
                "runtime": 7001,
                "total_ios": 1567418,
                "short_ios": 0,
                "drop_ios": 0,
                "slat_ns": {
                    "min": 1082,
                    "max": 24687,
                    "mean": 1805.728822,
                    "stddev": 832.327889,
                    "N": 1567419
                },
                "clat_ns": {
                    "min": 11222,
                    "max": 215775,
                    "mean": 33639.284363,
                    "stddev": 8658.611942,
                    "N": 1567425,
                    "percentile": {
                        "1.000000": 24960,
                        "5.000000": 28800,
                        "10.000000": 29568,
                        "20.000000": 30080,
                        "30.000000": 30080,
                        "40.000000": 30848,
                        "50.000000": 31360,
                        "60.000000": 31616,
                        "70.000000": 31872,
                        "80.000000": 32640,
                        "90.000000": 45312,
                        "95.000000": 52480,
                        "99.000000": 62720,
                        "99.500000": 67072,
                        "99.900000": 127488,
                        "99.950000": 140288,
                        "99.990000": 156672
                    }
                },
                "lat_ns": {
                    "min": 15389,
                    "max": 218299,
                    "mean": 35445.013616,
                    "stddev": 8573.177387,
                    "N": 1567425
                },
                "bw_min": 893760,
                "bw_max": 898008,
                "bw_agg": 100.0,
                "bw_mean": 895765.357143,
                "bw_dev": 1348.294627,
                "bw_samples": 14,
                "iops_min": 223440,
                "iops_max": 224500,
                "iops_mean": 223941.285714,
                "iops_stddev": 336.78992,
                "iops_samples": 14
            },
            "write": {
                "io_bytes": 0,
                "io_kbytes": 0,
                "bw_bytes": 0,
                "bw": 0,
                "iops": 0.0,
                "runtime": 0,
                "total_ios": 0,
                "short_ios": 0,
                "drop_ios": 0,
                "slat_ns": {
                    "min": 0,
                    "max": 0,
                    "mean": 0.0,
                    "stddev": 0.0,
                    "N": 0
                },
                "clat_ns": {
                    "min": 0,
                    "max": 0,
                    "mean": 0.0,
                    "stddev": 0.0,
                    "N": 0
                },
                "lat_ns": {
                    "min": 0,
                    "max": 0,
                    "mean": 0.0,
                    "stddev": 0.0,
                    "N": 0
                },
                "bw_min": 0,
                "bw_max": 0,
                "bw_agg": 0.0,
                "bw_mean": 0.0,
                "bw_dev": 0.0,
                "bw_samples": 0,
                "iops_min": 0,
                "iops_max": 0,
                "iops_mean": 0.0,
                "iops_stddev": 0.0,
                "iops_samples": 0
            },
            "trim": {
                "io_bytes": 0,
                "io_kbytes": 0,
                "bw_bytes": 0,
                "bw": 0,
                "iops": 0.0,
                "runtime": 0,
                "total_ios": 0,
                "short_ios": 0,
                "drop_ios": 0,
                "slat_ns": {
                    "min": 0,
                    "max": 0,
                    "mean": 0.0,
                    "stddev": 0.0,
                    "N": 0
                },
                "clat_ns": {
                    "min": 0,
                    "max": 0,
                    "mean": 0.0,
                    "stddev": 0.0,
                    "N": 0
                },
                "lat_ns": {
                    "min": 0,
                    "max": 0,
                    "mean": 0.0,
                    "stddev": 0.0,
                    "N": 0
                },
                "bw_min": 0,
                "bw_max": 0,
                "bw_agg": 0.0,
                "bw_mean": 0.0,
                "bw_dev": 0.0,
                "bw_samples": 0,
                "iops_min": 0,
                "iops_max": 0,
                "iops_mean": 0.0,
                "iops_stddev": 0.0,
                "iops_samples": 0
            },
            "sync": {
                "total_ios": 0,
                "lat_ns": {
                    "min": 0,
                    "max": 0,
                    "mean": 0.0,
                    "stddev": 0.0,
                    "N": 0
                }
            },
            "job_runtime": 7000,
            "usr_cpu": 14.514286,
            "sys_cpu": 58.171429,
            "ctx": 756092,
            "majf": 0,
            "minf": 0,
            "iodepth_level": {
                "1": 0.0,
                "2": 0.0,
                "4": 0.0,
                "8": 100.0,
                "16": 0.0,
                "32": 0.0,
                ">=64": 0.0
            },
            "iodepth_submit": {
                "0": 0.0,
                "4": 100.0,
                "8": 0.0,
                "16": 0.0,
                "32": 0.0,
                "64": 0.0,
                ">=64": 0.0
            },
            "iodepth_complete": {
                "0": 0.0,
                "4": 99.999936,
                "8": 0.1,
                "16": 0.0,
                "32": 0.0,
                "64": 0.0,
                ">=64": 0.0
            },
            "latency_ns": {
                "2": 0.0,
                "4": 0.0,
                "10": 0.0,
                "20": 0.0,
                "50": 0.0,
                "100": 0.0,
                "250": 0.0,
                "500": 0.0,
                "750": 0.0,
                "1000": 0.0
            },
            "latency_us": {
                "2": 0.0,
                "4": 0.0,
                "10": 0.0,
                "20": 0.102462,
                "50": 91.998178,
                "100": 7.644419,
                "250": 0.255388,
                "500": 0.0,
                "750": 0.0,
                "1000": 0.0
            },
            "latency_ms": {
                "2": 0.0,
                "4": 0.0,
                "10": 0.0,
                "20": 0.0,
                "50": 0.0,
                "100": 0.0,
                "250": 0.0,
                "500": 0.0,
                "750": 0.0,
                "1000": 0.0,
                "2000": 0.0,
                ">=2000": 0.0
            },
            "latency_depth": 8,
            "latency_target": 0,
            "latency_percentile": 100.0,