{
    "fio version": "fio-3.32-75-gc470",
    "timestamp": 1667176322,
    "timestamp_ms": 1667176322003,
    "time": "Sun Oct 30 19:32:02 2022",
    "jobs": [
        {
            "jobname": "libaio-bdev_aio",
            "groupid": 0,
            "error": 0,
            "eta": 0,
            "elapsed": 11,
            "job options": {
                "name": "libaio-bdev_aio",
                "rw": "randread",
                "size": "12G",
                "iodepth": "128",
                "bs": "512",
                "direct": "1",
                "thread": "1",
                "time_based": "1",
                "runtime": "7",
                "ramp_time": "3",
                "norandommap": "1",
                "allow_file_create": "0",
                "ioengine": "spdk_bdev",
                "spdk_conf": "/tmp/spdk_bdev_aio_foo.conf",
                "filename": "Nvme0n1",
                "cpus_allowed": "1"
            },
            "read": {
                "io_bytes": 2186063360,
                "io_kbytes": 2134827,
                "bw_bytes": 312250158,
                "bw": 304931,
                "iops": 609859.02014,
                "runtime": 7001,
                "total_ios": 4269623,
                "short_ios": 0,
                "drop_ios": 0,
                "slat_ns": {
                    "min": 715,
                    "max": 13101,
                    "mean": 1372.572262,
                    "stddev": 470.586905,
                    "N": 4269624
                },
                "clat_ns": {
                    "min": 7378,
                    "max": 221038,
                    "mean": 109272.200009,
                    "stddev": 56205.955904,
                    "N": 4269655,
                    "percentile": {
                        "1.000000": 14528,
                        "5.000000": 22144,
                        "10.000000": 31872,
                        "20.000000": 50944,
                        "30.000000": 70144,
                        "40.000000": 89600,
                        "50.000000": 109056,
                        "60.000000": 128512,
                        "70.000000": 146432,
                        "80.000000": 166912,
                        "90.000000": 185344,
                        "95.000000": 193536,
                        "99.000000": 209920,
                        "99.500000": 211968,
                        "99.900000": 214016,
                        "99.950000": 214016,
                        "99.990000": 214016
                    }
                },
                "lat_ns": {
                    "min": 10766,
                    "max": 222662,
                    "mean": 110644.771843,
                    "stddev": 56163.022567,
                    "N": 4269655
                },
                "bw_min": 304632,
                "bw_max": 305402,
                "bw_agg": 100.0,
                "bw_mean": 305076.214286,
                "bw_dev": 272.995965,
                "bw_samples": 14,
                "iops_min": 609264,
                "iops_max": 610804,
                "iops_mean": 610152.5,
                "iops_stddev": 545.887245,
                "iops_samples": 14
            },
            "write": {
                "io_bytes": 0,
                "io_kbytes": 0,
                "bw_bytes": 0,
                "bw": 0,
                "iops": 0.0,
                "runtime": 0,
                "total_ios": 0,
                "short_ios": 0,
                "drop_ios": 0,
                "slat_ns": {
                    "min": 0,
                    "max": 0,
                    "mean": 0.0,
                    "stddev": 0.0,
                    "N": 0
                },
                "clat_ns": {
                    "min": 0,
                    "max": 0,
                    "mean": 0.0,
                    "stddev": 0.0,
                    "N": 0
                },
                "lat_ns": {
                    "min": 0,
                    "max": 0,
                    "mean": 0.0,
                    "stddev": 0.0,
                    "N": 0
                },
                "bw_min": 0,
                "bw_max": 0,
                "bw_agg": 0.0,
                "bw_mean": 0.0,
                "bw_dev": 0.0,
                "bw_samples": 0,
                "iops_min": 0,
                "iops_max": 0,
                "iops_mean": 0.0,
                "iops_stddev": 0.0,
                "iops_samples": 0
            },
            "trim": {
                "io_bytes": 0,
                "io_kbytes": 0,
                "bw_bytes": 0,
                "bw": 0,
                "iops": 0.0,
                "runtime": 0,
                "total_ios": 0,
                "short_ios": 0,
                "drop_ios": 0,
                "slat_ns": {
                    "min": 0,
                    "max": 0,
                    "mean": 0.0,
                    "stddev": 0.0,
                    "N": 0
                },
                "clat_ns": {
                    "min": 0,
                    "max": 0,
                    "mean": 0.0,
                    "stddev": 0.0,
                    "N": 0
                },
                "lat_ns": {
                    "min": 0,
                    "max": 0,
                    "mean": 0.0,
                    "stddev": 0.0,
                    "N": 0
                },
                "bw_min": 0,
                "bw_max": 0,
                "bw_agg": 0.0,
                "bw_mean": 0.0,
                "bw_dev": 0.0,
                "bw_samples": 0,
                "iops_min": 0,
                "iops_max": 0,
                "iops_mean": 0.0,
                "iops_stddev": 0.0,
                "iops_samples": 0
            },
            "sync": {
                "total_ios": 0,
                "lat_ns": {
                    "min": 0,
                    "max": 0,
                    "mean": 0.0,
                    "stddev": 0.0,
                    "N": 0
                }
            },
            "job_runtime": 7000,
            "usr_cpu": 32.214286,
            "sys_cpu": 67.757143,
            "ctx": 14,
            "majf": 0,
            "minf": 0,
            "iodepth_level": {
                "1": 0.0,
                "2": 0.1,
                "4": 0.792014,
                "8": 6.555192,
                "16": 13.11891,
                "32": 26.238242,
                ">=64": 53.295572
            },
            "iodepth_submit": {
                "0": 0.0,
                "4": 100.0,
                "8": 0.0,
                "16": 0.0,
                "32": 0.0,
                "64": 0.0,
                ">=64": 0.0
            },
            "iodepth_complete": {
                "0": 0.0,
                "4": 99.186713,
                "8": 0.0,
                "16": 0.0,
                "32": 0.0,
                "64": 0.1,
                ">=64": 0.813263
            },
            "latency_ns": {
                "2": 0.0,
                "4": 0.0,
                "10": 0.0,
                "20": 0.0,
                "50": 0.0,
                "100": 0.0,
                "250": 0.0,
                "500": 0.0,
                "750": 0.0,
                "1000": 0.0
            },
            "latency_us": {
                "2": 0.0,
                "4": 0.0,
                "10": 0.01,
                "20": 3.876595,
                "50": 15.567768,
                "100": 25.929198,
                "250": 54.62672,
                "500": 0.0,
                "750": 0.0,
                "1000": 0.0
            },
            "latency_ms": {
                "2": 0.0,
                "4": 0.0,
                "10": 0.0,
                "20": 0.0,
                "50": 0.0,
                "100": 0.0,
                "250": 0.0,
                "500": 0.0,
                "750": 0.0,
                "1000": 0.0,
                "2000": 0.0,
                ">=2000": 0.0
            },