{
    "fio version": "fio-3.32-75-gc470",
    "timestamp": 1667182674,
    "timestamp_ms": 1667182674071,
    "time": "Sun Oct 30 21:17:54 2022",
    "jobs": [
        {
            "jobname": "io_uring_cmd-reference",
            "groupid": 0,
            "error": 0,
            "eta": 0,
            "elapsed": 11,
            "job options": {
                "name": "io_uring_cmd-reference",
                "rw": "randread",
                "size": "12G",
                "iodepth": "128",
                "bs": "512",
                "direct": "0",
                "thread": "1",
                "time_based": "1",
                "runtime": "7",
                "ramp_time": "3",
                "norandommap": "1",
                "allow_file_create": "0",
                "ioengine": "io_uring_cmd",
                "filename": "/dev/ng0n1",
                "cpus_allowed": "1"
            },
            "read": {
                "io_bytes": 2410521088,
                "io_kbytes": 2354024,
                "bw_bytes": 344310968,
                "bw": 336241,
                "iops": 672464.07656,
                "runtime": 7001,
                "total_ios": 4707921,
                "short_ios": 0,
                "drop_ios": 0,
                "slat_ns": {
                    "min": 554,
                    "max": 177080,
                    "mean": 1157.626389,
                    "stddev": 454.248112,
                    "N": 4707922
                },
                "clat_ns": {
                    "min": 10077,
                    "max": 378028,
                    "mean": 188905.206748,
                    "stddev": 1831.679093,
                    "N": 4708048,
                    "percentile": {
                        "1.000000": 183296,
                        "5.000000": 187392,
                        "10.000000": 187392,
                        "20.000000": 187392,
                        "30.000000": 187392,
                        "40.000000": 189440,
                        "50.000000": 189440,
                        "60.000000": 189440,
                        "70.000000": 189440,
                        "80.000000": 189440,
                        "90.000000": 191488,
                        "95.000000": 191488,
                        "99.000000": 191488,
                        "99.500000": 193536,
                        "99.900000": 193536,
                        "99.950000": 195584,
                        "99.990000": 197632
                    }
                },
                "lat_ns": {
                    "min": 11338,
                    "max": 379394,
                    "mean": 190062.832735,
                    "stddev": 1834.226005,
                    "N": 4708048
                },
                "bw_min": 335947,
                "bw_max": 337312,
                "bw_agg": 100.0,
                "bw_mean": 336366.785714,
                "bw_dev": 477.393271,
                "bw_samples": 14,
                "iops_min": 671894,
                "iops_max": 674624,
                "iops_mean": 672733.571429,
                "iops_stddev": 954.39459,
                "iops_samples": 14
            },
            "write": {
                "io_bytes": 0,
                "io_kbytes": 0,
                "bw_bytes": 0,
                "bw": 0,
                "iops": 0.0,
                "runtime": 0,
                "total_ios": 0,
                "short_ios": 0,
                "drop_ios": 0,
                "slat_ns": {
                    "min": 0,
                    "max": 0,
                    "mean": 0.0,
                    "stddev": 0.0,
                    "N": 0
                },
                "clat_ns": {
                    "min": 0,
                    "max": 0,
                    "mean": 0.0,
                    "stddev": 0.0,
                    "N": 0
                },
                "lat_ns": {
                    "min": 0,
                    "max": 0,
                    "mean": 0.0,
                    "stddev": 0.0,
                    "N": 0
                },
                "bw_min": 0,
                "bw_max": 0,
                "bw_agg": 0.0,
                "bw_mean": 0.0,
                "bw_dev": 0.0,
                "bw_samples": 0,
                "iops_min": 0,
                "iops_max": 0,
                "iops_mean": 0.0,
                "iops_stddev": 0.0,
                "iops_samples": 0
            },
            "trim": {
                "io_bytes": 0,
                "io_kbytes": 0,
                "bw_bytes": 0,
                "bw": 0,
                "iops": 0.0,
                "runtime": 0,
                "total_ios": 0,
                "short_ios": 0,
                "drop_ios": 0,
                "slat_ns": {
                    "min": 0,
                    "max": 0,
                    "mean": 0.0,
                    "stddev": 0.0,
                    "N": 0
                },
                "clat_ns": {
                    "min": 0,
                    "max": 0,
                    "mean": 0.0,
                    "stddev": 0.0,
                    "N": 0
                },
                "lat_ns": {
                    "min": 0,
                    "max": 0,
                    "mean": 0.0,
                    "stddev": 0.0,
                    "N": 0
                },
                "bw_min": 0,
                "bw_max": 0,
                "bw_agg": 0.0,
                "bw_mean": 0.0,
                "bw_dev": 0.0,
                "bw_samples": 0,
                "iops_min": 0,
                "iops_max": 0,
                "iops_mean": 0.0,
                "iops_stddev": 0.0,
                "iops_samples": 0
            },
            "sync": {
                "total_ios": 0,
                "lat_ns": {
                    "min": 0,
                    "max": 0,
                    "mean": 0.0,
                    "stddev": 0.0,
                    "N": 0
                }
            },
            "job_runtime": 7000,
            "usr_cpu": 31.085714,
            "sys_cpu": 68.928571,
            "ctx": 18,
            "majf": 0,
            "minf": 1,
            "iodepth_level": {
                "1": 0.0,
                "2": 0.0,
                "4": 0.0,
                "8": 0.0,
                "16": 0.0,
                "32": 0.0,
                ">=64": 100.0
            },
            "iodepth_submit": {
                "0": 0.0,
                "4": 100.0,
                "8": 0.0,
                "16": 0.0,
                "32": 0.0,
                "64": 0.0,
                ">=64": 0.0
            },
            "iodepth_complete": {
                "0": 0.0,
                "4": 99.999979,
                "8": 0.0,
                "16": 0.0,
                "32": 0.0,
                "64": 0.0,
                ">=64": 0.1
            },
            "latency_ns": {
                "2": 0.0,
                "4": 0.0,
                "10": 0.0,
                "20": 0.0,
                "50": 0.0,
                "100": 0.0,
                "250": 0.0,
                "500": 0.0,
                "750": 0.0,
                "1000": 0.0
            },
            "latency_us": {
                "2": 0.0,
                "4": 0.0,
                "10": 0.0,
                "20": 0.01,
                "50": 0.01,
                "100": 0.01,
                "250": 99.998704,
                "500": 0.01,
                "750": 0.0,
                "1000": 0.0
            },
            "latency_ms": {
                "2": 0.0,
                "4": 0.0,
                "10": 0.0,
                "20": 0.0,
                "50": 0.0,
                "100": 0.0,
                "250": 0.0,
                "500": 0.0,
                "750": 0.0,
                "1000": 0.0,
                "2000": 0.0,
                ">=2000": 0.0
            },
            "latency_depth": 128,
            "latency_target": 0,