{
    "fio version": "fio-3.32-dirty",
    "timestamp": 1666751754,
    "timestamp_ms": 1666751754974,
    "time": "Wed Oct 26 04:35:54 2022",
    "jobs": [
        {
            "jobname": "libaio-bdev_aio",
            "groupid": 0,
            "error": 0,
            "eta": 0,
            "elapsed": 11,
            "job options": {
                "name": "libaio-bdev_aio",
                "rw": "randread",
                "size": "12G",
                "iodepth": "2",
                "bs": "512",
                "direct": "1",
                "thread": "1",
                "time_based": "1",
                "runtime": "7",
                "ramp_time": "3",
                "norandommap": "1",
                "allow_file_create": "0",
                "ioengine": "spdk_bdev",
                "spdk_conf": "/tmp/spdk_bdev_aio_foo.conf",
                "filename": "Nvme0n1",
                "cpus_allowed": "1"
            },
            "read": {
                "io_bytes": 925439488,
                "io_kbytes": 903749,
                "bw_bytes": 132186757,
                "bw": 129088,
                "iops": 258177.117555,
                "runtime": 7001,
                "total_ios": 1807498,
                "short_ios": 0,
                "drop_ios": 0,
                "slat_ns": {
                    "min": 1603,
                    "max": 30868,
                    "mean": 2315.003258,
                    "stddev": 734.458639,
                    "N": 1807498
                },
                "clat_ns": {
                    "min": 220,
                    "max": 153418,
                    "mean": 5163.30042,
                    "stddev": 1884.570066,
                    "N": 1807499,
                    "percentile": {
                        "1.000000": 4128,
                        "5.000000": 4128,
                        "10.000000": 4192,
                        "20.000000": 4192,
                        "30.000000": 4256,
                        "40.000000": 4384,
                        "50.000000": 5344,
                        "60.000000": 5408,
                        "70.000000": 5536,
                        "80.000000": 5600,
                        "90.000000": 5792,
                        "95.000000": 5920,
                        "99.000000": 13376,
                        "99.500000": 18048,
                        "99.900000": 20608,
                        "99.950000": 20864,
                        "99.990000": 63744
                    }
                },
                "lat_ns": {
                    "min": 5731,
                    "max": 155091,
                    "mean": 7478.303306,
                    "stddev": 1803.617973,
                    "N": 1807499
                },
                "bw_min": 128902,
                "bw_max": 129385,
                "bw_agg": 100.0,
                "bw_mean": 129123.5,
                "bw_dev": 156.196006,
                "bw_samples": 14,
                "iops_min": 257804,
                "iops_max": 258770,
                "iops_mean": 258247.0,
                "iops_stddev": 312.392012,
                "iops_samples": 14
            },
            "write": {
                "io_bytes": 0,
                "io_kbytes": 0,
                "bw_bytes": 0,
                "bw": 0,
                "iops": 0.0,
                "runtime": 0,
                "total_ios": 0,
                "short_ios": 0,
                "drop_ios": 0,
                "slat_ns": {
                    "min": 0,
                    "max": 0,
                    "mean": 0.0,
                    "stddev": 0.0,
                    "N": 0
                },
                "clat_ns": {
                    "min": 0,
                    "max": 0,
                    "mean": 0.0,
                    "stddev": 0.0,
                    "N": 0
                },
                "lat_ns": {
                    "min": 0,
                    "max": 0,
                    "mean": 0.0,
                    "stddev": 0.0,
                    "N": 0
                },
                "bw_min": 0,
                "bw_max": 0,
                "bw_agg": 0.0,
                "bw_mean": 0.0,
                "bw_dev": 0.0,
                "bw_samples": 0,
                "iops_min": 0,
                "iops_max": 0,
                "iops_mean": 0.0,
                "iops_stddev": 0.0,
                "iops_samples": 0
            },
            "trim": {
                "io_bytes": 0,
                "io_kbytes": 0,
                "bw_bytes": 0,
                "bw": 0,
                "iops": 0.0,
                "runtime": 0,
                "total_ios": 0,
                "short_ios": 0,
                "drop_ios": 0,
                "slat_ns": {
                    "min": 0,
                    "max": 0,
                    "mean": 0.0,
                    "stddev": 0.0,
                    "N": 0
                },
                "clat_ns": {
                    "min": 0,
                    "max": 0,
                    "mean": 0.0,
                    "stddev": 0.0,
                    "N": 0
                },
                "lat_ns": {
                    "min": 0,
                    "max": 0,
                    "mean": 0.0,
                    "stddev": 0.0,
                    "N": 0
                },
                "bw_min": 0,
                "bw_max": 0,
                "bw_agg": 0.0,
                "bw_mean": 0.0,
                "bw_dev": 0.0,
                "bw_samples": 0,
                "iops_min": 0,
                "iops_max": 0,
                "iops_mean": 0.0,
                "iops_stddev": 0.0,
                "iops_samples": 0
            },
            "sync": {
                "total_ios": 0,
                "lat_ns": {
                    "min": 0,
                    "max": 0,
                    "mean": 0.0,
                    "stddev": 0.0,
                    "N": 0
                }
            },
            "job_runtime": 7000,
            "usr_cpu": 57.414286,
            "sys_cpu": 42.557143,
            "ctx": 23,
            "majf": 0,
            "minf": 0,
            "iodepth_level": {
                "1": 1.656212,
                "2": 98.343788,
                "4": 0.0,
                "8": 0.0,
                "16": 0.0,
                "32": 0.0,
                ">=64": 0.0
            },
            "iodepth_submit": {
                "0": 0.0,
                "4": 100.0,
                "8": 0.0,
                "16": 0.0,
                "32": 0.0,
                "64": 0.0,
                ">=64": 0.0
            },
            "iodepth_complete": {
                "0": 0.0,
                "4": 100.0,
                "8": 0.0,
                "16": 0.0,
                "32": 0.0,
                "64": 0.0,
                ">=64": 0.0
            },
            "latency_ns": {
                "2": 0.0,
                "4": 0.0,
                "10": 0.0,
                "20": 0.0,
                "50": 0.0,
                "100": 0.0,
                "250": 0.01,
                "500": 0.012172,
                "750": 0.01,
                "1000": 0.0
            },
            "latency_us": {
                "2": 0.01,
                "4": 0.01,
                "10": 97.917453,
                "20": 1.799283,
                "50": 0.244924,
                "100": 0.017317,
                "250": 0.01,
                "500": 0.0,
                "750": 0.0,
                "1000": 0.0
            },
            "latency_ms": {
                "2": 0.0,
                "4": 0.0,
                "10": 0.0,
                "20": 0.0,
                "50": 0.0,
                "100": 0.0,
                "250": 0.0,
                "500": 0.0,
                "750": 0.0,
                "1000": 0.0,
                "2000": 0.0,
                ">=2000": 0.0
            },
            "latency_depth": 2,
            "latency_target": 0,