{
    "fio version": "fio-3.32-dirty",
    "timestamp": 1666750967,
    "timestamp_ms": 1666750967372,
    "time": "Wed Oct 26 04:22:47 2022",
    "jobs": [
        {
            "jobname": "io_uring_cmd-reference",
            "groupid": 0,
            "error": 0,
            "eta": 0,
            "elapsed": 11,
            "job options": {
                "name": "io_uring_cmd-reference",
                "rw": "randread",
                "size": "12G",
                "iodepth": "1",
                "bs": "512",
                "direct": "0",
                "thread": "1",
                "time_based": "1",
                "runtime": "7",
                "ramp_time": "3",
                "norandommap": "1",
                "allow_file_create": "0",
                "ioengine": "io_uring_cmd",
                "filename": "/dev/ng0n1",
                "cpus_allowed": "1"
            },
            "read": {
                "io_bytes": 299606016,
                "io_kbytes": 292584,
                "bw_bytes": 42794745,
                "bw": 41791,
                "iops": 83583.345236,
                "runtime": 7001,
                "total_ios": 585167,
                "short_ios": 0,
                "drop_ios": 0,
                "slat_ns": {
                    "min": 2244,
                    "max": 36078,
                    "mean": 2458.829481,
                    "stddev": 222.580918,
                    "N": 585168
                },
                "clat_ns": {
                    "min": 170,
                    "max": 108393,
                    "mean": 8930.150774,
                    "stddev": 1341.344004,
                    "N": 585167,
                    "percentile": {
                        "1.000000": 8512,
                        "5.000000": 8640,
                        "10.000000": 8640,
                        "20.000000": 8640,
                        "30.000000": 8640,
                        "40.000000": 8768,
                        "50.000000": 8768,
                        "60.000000": 8768,
                        "70.000000": 8768,
                        "80.000000": 8768,
                        "90.000000": 8896,
                        "95.000000": 9024,
                        "99.000000": 15680,
                        "99.500000": 16320,
                        "99.900000": 19072,
                        "99.950000": 22656,
                        "99.990000": 57088
                    }
                },
                "lat_ns": {
                    "min": 8526,
                    "max": 110867,
                    "mean": 11388.98033,
                    "stddev": 1357.766479,
                    "N": 585167
                },
                "bw_min": 41636,
                "bw_max": 41936,
                "bw_agg": 100.0,
                "bw_mean": 41802.0,
                "bw_dev": 76.181968,
                "bw_samples": 14,
                "iops_min": 83272,
                "iops_max": 83872,
                "iops_mean": 83604.071429,
                "iops_stddev": 152.343975,
                "iops_samples": 14
            },
            "write": {
                "io_bytes": 0,
                "io_kbytes": 0,
                "bw_bytes": 0,
                "bw": 0,
                "iops": 0.0,
                "runtime": 0,
                "total_ios": 0,
                "short_ios": 0,
                "drop_ios": 0,
                "slat_ns": {
                    "min": 0,
                    "max": 0,
                    "mean": 0.0,
                    "stddev": 0.0,
                    "N": 0
                },
                "clat_ns": {
                    "min": 0,
                    "max": 0,
                    "mean": 0.0,
                    "stddev": 0.0,
                    "N": 0
                },
                "lat_ns": {
                    "min": 0,
                    "max": 0,
                    "mean": 0.0,
                    "stddev": 0.0,
                    "N": 0
                },
                "bw_min": 0,
                "bw_max": 0,
                "bw_agg": 0.0,
                "bw_mean": 0.0,
                "bw_dev": 0.0,
                "bw_samples": 0,
                "iops_min": 0,
                "iops_max": 0,
                "iops_mean": 0.0,
                "iops_stddev": 0.0,
                "iops_samples": 0
            },
            "trim": {
                "io_bytes": 0,
                "io_kbytes": 0,
                "bw_bytes": 0,
                "bw": 0,
                "iops": 0.0,
                "runtime": 0,
                "total_ios": 0,
                "short_ios": 0,
                "drop_ios": 0,
                "slat_ns": {
                    "min": 0,
                    "max": 0,
                    "mean": 0.0,
                    "stddev": 0.0,
                    "N": 0
                },
                "clat_ns": {
                    "min": 0,
                    "max": 0,
                    "mean": 0.0,
                    "stddev": 0.0,
                    "N": 0
                },
                "lat_ns": {
                    "min": 0,
                    "max": 0,
                    "mean": 0.0,
                    "stddev": 0.0,
                    "N": 0
                },
                "bw_min": 0,
                "bw_max": 0,
                "bw_agg": 0.0,
                "bw_mean": 0.0,
                "bw_dev": 0.0,
                "bw_samples": 0,
                "iops_min": 0,
                "iops_max": 0,
                "iops_mean": 0.0,
                "iops_stddev": 0.0,
                "iops_samples": 0
            },
            "sync": {
                "total_ios": 0,
                "lat_ns": {
                    "min": 0,
                    "max": 0,
                    "mean": 0.0,
                    "stddev": 0.0,
                    "N": 0
                }
            },
            "job_runtime": 7000,
            "usr_cpu": 12.771429,
            "sys_cpu": 45.685714,
            "ctx": 585039,
            "majf": 0,
            "minf": 0,
            "iodepth_level": {
                "1": 100.0,
                "2": 0.0,
                "4": 0.0,
                "8": 0.0,
                "16": 0.0,
                "32": 0.0,
                ">=64": 0.0
            },
            "iodepth_submit": {
                "0": 0.0,
                "4": 100.0,
                "8": 0.0,
                "16": 0.0,
                "32": 0.0,
                "64": 0.0,
                ">=64": 0.0
            },
            "iodepth_complete": {
                "0": 0.0,
                "4": 100.0,
                "8": 0.0,
                "16": 0.0,
                "32": 0.0,
                "64": 0.0,
                ">=64": 0.0
            },
            "latency_ns": {
                "2": 0.0,
                "4": 0.0,
                "10": 0.0,
                "20": 0.0,
                "50": 0.0,
                "100": 0.0,
                "250": 0.01,
                "500": 0.01,
                "750": 0.0,
                "1000": 0.0
            },
            "latency_us": {
                "2": 0.0,
                "4": 0.0,
                "10": 97.435775,
                "20": 2.483394,
                "50": 0.051097,
                "100": 0.018285,
                "250": 0.01,
                "500": 0.0,
                "750": 0.0,
                "1000": 0.0
            },
            "latency_ms": {
                "2": 0.0,
                "4": 0.0,
                "10": 0.0,
                "20": 0.0,
                "50": 0.0,
                "100": 0.0,
                "250": 0.0,
                "500": 0.0,
                "750": 0.0,
                "1000": 0.0,
                "2000": 0.0,
                ">=2000": 0.0
            },
            "latency_depth": 1,
            "latency_target": 0,
            "latency_percentile": 100.0,