{
    "fio version": "fio-3.32-dirty",
    "timestamp": 1666751770,
    "timestamp_ms": 1666751770080,
    "time": "Wed Oct 26 04:36:10 2022",
    "jobs": [
        {
            "jobname": "libaio-bdev_aio",
            "groupid": 0,
            "error": 0,
            "eta": 0,
            "elapsed": 11,
            "job options": {
                "name": "libaio-bdev_aio",
                "rw": "randread",
                "size": "12G",
                "iodepth": "2",
                "bs": "512",
                "direct": "1",
                "thread": "1",
                "time_based": "1",
                "runtime": "7",
                "ramp_time": "3",
                "norandommap": "1",
                "allow_file_create": "0",
                "ioengine": "spdk_bdev",
                "spdk_conf": "/tmp/spdk_bdev_aio_foo.conf",
                "filename": "Nvme0n1",
                "cpus_allowed": "1"
            },
            "read": {
                "io_bytes": 910187008,
                "io_kbytes": 888854,
                "bw_bytes": 130008142,
                "bw": 126961,
                "iops": 253921.868305,
                "runtime": 7001,
                "total_ios": 1777707,
                "short_ios": 0,
                "drop_ios": 0,
                "slat_ns": {
                    "min": 1593,
                    "max": 30537,
                    "mean": 2352.376895,
                    "stddev": 772.406286,
                    "N": 1777708
                },
                "clat_ns": {
                    "min": 241,
                    "max": 135454,
                    "mean": 5251.168977,
                    "stddev": 1853.294464,
                    "N": 1777707,
                    "percentile": {
                        "1.000000": 4192,
                        "5.000000": 4192,
                        "10.000000": 4256,
                        "20.000000": 4256,
                        "30.000000": 4320,
                        "40.000000": 4448,
                        "50.000000": 5472,
                        "60.000000": 5536,
                        "70.000000": 5664,
                        "80.000000": 5728,
                        "90.000000": 5920,
                        "95.000000": 5984,
                        "99.000000": 13376,
                        "99.500000": 17792,
                        "99.900000": 20608,
                        "99.950000": 20864,
                        "99.990000": 60160
                    }
                },
                "lat_ns": {
                    "min": 5781,
                    "max": 137148,
                    "mean": 7603.546254,
                    "stddev": 1761.177099,
                    "N": 1777707
                },
                "bw_min": 126711,
                "bw_max": 127293,
                "bw_agg": 100.0,
                "bw_mean": 126994.142857,
                "bw_dev": 203.450942,
                "bw_samples": 14,
                "iops_min": 253422,
                "iops_max": 254586,
                "iops_mean": 253988.357143,
                "iops_stddev": 407.005879,
                "iops_samples": 14
            },
            "write": {
                "io_bytes": 0,
                "io_kbytes": 0,
                "bw_bytes": 0,
                "bw": 0,
                "iops": 0.0,
                "runtime": 0,
                "total_ios": 0,
                "short_ios": 0,
                "drop_ios": 0,
                "slat_ns": {
                    "min": 0,
                    "max": 0,
                    "mean": 0.0,
                    "stddev": 0.0,
                    "N": 0
                },
                "clat_ns": {
                    "min": 0,
                    "max": 0,
                    "mean": 0.0,
                    "stddev": 0.0,
                    "N": 0
                },
                "lat_ns": {
                    "min": 0,
                    "max": 0,
                    "mean": 0.0,
                    "stddev": 0.0,
                    "N": 0
                },
                "bw_min": 0,
                "bw_max": 0,
                "bw_agg": 0.0,
                "bw_mean": 0.0,
                "bw_dev": 0.0,
                "bw_samples": 0,
                "iops_min": 0,
                "iops_max": 0,
                "iops_mean": 0.0,
                "iops_stddev": 0.0,
                "iops_samples": 0
            },
            "trim": {
                "io_bytes": 0,
                "io_kbytes": 0,
                "bw_bytes": 0,
                "bw": 0,
                "iops": 0.0,
                "runtime": 0,
                "total_ios": 0,
                "short_ios": 0,
                "drop_ios": 0,
                "slat_ns": {
                    "min": 0,
                    "max": 0,
                    "mean": 0.0,
                    "stddev": 0.0,
                    "N": 0
                },
                "clat_ns": {
                    "min": 0,
                    "max": 0,
                    "mean": 0.0,
                    "stddev": 0.0,
                    "N": 0
                },
                "lat_ns": {
                    "min": 0,
                    "max": 0,
                    "mean": 0.0,
                    "stddev": 0.0,
                    "N": 0
                },
                "bw_min": 0,
                "bw_max": 0,
                "bw_agg": 0.0,
                "bw_mean": 0.0,
                "bw_dev": 0.0,
                "bw_samples": 0,
                "iops_min": 0,
                "iops_max": 0,
                "iops_mean": 0.0,
                "iops_stddev": 0.0,
                "iops_samples": 0
            },
            "sync": {
                "total_ios": 0,
                "lat_ns": {
                    "min": 0,
                    "max": 0,
                    "mean": 0.0,
                    "stddev": 0.0,
                    "N": 0
                }
            },
            "job_runtime": 7000,
            "usr_cpu": 58.271429,
            "sys_cpu": 41.7,
            "ctx": 20,
            "majf": 0,
            "minf": 0,
            "iodepth_level": {
                "1": 1.653985,
                "2": 98.346015,
                "4": 0.0,
                "8": 0.0,
                "16": 0.0,
                "32": 0.0,
                ">=64": 0.0
            },
            "iodepth_submit": {
                "0": 0.0,
                "4": 100.0,
                "8": 0.0,
                "16": 0.0,
                "32": 0.0,
                "64": 0.0,
                ">=64": 0.0
            },
            "iodepth_complete": {
                "0": 0.0,
                "4": 100.0,
                "8": 0.0,
                "16": 0.0,
                "32": 0.0,
                "64": 0.0,
                ">=64": 0.0
            },
            "latency_ns": {
                "2": 0.0,
                "4": 0.0,
                "10": 0.0,
                "20": 0.0,
                "50": 0.0,
                "100": 0.0,
                "250": 0.01,
                "500": 0.014457,
                "750": 0.0,
                "1000": 0.0
            },
            "latency_us": {
                "2": 0.01,
                "4": 0.01,
                "10": 97.943981,
                "20": 1.808003,
                "50": 0.211565,
                "100": 0.018394,
                "250": 0.01,
                "500": 0.0,
                "750": 0.0,
                "1000": 0.0
            },
            "latency_ms": {
                "2": 0.0,
                "4": 0.0,
                "10": 0.0,
                "20": 0.0,
                "50": 0.0,
                "100": 0.0,
                "250": 0.0,
                "500": 0.0,
                "750": 0.0,
                "1000": 0.0,
                "2000": 0.0,
                ">=2000": 0.0
            },
            "latency_depth": 2,
            "latency_target": 0,