{
    "fio version": "fio-3.32-dirty",
    "timestamp": 1666752212,
    "timestamp_ms": 1666752212538,
    "time": "Wed Oct 26 04:43:32 2022",
    "jobs": [
        {
            "jobname": "libaio-reference",
            "groupid": 0,
            "error": 0,
            "eta": 0,
            "elapsed": 11,
            "job options": {
                "name": "libaio-reference",
                "rw": "randread",
                "size": "12G",
                "iodepth": "4",
                "bs": "512",
                "direct": "1",
                "thread": "1",
                "time_based": "1",
                "runtime": "7",
                "ramp_time": "3",
                "norandommap": "1",
                "allow_file_create": "0",
                "ioengine": "libaio",
                "filename": "/dev/nvme0n1",
                "cpus_allowed": "1"
            },
            "read": {
                "io_bytes": 1037223424,
                "io_kbytes": 1012913,
                "bw_bytes": 148153610,
                "bw": 144681,
                "iops": 289361.948293,
                "runtime": 7001,
                "total_ios": 2025823,
                "short_ios": 0,
                "drop_ios": 0,
                "slat_ns": {
                    "min": 1412,
                    "max": 28864,
                    "mean": 2730.81765,
                    "stddev": 1328.449286,
                    "N": 2025824
                },
                "clat_ns": {
                    "min": 4679,
                    "max": 134222,
                    "mean": 10856.180382,
                    "stddev": 2794.572731,
                    "N": 2025826,
                    "percentile": {
                        "1.000000": 9024,
                        "5.000000": 9024,
                        "10.000000": 9152,
                        "20.000000": 9152,
                        "30.000000": 9280,
                        "40.000000": 10304,
                        "50.000000": 10432,
                        "60.000000": 10816,
                        "70.000000": 11584,
                        "80.000000": 11712,
                        "90.000000": 11840,
                        "95.000000": 12096,
                        "99.000000": 23680,
                        "99.500000": 29056,
                        "99.900000": 35584,
                        "99.950000": 42240,
                        "99.990000": 72192
                    }
                },
                "lat_ns": {
                    "min": 8135,
                    "max": 137117,
                    "mean": 13586.998051,
                    "stddev": 2658.191293,
                    "N": 2025826
                },
                "bw_min": 144341,
                "bw_max": 145442,
                "bw_agg": 100.0,
                "bw_mean": 144773.769231,
                "bw_dev": 340.786383,
                "bw_samples": 13,
                "iops_min": 288682,
                "iops_max": 290884,
                "iops_mean": 289547.461538,
                "iops_stddev": 681.758341,
                "iops_samples": 13
            },
            "write": {
                "io_bytes": 0,
                "io_kbytes": 0,
                "bw_bytes": 0,
                "bw": 0,
                "iops": 0.0,
                "runtime": 0,
                "total_ios": 0,
                "short_ios": 0,
                "drop_ios": 0,
                "slat_ns": {
                    "min": 0,
                    "max": 0,
                    "mean": 0.0,
                    "stddev": 0.0,
                    "N": 0
                },
                "clat_ns": {
                    "min": 0,
                    "max": 0,
                    "mean": 0.0,
                    "stddev": 0.0,
                    "N": 0
                },
                "lat_ns": {
                    "min": 0,
                    "max": 0,
                    "mean": 0.0,
                    "stddev": 0.0,
                    "N": 0
                },
                "bw_min": 0,
                "bw_max": 0,
                "bw_agg": 0.0,
                "bw_mean": 0.0,
                "bw_dev": 0.0,
                "bw_samples": 0,
                "iops_min": 0,
                "iops_max": 0,
                "iops_mean": 0.0,
                "iops_stddev": 0.0,
                "iops_samples": 0
            },
            "trim": {
                "io_bytes": 0,
                "io_kbytes": 0,
                "bw_bytes": 0,
                "bw": 0,
                "iops": 0.0,
                "runtime": 0,
                "total_ios": 0,
                "short_ios": 0,
                "drop_ios": 0,
                "slat_ns": {
                    "min": 0,
                    "max": 0,
                    "mean": 0.0,
                    "stddev": 0.0,
                    "N": 0
                },
                "clat_ns": {
                    "min": 0,
                    "max": 0,
                    "mean": 0.0,
                    "stddev": 0.0,
                    "N": 0
                },
                "lat_ns": {
                    "min": 0,
                    "max": 0,
                    "mean": 0.0,
                    "stddev": 0.0,
                    "N": 0
                },
                "bw_min": 0,
                "bw_max": 0,
                "bw_agg": 0.0,
                "bw_mean": 0.0,
                "bw_dev": 0.0,
                "bw_samples": 0,
                "iops_min": 0,
                "iops_max": 0,
                "iops_mean": 0.0,
                "iops_stddev": 0.0,
                "iops_samples": 0
            },
            "sync": {
                "total_ios": 0,
                "lat_ns": {
                    "min": 0,
                    "max": 0,
                    "mean": 0.0,
                    "stddev": 0.0,
                    "N": 0
                }
            },
            "job_runtime": 7000,
            "usr_cpu": 35.828571,
            "sys_cpu": 62.028571,
            "ctx": 12148,
            "majf": 0,
            "minf": 0,
            "iodepth_level": {
                "1": 0.0,
                "2": 0.0,
                "4": 100.0,
                "8": 0.0,
                "16": 0.0,
                "32": 0.0,
                ">=64": 0.0
            },
            "iodepth_submit": {
                "0": 0.0,
                "4": 100.0,
                "8": 0.0,
                "16": 0.0,
                "32": 0.0,
                "64": 0.0,
                ">=64": 0.0
            },
            "iodepth_complete": {
                "0": 0.0,
                "4": 100.0,
                "8": 0.0,
                "16": 0.0,
                "32": 0.0,
                "64": 0.0,
                ">=64": 0.0
            },
            "latency_ns": {
                "2": 0.0,
                "4": 0.0,
                "10": 0.0,
                "20": 0.0,
                "50": 0.0,
                "100": 0.0,
                "250": 0.0,
                "500": 0.0,
                "750": 0.0,
                "1000": 0.0
            },
            "latency_us": {
                "2": 0.0,
                "4": 0.0,
                "10": 36.357915,
                "20": 62.091604,
                "50": 1.503537,
                "100": 0.046253,
                "250": 0.01,
                "500": 0.0,
                "750": 0.0,
                "1000": 0.0
            },
            "latency_ms": {
                "2": 0.0,
                "4": 0.0,
                "10": 0.0,
                "20": 0.0,
                "50": 0.0,
                "100": 0.0,
                "250": 0.0,
                "500": 0.0,
                "750": 0.0,
                "1000": 0.0,
                "2000": 0.0,
                ">=2000": 0.0
            },
            "latency_depth": 4,
            "latency_target": 0,
            "latency_percentile": 100.0,