{
    "fio version": "fio-3.32-dirty",
    "timestamp": 1666751912,
    "timestamp_ms": 1666751912572,
    "time": "Wed Oct 26 04:38:32 2022",
    "jobs": [
        {
            "jobname": "io_uring_cmd-reference",
            "groupid": 0,
            "error": 0,
            "eta": 0,
            "elapsed": 11,
            "job options": {
                "name": "io_uring_cmd-reference",
                "rw": "randread",
                "size": "12G",
                "iodepth": "4",
                "bs": "512",
                "direct": "0",
                "thread": "1",
                "time_based": "1",
                "runtime": "7",
                "ramp_time": "3",
                "norandommap": "1",
                "allow_file_create": "0",
                "ioengine": "io_uring_cmd",
                "filename": "/dev/ng0n1",
                "cpus_allowed": "1"
            },
            "read": {
                "io_bytes": 1193305600,
                "io_kbytes": 1165337,
                "bw_bytes": 170447878,
                "bw": 166453,
                "iops": 332905.44208,
                "runtime": 7001,
                "total_ios": 2330671,
                "short_ios": 0,
                "drop_ios": 0,
                "slat_ns": {
                    "min": 1142,
                    "max": 25989,
                    "mean": 2188.620048,
                    "stddev": 1059.038506,
                    "N": 2330672
                },
                "clat_ns": {
                    "min": 70,
                    "max": 194865,
                    "mean": 9353.569892,
                    "stddev": 2502.558563,
                    "N": 2330674,
                    "percentile": {
                        "1.000000": 6048,
                        "5.000000": 7584,
                        "10.000000": 8640,
                        "20.000000": 8768,
                        "30.000000": 8768,
                        "40.000000": 8768,
                        "50.000000": 8896,
                        "60.000000": 8896,
                        "70.000000": 8896,
                        "80.000000": 9280,
                        "90.000000": 10304,
                        "95.000000": 11584,
                        "99.000000": 21888,
                        "99.500000": 23680,
                        "99.900000": 27264,
                        "99.950000": 32640,
                        "99.990000": 68096
                    }
                },
                "lat_ns": {
                    "min": 5451,
                    "max": 196047,
                    "mean": 11542.189115,
                    "stddev": 2537.835066,
                    "N": 2330674
                },
                "bw_min": 166200,
                "bw_max": 167348,
                "bw_agg": 100.0,
                "bw_mean": 166499.928571,
                "bw_dev": 288.296713,
                "bw_samples": 14,
                "iops_min": 332400,
                "iops_max": 334696,
                "iops_mean": 332999.857143,
                "iops_stddev": 576.593425,
                "iops_samples": 14
            },
            "write": {
                "io_bytes": 0,
                "io_kbytes": 0,
                "bw_bytes": 0,
                "bw": 0,
                "iops": 0.0,
                "runtime": 0,
                "total_ios": 0,
                "short_ios": 0,
                "drop_ios": 0,
                "slat_ns": {
                    "min": 0,
                    "max": 0,
                    "mean": 0.0,
                    "stddev": 0.0,
                    "N": 0
                },
                "clat_ns": {
                    "min": 0,
                    "max": 0,
                    "mean": 0.0,
                    "stddev": 0.0,
                    "N": 0
                },
                "lat_ns": {
                    "min": 0,
                    "max": 0,
                    "mean": 0.0,
                    "stddev": 0.0,
                    "N": 0
                },
                "bw_min": 0,
                "bw_max": 0,
                "bw_agg": 0.0,
                "bw_mean": 0.0,
                "bw_dev": 0.0,
                "bw_samples": 0,
                "iops_min": 0,
                "iops_max": 0,
                "iops_mean": 0.0,
                "iops_stddev": 0.0,
                "iops_samples": 0
            },
            "trim": {
                "io_bytes": 0,
                "io_kbytes": 0,
                "bw_bytes": 0,
                "bw": 0,
                "iops": 0.0,
                "runtime": 0,
                "total_ios": 0,
                "short_ios": 0,
                "drop_ios": 0,
                "slat_ns": {
                    "min": 0,
                    "max": 0,
                    "mean": 0.0,
                    "stddev": 0.0,
                    "N": 0
                },
                "clat_ns": {
                    "min": 0,
                    "max": 0,
                    "mean": 0.0,
                    "stddev": 0.0,
                    "N": 0
                },
                "lat_ns": {
                    "min": 0,
                    "max": 0,
                    "mean": 0.0,
                    "stddev": 0.0,
                    "N": 0
                },
                "bw_min": 0,
                "bw_max": 0,
                "bw_agg": 0.0,
                "bw_mean": 0.0,
                "bw_dev": 0.0,
                "bw_samples": 0,
                "iops_min": 0,
                "iops_max": 0,
                "iops_mean": 0.0,
                "iops_stddev": 0.0,
                "iops_samples": 0
            },
            "sync": {
                "total_ios": 0,
                "lat_ns": {
                    "min": 0,
                    "max": 0,
                    "mean": 0.0,
                    "stddev": 0.0,
                    "N": 0
                }
            },
            "job_runtime": 7000,
            "usr_cpu": 13.9,
            "sys_cpu": 83.671429,
            "ctx": 13746,
            "majf": 0,
            "minf": 0,
            "iodepth_level": {
                "1": 0.0,
                "2": 0.0,
                "4": 100.0,
                "8": 0.0,
                "16": 0.0,
                "32": 0.0,
                ">=64": 0.0
            },
            "iodepth_submit": {
                "0": 0.0,
                "4": 100.0,
                "8": 0.0,
                "16": 0.0,
                "32": 0.0,
                "64": 0.0,
                ">=64": 0.0
            },
            "iodepth_complete": {
                "0": 0.0,
                "4": 100.0,
                "8": 0.0,
                "16": 0.0,
                "32": 0.0,
                "64": 0.0,
                ">=64": 0.0
            },
            "latency_ns": {
                "2": 0.0,
                "4": 0.0,
                "10": 0.0,
                "20": 0.0,
                "50": 0.0,
                "100": 0.012014,
                "250": 0.01,
                "500": 0.0,
                "750": 0.0,
                "1000": 0.0
            },
            "latency_us": {
                "2": 0.01,
                "4": 0.293006,
                "10": 81.953008,
                "20": 16.269478,
                "50": 1.433021,
                "100": 0.02982,
                "250": 0.01,
                "500": 0.0,
                "750": 0.0,
                "1000": 0.0
            },
            "latency_ms": {
                "2": 0.0,
                "4": 0.0,
                "10": 0.0,
                "20": 0.0,
                "50": 0.0,
                "100": 0.0,
                "250": 0.0,
                "500": 0.0,
                "750": 0.0,
                "1000": 0.0,
                "2000": 0.0,
                ">=2000": 0.0
            },
            "latency_depth": 4,
            "latency_target": 0,
            "latency_percentile": 100.0,