{
    "fio version": "fio-3.32-dirty",
    "timestamp": 1666752257,
    "timestamp_ms": 1666752257808,
    "time": "Wed Oct 26 04:44:17 2022",
    "jobs": [
        {
            "jobname": "libaio-bdev_aio",
            "groupid": 0,
            "error": 0,
            "eta": 0,
            "elapsed": 11,
            "job options": {
                "name": "libaio-bdev_aio",
                "rw": "randread",
                "size": "12G",
                "iodepth": "4",
                "bs": "512",
                "direct": "1",
                "thread": "1",
                "time_based": "1",
                "runtime": "7",
                "ramp_time": "3",
                "norandommap": "1",
                "allow_file_create": "0",
                "ioengine": "spdk_bdev",
                "spdk_conf": "/tmp/spdk_bdev_aio_foo.conf",
                "filename": "Nvme0n1",
                "cpus_allowed": "1"
            },
            "read": {
                "io_bytes": 1064985600,
                "io_kbytes": 1040025,
                "bw_bytes": 152119068,
                "bw": 148553,
                "iops": 297107.27039,
                "runtime": 7001,
                "total_ios": 2080048,
                "short_ios": 0,
                "drop_ios": 0,
                "slat_ns": {
                    "min": 1593,
                    "max": 32571,
                    "mean": 2739.548837,
                    "stddev": 1047.822313,
                    "N": 2080049
                },
                "clat_ns": {
                    "min": 270,
                    "max": 117951,
                    "mean": 7801.096301,
                    "stddev": 3165.549384,
                    "N": 2080050,
                    "percentile": {
                        "1.000000": 3312,
                        "5.000000": 3440,
                        "10.000000": 4576,
                        "20.000000": 4704,
                        "30.000000": 6432,
                        "40.000000": 6560,
                        "50.000000": 6944,
                        "60.000000": 8512,
                        "70.000000": 9920,
                        "80.000000": 10048,
                        "90.000000": 11200,
                        "95.000000": 11456,
                        "99.000000": 18304,
                        "99.500000": 21120,
                        "99.900000": 25472,
                        "99.950000": 32128,
                        "99.990000": 64256
                    }
                },
                "lat_ns": {
                    "min": 5830,
                    "max": 119664,
                    "mean": 10540.645231,
                    "stddev": 3389.356523,
                    "N": 2080050
                },
                "bw_min": 148084,
                "bw_max": 149034,
                "bw_agg": 100.0,
                "bw_mean": 148592.357143,
                "bw_dev": 285.577043,
                "bw_samples": 14,
                "iops_min": 296168,
                "iops_max": 298068,
                "iops_mean": 297184.714286,
                "iops_stddev": 571.154085,
                "iops_samples": 14
            },
            "write": {
                "io_bytes": 0,
                "io_kbytes": 0,
                "bw_bytes": 0,
                "bw": 0,
                "iops": 0.0,
                "runtime": 0,
                "total_ios": 0,
                "short_ios": 0,
                "drop_ios": 0,
                "slat_ns": {
                    "min": 0,
                    "max": 0,
                    "mean": 0.0,
                    "stddev": 0.0,
                    "N": 0
                },
                "clat_ns": {
                    "min": 0,
                    "max": 0,
                    "mean": 0.0,
                    "stddev": 0.0,
                    "N": 0
                },
                "lat_ns": {
                    "min": 0,
                    "max": 0,
                    "mean": 0.0,
                    "stddev": 0.0,
                    "N": 0
                },
                "bw_min": 0,
                "bw_max": 0,
                "bw_agg": 0.0,
                "bw_mean": 0.0,
                "bw_dev": 0.0,
                "bw_samples": 0,
                "iops_min": 0,
                "iops_max": 0,
                "iops_mean": 0.0,
                "iops_stddev": 0.0,
                "iops_samples": 0
            },
            "trim": {
                "io_bytes": 0,
                "io_kbytes": 0,
                "bw_bytes": 0,
                "bw": 0,
                "iops": 0.0,
                "runtime": 0,
                "total_ios": 0,
                "short_ios": 0,
                "drop_ios": 0,
                "slat_ns": {
                    "min": 0,
                    "max": 0,
                    "mean": 0.0,
                    "stddev": 0.0,
                    "N": 0
                },
                "clat_ns": {
                    "min": 0,
                    "max": 0,
                    "mean": 0.0,
                    "stddev": 0.0,
                    "N": 0
                },
                "lat_ns": {
                    "min": 0,
                    "max": 0,
                    "mean": 0.0,
                    "stddev": 0.0,
                    "N": 0
                },
                "bw_min": 0,
                "bw_max": 0,
                "bw_agg": 0.0,
                "bw_mean": 0.0,
                "bw_dev": 0.0,
                "bw_samples": 0,
                "iops_min": 0,
                "iops_max": 0,
                "iops_mean": 0.0,
                "iops_stddev": 0.0,
                "iops_samples": 0
            },
            "sync": {
                "total_ios": 0,
                "lat_ns": {
                    "min": 0,
                    "max": 0,
                    "mean": 0.0,
                    "stddev": 0.0,
                    "N": 0
                }
            },
            "job_runtime": 7000,
            "usr_cpu": 41.985714,
            "sys_cpu": 57.985714,
            "ctx": 25,
            "majf": 0,
            "minf": 0,
            "iodepth_level": {
                "1": 0.959641,
                "2": 61.257433,
                "4": 37.782926,
                "8": 0.0,
                "16": 0.0,
                "32": 0.0,
                ">=64": 0.0
            },
            "iodepth_submit": {
                "0": 0.0,
                "4": 100.0,
                "8": 0.0,
                "16": 0.0,
                "32": 0.0,
                "64": 0.0,
                ">=64": 0.0
            },
            "iodepth_complete": {
                "0": 0.0,
                "4": 100.0,
                "8": 0.0,
                "16": 0.0,
                "32": 0.0,
                "64": 0.0,
                ">=64": 0.0
            },
            "latency_ns": {
                "2": 0.0,
                "4": 0.0,
                "10": 0.0,
                "20": 0.0,
                "50": 0.0,
                "100": 0.0,
                "250": 0.0,
                "500": 0.123459,
                "750": 0.0,
                "1000": 0.0
            },
            "latency_us": {
                "2": 0.015096,
                "4": 6.310912,
                "10": 69.856369,
                "20": 23.058602,
                "50": 0.596188,
                "100": 0.038797,
                "250": 0.01,
                "500": 0.0,
                "750": 0.0,
                "1000": 0.0
            },
            "latency_ms": {
                "2": 0.0,
                "4": 0.0,
                "10": 0.0,
                "20": 0.0,
                "50": 0.0,
                "100": 0.0,
                "250": 0.0,
                "500": 0.0,
                "750": 0.0,
                "1000": 0.0,
                "2000": 0.0,
                ">=2000": 0.0
            },
            "latency_depth": 4,