{
    "fio version": "fio-3.32-dirty",
    "timestamp": 1666752099,
    "timestamp_ms": 1666752099916,
    "time": "Wed Oct 26 04:41:39 2022",
    "jobs": [
        {
            "jobname": "io_uring-bdev_xnvme",
            "groupid": 0,
            "error": 0,
            "eta": 0,
            "elapsed": 11,
            "job options": {
                "name": "io_uring-bdev_xnvme",
                "rw": "randread",
                "size": "12G",
                "iodepth": "4",
                "bs": "512",
                "direct": "1",
                "thread": "1",
                "time_based": "1",
                "runtime": "7",
                "ramp_time": "3",
                "norandommap": "1",
                "allow_file_create": "0",
                "ioengine": "spdk_bdev",
                "spdk_conf": "/tmp/spdk_bdev_xnvme_io_uring.conf",
                "filename": "Nvme0n1",
                "cpus_allowed": "1"
            },
            "read": {
                "io_bytes": 1077817344,
                "io_kbytes": 1052556,
                "bw_bytes": 153951913,
                "bw": 150343,
                "iops": 300686.759034,
                "runtime": 7001,
                "total_ios": 2105108,
                "short_ios": 0,
                "drop_ios": 0,
                "slat_ns": {
                    "min": 1532,
                    "max": 20038,
                    "mean": 2804.261997,
                    "stddev": 1140.383516,
                    "N": 2105109
                },
                "clat_ns": {
                    "min": 190,
                    "max": 124213,
                    "mean": 10260.727332,
                    "stddev": 2255.624306,
                    "N": 2105111,
                    "percentile": {
                        "1.000000": 8512,
                        "5.000000": 8640,
                        "10.000000": 8896,
                        "20.000000": 9792,
                        "30.000000": 9792,
                        "40.000000": 9920,
                        "50.000000": 9920,
                        "60.000000": 9920,
                        "70.000000": 10048,
                        "80.000000": 10176,
                        "90.000000": 11200,
                        "95.000000": 11456,
                        "99.000000": 20864,
                        "99.500000": 23424,
                        "99.900000": 29824,
                        "99.950000": 38144,
                        "99.990000": 68096
                    }
                },
                "lat_ns": {
                    "min": 5651,
                    "max": 125786,
                    "mean": 13064.989316,
                    "stddev": 2336.079254,
                    "N": 2105111
                },
                "bw_min": 150030,
                "bw_max": 150660,
                "bw_agg": 100.0,
                "bw_mean": 150378.142857,
                "bw_dev": 229.647508,
                "bw_samples": 14,
                "iops_min": 300060,
                "iops_max": 301320,
                "iops_mean": 300756.285714,
                "iops_stddev": 459.295016,
                "iops_samples": 14
            },
            "write": {
                "io_bytes": 0,
                "io_kbytes": 0,
                "bw_bytes": 0,
                "bw": 0,
                "iops": 0.0,
                "runtime": 0,
                "total_ios": 0,
                "short_ios": 0,
                "drop_ios": 0,
                "slat_ns": {
                    "min": 0,
                    "max": 0,
                    "mean": 0.0,
                    "stddev": 0.0,
                    "N": 0
                },
                "clat_ns": {
                    "min": 0,
                    "max": 0,
                    "mean": 0.0,
                    "stddev": 0.0,
                    "N": 0
                },
                "lat_ns": {
                    "min": 0,
                    "max": 0,
                    "mean": 0.0,
                    "stddev": 0.0,
                    "N": 0
                },
                "bw_min": 0,
                "bw_max": 0,
                "bw_agg": 0.0,
                "bw_mean": 0.0,
                "bw_dev": 0.0,
                "bw_samples": 0,
                "iops_min": 0,
                "iops_max": 0,
                "iops_mean": 0.0,
                "iops_stddev": 0.0,
                "iops_samples": 0
            },
            "trim": {
                "io_bytes": 0,
                "io_kbytes": 0,
                "bw_bytes": 0,
                "bw": 0,
                "iops": 0.0,
                "runtime": 0,
                "total_ios": 0,
                "short_ios": 0,
                "drop_ios": 0,
                "slat_ns": {
                    "min": 0,
                    "max": 0,
                    "mean": 0.0,
                    "stddev": 0.0,
                    "N": 0
                },
                "clat_ns": {
                    "min": 0,
                    "max": 0,
                    "mean": 0.0,
                    "stddev": 0.0,
                    "N": 0
                },
                "lat_ns": {
                    "min": 0,
                    "max": 0,
                    "mean": 0.0,
                    "stddev": 0.0,
                    "N": 0
                },
                "bw_min": 0,
                "bw_max": 0,
                "bw_agg": 0.0,
                "bw_mean": 0.0,
                "bw_dev": 0.0,
                "bw_samples": 0,
                "iops_min": 0,
                "iops_max": 0,
                "iops_mean": 0.0,
                "iops_stddev": 0.0,
                "iops_samples": 0
            },
            "sync": {
                "total_ios": 0,
                "lat_ns": {
                    "min": 0,
                    "max": 0,
                    "mean": 0.0,
                    "stddev": 0.0,
                    "N": 0
                }
            },
            "job_runtime": 7000,
            "usr_cpu": 32.271429,
            "sys_cpu": 67.7,
            "ctx": 21,
            "majf": 0,
            "minf": 0,
            "iodepth_level": {
                "1": 0.0,
                "2": 0.0,
                "4": 100.0,
                "8": 0.0,
                "16": 0.0,
                "32": 0.0,
                ">=64": 0.0
            },
            "iodepth_submit": {
                "0": 0.0,
                "4": 100.0,
                "8": 0.0,
                "16": 0.0,
                "32": 0.0,
                "64": 0.0,
                ">=64": 0.0
            },
            "iodepth_complete": {
                "0": 0.0,
                "4": 100.0,
                "8": 0.0,
                "16": 0.0,
                "32": 0.0,
                "64": 0.0,
                ">=64": 0.0
            },
            "latency_ns": {
                "2": 0.0,
                "4": 0.0,
                "10": 0.0,
                "20": 0.0,
                "50": 0.0,
                "100": 0.0,
                "250": 0.013824,
                "500": 0.01,
                "750": 0.0,
                "1000": 0.0
            },
            "latency_us": {
                "2": 0.0,
                "4": 0.021139,
                "10": 66.454738,
                "20": 32.398053,
                "50": 1.065931,
                "100": 0.044938,
                "250": 0.01,
                "500": 0.0,
                "750": 0.0,
                "1000": 0.0
            },
            "latency_ms": {
                "2": 0.0,
                "4": 0.0,
                "10": 0.0,
                "20": 0.0,
                "50": 0.0,
                "100": 0.0,
                "250": 0.0,
                "500": 0.0,
                "750": 0.0,
                "1000": 0.0,
                "2000": 0.0,
                ">=2000": 0.0
            },
            "latency_depth": 4,