{
    "fio version": "fio-3.32-dirty",
    "timestamp": 1666752730,
    "timestamp_ms": 1666752730123,
    "time": "Wed Oct 26 04:52:10 2022",
    "jobs": [
        {
            "jobname": "libaio-bdev_aio",
            "groupid": 0,
            "error": 0,
            "eta": 0,
            "elapsed": 11,
            "job options": {
                "name": "libaio-bdev_aio",
                "rw": "randread",
                "size": "12G",
                "iodepth": "8",
                "bs": "512",
                "direct": "1",
                "thread": "1",
                "time_based": "1",
                "runtime": "7",
                "ramp_time": "3",
                "norandommap": "1",
                "allow_file_create": "0",
                "ioengine": "spdk_bdev",
                "spdk_conf": "/tmp/spdk_bdev_aio_foo.conf",
                "filename": "Nvme0n1",
                "cpus_allowed": "1"
            },
            "read": {
                "io_bytes": 1091307008,
                "io_kbytes": 1065729,
                "bw_bytes": 155878732,
                "bw": 152225,
                "iops": 304450.07856,
                "runtime": 7001,
                "total_ios": 2131455,
                "short_ios": 0,
                "drop_ios": 0,
                "slat_ns": {
                    "min": 1572,
                    "max": 80341,
                    "mean": 2723.37566,
                    "stddev": 926.51092,
                    "N": 2131456
                },
                "clat_ns": {
                    "min": 320,
                    "max": 145703,
                    "mean": 14031.642536,
                    "stddev": 6669.051166,
                    "N": 2131459,
                    "percentile": {
                        "1.000000": 3376,
                        "5.000000": 3504,
                        "10.000000": 4832,
                        "20.000000": 6688,
                        "30.000000": 9536,
                        "40.000000": 11968,
                        "50.000000": 14144,
                        "60.000000": 16512,
                        "70.000000": 18560,
                        "80.000000": 20352,
                        "90.000000": 22912,
                        "95.000000": 23424,
                        "99.000000": 27008,
                        "99.500000": 29312,
                        "99.900000": 45312,
                        "99.950000": 58624,
                        "99.990000": 70144
                    }
                },
                "lat_ns": {
                    "min": 6122,
                    "max": 147336,
                    "mean": 16755.017869,
                    "stddev": 6618.416459,
                    "N": 2131459
                },
                "bw_min": 151543,
                "bw_max": 152997,
                "bw_agg": 100.0,
                "bw_mean": 152264.642857,
                "bw_dev": 377.3663,
                "bw_samples": 14,
                "iops_min": 303086,
                "iops_max": 305994,
                "iops_mean": 304529.357143,
                "iops_stddev": 754.613463,
                "iops_samples": 14
            },
            "write": {
                "io_bytes": 0,
                "io_kbytes": 0,
                "bw_bytes": 0,
                "bw": 0,
                "iops": 0.0,
                "runtime": 0,
                "total_ios": 0,
                "short_ios": 0,
                "drop_ios": 0,
                "slat_ns": {
                    "min": 0,
                    "max": 0,
                    "mean": 0.0,
                    "stddev": 0.0,
                    "N": 0
                },
                "clat_ns": {
                    "min": 0,
                    "max": 0,
                    "mean": 0.0,
                    "stddev": 0.0,
                    "N": 0
                },
                "lat_ns": {
                    "min": 0,
                    "max": 0,
                    "mean": 0.0,
                    "stddev": 0.0,
                    "N": 0
                },
                "bw_min": 0,
                "bw_max": 0,
                "bw_agg": 0.0,
                "bw_mean": 0.0,
                "bw_dev": 0.0,
                "bw_samples": 0,
                "iops_min": 0,
                "iops_max": 0,
                "iops_mean": 0.0,
                "iops_stddev": 0.0,
                "iops_samples": 0
            },
            "trim": {
                "io_bytes": 0,
                "io_kbytes": 0,
                "bw_bytes": 0,
                "bw": 0,
                "iops": 0.0,
                "runtime": 0,
                "total_ios": 0,
                "short_ios": 0,
                "drop_ios": 0,
                "slat_ns": {
                    "min": 0,
                    "max": 0,
                    "mean": 0.0,
                    "stddev": 0.0,
                    "N": 0
                },
                "clat_ns": {
                    "min": 0,
                    "max": 0,
                    "mean": 0.0,
                    "stddev": 0.0,
                    "N": 0
                },
                "lat_ns": {
                    "min": 0,
                    "max": 0,
                    "mean": 0.0,
                    "stddev": 0.0,
                    "N": 0
                },
                "bw_min": 0,
                "bw_max": 0,
                "bw_agg": 0.0,
                "bw_mean": 0.0,
                "bw_dev": 0.0,
                "bw_samples": 0,
                "iops_min": 0,
                "iops_max": 0,
                "iops_mean": 0.0,
                "iops_stddev": 0.0,
                "iops_samples": 0
            },
            "sync": {
                "total_ios": 0,
                "lat_ns": {
                    "min": 0,
                    "max": 0,
                    "mean": 0.0,
                    "stddev": 0.0,
                    "N": 0
                }
            },
            "job_runtime": 7000,
            "usr_cpu": 41.871429,
            "sys_cpu": 58.1,
            "ctx": 26,
            "majf": 0,
            "minf": 0,
            "iodepth_level": {
                "1": 0.501066,
                "2": 26.540462,
                "4": 58.078777,
                "8": 14.879695,
                "16": 0.0,
                "32": 0.0,
                ">=64": 0.0
            },
            "iodepth_submit": {
                "0": 0.0,
                "4": 100.0,
                "8": 0.0,
                "16": 0.0,
                "32": 0.0,
                "64": 0.0,
                ">=64": 0.0
            },
            "iodepth_complete": {
                "0": 0.0,
                "4": 87.483879,
                "8": 12.516121,
                "16": 0.0,
                "32": 0.0,
                "64": 0.0,
                ">=64": 0.0
            },
            "latency_ns": {
                "2": 0.0,
                "4": 0.0,
                "10": 0.0,
                "20": 0.0,
                "50": 0.0,
                "100": 0.0,
                "250": 0.0,
                "500": 0.044148,
                "750": 0.01,
                "1000": 0.0
            },
            "latency_us": {
                "2": 0.01,
                "4": 6.314982,
                "10": 29.727393,
                "20": 43.166475,
                "50": 20.663397,
                "100": 0.081963,
                "250": 0.01,
                "500": 0.0,
                "750": 0.0,
                "1000": 0.0
            },
            "latency_ms": {
                "2": 0.0,
                "4": 0.0,
                "10": 0.0,
                "20": 0.0,
                "50": 0.0,
                "100": 0.0,
                "250": 0.0,
                "500": 0.0,
                "750": 0.0,
                "1000": 0.0,
                "2000": 0.0,
                ">=2000": 0.0
            },
            "latency_depth": 8,