{
    "fio version": "fio-3.32-dirty",
    "timestamp": 1666751597,
    "timestamp_ms": 1666751597582,
    "time": "Wed Oct 26 04:33:17 2022",
    "jobs": [
        {
            "jobname": "io_uring-bdev_uring",
            "groupid": 0,
            "error": 0,
            "eta": 0,
            "elapsed": 11,
            "job options": {
                "name": "io_uring-bdev_uring",
                "rw": "randread",
                "size": "12G",
                "iodepth": "2",
                "bs": "512",
                "direct": "1",
                "thread": "1",
                "time_based": "1",
                "runtime": "7",
                "ramp_time": "3",
                "norandommap": "1",
                "allow_file_create": "0",
                "ioengine": "spdk_bdev",
                "spdk_conf": "/tmp/spdk_bdev_uring_foo.conf",
                "filename": "Nvme0n1",
                "cpus_allowed": "1"
            },
            "read": {
                "io_bytes": 821842432,
                "io_kbytes": 802580,
                "bw_bytes": 117389291,
                "bw": 114637,
                "iops": 229275.81774,
                "runtime": 7001,
                "total_ios": 1605160,
                "short_ios": 0,
                "drop_ios": 0,
                "slat_ns": {
                    "min": 110,
                    "max": 17734,
                    "mean": 149.779642,
                    "stddev": 53.13211,
                    "N": 1605160
                },
                "clat_ns": {
                    "min": 5751,
                    "max": 97513,
                    "mean": 8131.512809,
                    "stddev": 1581.103388,
                    "N": 1605160,
                    "percentile": {
                        "1.000000": 7264,
                        "5.000000": 7584,
                        "10.000000": 7648,
                        "20.000000": 7712,
                        "30.000000": 7776,
                        "40.000000": 7840,
                        "50.000000": 7904,
                        "60.000000": 7968,
                        "70.000000": 8032,
                        "80.000000": 8096,
                        "90.000000": 8256,
                        "95.000000": 8384,
                        "99.000000": 16512,
                        "99.500000": 19840,
                        "99.900000": 20864,
                        "99.950000": 21120,
                        "99.990000": 62720
                    }
                },
                "lat_ns": {
                    "min": 5952,
                    "max": 97693,
                    "mean": 8281.292451,
                    "stddev": 1583.644423,
                    "N": 1605160
                },
                "bw_min": 114397,
                "bw_max": 114917,
                "bw_agg": 100.0,
                "bw_mean": 114668.571429,
                "bw_dev": 150.823745,
                "bw_samples": 14,
                "iops_min": 228794,
                "iops_max": 229834,
                "iops_mean": 229337.214286,
                "iops_stddev": 301.690666,
                "iops_samples": 14
            },
            "write": {
                "io_bytes": 0,
                "io_kbytes": 0,
                "bw_bytes": 0,
                "bw": 0,
                "iops": 0.0,
                "runtime": 0,
                "total_ios": 0,
                "short_ios": 0,
                "drop_ios": 0,
                "slat_ns": {
                    "min": 0,
                    "max": 0,
                    "mean": 0.0,
                    "stddev": 0.0,
                    "N": 0
                },
                "clat_ns": {
                    "min": 0,
                    "max": 0,
                    "mean": 0.0,
                    "stddev": 0.0,
                    "N": 0
                },
                "lat_ns": {
                    "min": 0,
                    "max": 0,
                    "mean": 0.0,
                    "stddev": 0.0,
                    "N": 0
                },
                "bw_min": 0,
                "bw_max": 0,
                "bw_agg": 0.0,
                "bw_mean": 0.0,
                "bw_dev": 0.0,
                "bw_samples": 0,
                "iops_min": 0,
                "iops_max": 0,
                "iops_mean": 0.0,
                "iops_stddev": 0.0,
                "iops_samples": 0
            },
            "trim": {
                "io_bytes": 0,
                "io_kbytes": 0,
                "bw_bytes": 0,
                "bw": 0,
                "iops": 0.0,
                "runtime": 0,
                "total_ios": 0,
                "short_ios": 0,
                "drop_ios": 0,
                "slat_ns": {
                    "min": 0,
                    "max": 0,
                    "mean": 0.0,
                    "stddev": 0.0,
                    "N": 0
                },
                "clat_ns": {
                    "min": 0,
                    "max": 0,
                    "mean": 0.0,
                    "stddev": 0.0,
                    "N": 0
                },
                "lat_ns": {
                    "min": 0,
                    "max": 0,
                    "mean": 0.0,
                    "stddev": 0.0,
                    "N": 0
                },
                "bw_min": 0,
                "bw_max": 0,
                "bw_agg": 0.0,
                "bw_mean": 0.0,
                "bw_dev": 0.0,
                "bw_samples": 0,
                "iops_min": 0,
                "iops_max": 0,
                "iops_mean": 0.0,
                "iops_stddev": 0.0,
                "iops_samples": 0
            },
            "sync": {
                "total_ios": 0,
                "lat_ns": {
                    "min": 0,
                    "max": 0,
                    "mean": 0.0,
                    "stddev": 0.0,
                    "N": 0
                }
            },
            "job_runtime": 7000,
            "usr_cpu": 35.814286,
            "sys_cpu": 64.157143,
            "ctx": 21,
            "majf": 0,
            "minf": 0,
            "iodepth_level": {
                "1": 49.234718,
                "2": 50.765282,
                "4": 0.0,
                "8": 0.0,
                "16": 0.0,
                "32": 0.0,
                ">=64": 0.0
            },
            "iodepth_submit": {
                "0": 0.0,
                "4": 100.0,
                "8": 0.0,
                "16": 0.0,
                "32": 0.0,
                "64": 0.0,
                ">=64": 0.0
            },
            "iodepth_complete": {
                "0": 0.0,
                "4": 100.0,
                "8": 0.0,
                "16": 0.0,
                "32": 0.0,
                "64": 0.0,
                ">=64": 0.0
            },
            "latency_ns": {
                "2": 0.0,
                "4": 0.0,
                "10": 0.0,
                "20": 0.0,
                "50": 0.0,
                "100": 0.0,
                "250": 0.0,
                "500": 0.0,
                "750": 0.0,
                "1000": 0.0
            },
            "latency_us": {
                "2": 0.0,
                "4": 0.0,
                "10": 96.891587,
                "20": 2.622293,
                "50": 0.465873,
                "100": 0.020247,
                "250": 0.0,
                "500": 0.0,
                "750": 0.0,
                "1000": 0.0
            },
            "latency_ms": {
                "2": 0.0,
                "4": 0.0,
                "10": 0.0,
                "20": 0.0,
                "50": 0.0,
                "100": 0.0,
                "250": 0.0,
                "500": 0.0,
                "750": 0.0,
                "1000": 0.0,
                "2000": 0.0,
                ">=2000": 0.0
            },
            "latency_depth": 2,
            "latency_target": 0,