{
    "fio version": "fio-3.32-dirty",
    "timestamp": 1666752371,
    "timestamp_ms": 1666752371752,
    "time": "Wed Oct 26 04:46:11 2022",
    "jobs": [
        {
            "jobname": "io_uring_cmd-reference",
            "groupid": 0,
            "error": 0,
            "eta": 0,
            "elapsed": 11,
            "job options": {
                "name": "io_uring_cmd-reference",
                "rw": "randread",
                "size": "12G",
                "iodepth": "8",
                "bs": "512",
                "direct": "0",
                "thread": "1",
                "time_based": "1",
                "runtime": "7",
                "ramp_time": "3",
                "norandommap": "1",
                "allow_file_create": "0",
                "ioengine": "io_uring_cmd",
                "filename": "/dev/ng0n1",
                "cpus_allowed": "1"
            },
            "read": {
                "io_bytes": 1196563968,
                "io_kbytes": 1168519,
                "bw_bytes": 170913293,
                "bw": 166907,
                "iops": 333813.883731,
                "runtime": 7001,
                "total_ios": 2337031,
                "short_ios": 0,
                "drop_ios": 0,
                "slat_ns": {
                    "min": 1152,
                    "max": 24005,
                    "mean": 2220.236975,
                    "stddev": 1090.83749,
                    "N": 2337032
                },
                "clat_ns": {
                    "min": 3196,
                    "max": 144360,
                    "mean": 21244.316029,
                    "stddev": 3839.83179,
                    "N": 2337038,
                    "percentile": {
                        "1.000000": 13888,
                        "5.000000": 18816,
                        "10.000000": 19072,
                        "20.000000": 19328,
                        "30.000000": 20352,
                        "40.000000": 20608,
                        "50.000000": 20608,
                        "60.000000": 20864,
                        "70.000000": 21632,
                        "80.000000": 21888,
                        "90.000000": 22912,
                        "95.000000": 24960,
                        "99.000000": 41728,
                        "99.500000": 44288,
                        "99.900000": 53504,
                        "99.950000": 64768,
                        "99.990000": 81408
                    }
                },
                "lat_ns": {
                    "min": 7093,
                    "max": 145563,
                    "mean": 23464.552185,
                    "stddev": 3807.683431,
                    "N": 2337038
                },
                "bw_min": 166713,
                "bw_max": 167275,
                "bw_agg": 100.0,
                "bw_mean": 166953.357143,
                "bw_dev": 172.887517,
                "bw_samples": 14,
                "iops_min": 333426,
                "iops_max": 334550,
                "iops_mean": 333906.928571,
                "iops_stddev": 345.829763,
                "iops_samples": 14
            },
            "write": {
                "io_bytes": 0,
                "io_kbytes": 0,
                "bw_bytes": 0,
                "bw": 0,
                "iops": 0.0,
                "runtime": 0,
                "total_ios": 0,
                "short_ios": 0,
                "drop_ios": 0,
                "slat_ns": {
                    "min": 0,
                    "max": 0,
                    "mean": 0.0,
                    "stddev": 0.0,
                    "N": 0
                },
                "clat_ns": {
                    "min": 0,
                    "max": 0,
                    "mean": 0.0,
                    "stddev": 0.0,
                    "N": 0
                },
                "lat_ns": {
                    "min": 0,
                    "max": 0,
                    "mean": 0.0,
                    "stddev": 0.0,
                    "N": 0
                },
                "bw_min": 0,
                "bw_max": 0,
                "bw_agg": 0.0,
                "bw_mean": 0.0,
                "bw_dev": 0.0,
                "bw_samples": 0,
                "iops_min": 0,
                "iops_max": 0,
                "iops_mean": 0.0,
                "iops_stddev": 0.0,
                "iops_samples": 0
            },
            "trim": {
                "io_bytes": 0,
                "io_kbytes": 0,
                "bw_bytes": 0,
                "bw": 0,
                "iops": 0.0,
                "runtime": 0,
                "total_ios": 0,
                "short_ios": 0,
                "drop_ios": 0,
                "slat_ns": {
                    "min": 0,
                    "max": 0,
                    "mean": 0.0,
                    "stddev": 0.0,
                    "N": 0
                },
                "clat_ns": {
                    "min": 0,
                    "max": 0,
                    "mean": 0.0,
                    "stddev": 0.0,
                    "N": 0
                },
                "lat_ns": {
                    "min": 0,
                    "max": 0,
                    "mean": 0.0,
                    "stddev": 0.0,
                    "N": 0
                },
                "bw_min": 0,
                "bw_max": 0,
                "bw_agg": 0.0,
                "bw_mean": 0.0,
                "bw_dev": 0.0,
                "bw_samples": 0,
                "iops_min": 0,
                "iops_max": 0,
                "iops_mean": 0.0,
                "iops_stddev": 0.0,
                "iops_samples": 0
            },
            "sync": {
                "total_ios": 0,
                "lat_ns": {
                    "min": 0,
                    "max": 0,
                    "mean": 0.0,
                    "stddev": 0.0,
                    "N": 0
                }
            },
            "job_runtime": 7000,
            "usr_cpu": 13.8,
            "sys_cpu": 83.771429,
            "ctx": 12624,
            "majf": 0,
            "minf": 0,
            "iodepth_level": {
                "1": 0.0,
                "2": 0.0,
                "4": 0.0,
                "8": 100.0,
                "16": 0.0,
                "32": 0.0,
                ">=64": 0.0
            },
            "iodepth_submit": {
                "0": 0.0,
                "4": 100.0,
                "8": 0.0,
                "16": 0.0,
                "32": 0.0,
                "64": 0.0,
                ">=64": 0.0
            },
            "iodepth_complete": {
                "0": 0.0,
                "4": 99.999957,
                "8": 0.1,
                "16": 0.0,
                "32": 0.0,
                "64": 0.0,
                ">=64": 0.0
            },
            "latency_ns": {
                "2": 0.0,
                "4": 0.0,
                "10": 0.0,
                "20": 0.0,
                "50": 0.0,
                "100": 0.0,
                "250": 0.0,
                "500": 0.0,
                "750": 0.0,
                "1000": 0.0
            },
            "latency_us": {
                "2": 0.0,
                "4": 0.01,
                "10": 0.015575,
                "20": 23.539739,
                "50": 76.322522,
                "100": 0.120965,
                "250": 0.01,
                "500": 0.0,
                "750": 0.0,
                "1000": 0.0
            },
            "latency_ms": {
                "2": 0.0,
                "4": 0.0,
                "10": 0.0,
                "20": 0.0,
                "50": 0.0,
                "100": 0.0,
                "250": 0.0,
                "500": 0.0,
                "750": 0.0,
                "1000": 0.0,
                "2000": 0.0,
                ">=2000": 0.0
            },
            "latency_depth": 8,
            "latency_target": 0,
            "latency_percentile": 100.0,