{
    "fio version": "fio-3.32-dirty",
    "timestamp": 1666752039,
    "timestamp_ms": 1666752039618,
    "time": "Wed Oct 26 04:40:39 2022",
    "jobs": [
        {
            "jobname": "io_uring-reference",
            "groupid": 0,
            "error": 0,
            "eta": 0,
            "elapsed": 11,
            "job options": {
                "name": "io_uring-reference",
                "rw": "randread",
                "size": "12G",
                "iodepth": "4",
                "bs": "512",
                "direct": "1",
                "thread": "1",
                "time_based": "1",
                "runtime": "7",
                "ramp_time": "3",
                "norandommap": "1",
                "allow_file_create": "0",
                "ioengine": "io_uring",
                "filename": "/dev/nvme0n1",
                "cpus_allowed": "1"
            },
            "read": {
                "io_bytes": 1114947584,
                "io_kbytes": 1088816,
                "bw_bytes": 159255475,
                "bw": 155522,
                "iops": 311045.279246,
                "runtime": 7001,
                "total_ios": 2177628,
                "short_ios": 0,
                "drop_ios": 0,
                "slat_ns": {
                    "min": 1282,
                    "max": 115326,
                    "mean": 2502.982368,
                    "stddev": 919.655007,
                    "N": 2177629
                },
                "clat_ns": {
                    "min": 70,
                    "max": 153448,
                    "mean": 9965.891609,
                    "stddev": 2636.066476,
                    "N": 2177631,
                    "percentile": {
                        "1.000000": 7456,
                        "5.000000": 8032,
                        "10.000000": 9152,
                        "20.000000": 9280,
                        "30.000000": 9408,
                        "40.000000": 9408,
                        "50.000000": 9536,
                        "60.000000": 9536,
                        "70.000000": 9536,
                        "80.000000": 9920,
                        "90.000000": 11072,
                        "95.000000": 11200,
                        "99.000000": 23168,
                        "99.500000": 24960,
                        "99.900000": 29312,
                        "99.950000": 34048,
                        "99.990000": 73216
                    }
                },
                "lat_ns": {
                    "min": 5721,
                    "max": 154770,
                    "mean": 12468.87356,
                    "stddev": 2639.118189,
                    "N": 2177631
                },
                "bw_min": 155227,
                "bw_max": 156354,
                "bw_agg": 100.0,
                "bw_mean": 155585.285714,
                "bw_dev": 335.643453,
                "bw_samples": 14,
                "iops_min": 310454,
                "iops_max": 312710,
                "iops_mean": 311170.571429,
                "iops_stddev": 671.748776,
                "iops_samples": 14
            },
            "write": {
                "io_bytes": 0,
                "io_kbytes": 0,
                "bw_bytes": 0,
                "bw": 0,
                "iops": 0.0,
                "runtime": 0,
                "total_ios": 0,
                "short_ios": 0,
                "drop_ios": 0,
                "slat_ns": {
                    "min": 0,
                    "max": 0,
                    "mean": 0.0,
                    "stddev": 0.0,
                    "N": 0
                },
                "clat_ns": {
                    "min": 0,
                    "max": 0,
                    "mean": 0.0,
                    "stddev": 0.0,
                    "N": 0
                },
                "lat_ns": {
                    "min": 0,
                    "max": 0,
                    "mean": 0.0,
                    "stddev": 0.0,
                    "N": 0
                },
                "bw_min": 0,
                "bw_max": 0,
                "bw_agg": 0.0,
                "bw_mean": 0.0,
                "bw_dev": 0.0,
                "bw_samples": 0,
                "iops_min": 0,
                "iops_max": 0,
                "iops_mean": 0.0,
                "iops_stddev": 0.0,
                "iops_samples": 0
            },
            "trim": {
                "io_bytes": 0,
                "io_kbytes": 0,
                "bw_bytes": 0,
                "bw": 0,
                "iops": 0.0,
                "runtime": 0,
                "total_ios": 0,
                "short_ios": 0,
                "drop_ios": 0,
                "slat_ns": {
                    "min": 0,
                    "max": 0,
                    "mean": 0.0,
                    "stddev": 0.0,
                    "N": 0
                },
                "clat_ns": {
                    "min": 0,
                    "max": 0,
                    "mean": 0.0,
                    "stddev": 0.0,
                    "N": 0
                },
                "lat_ns": {
                    "min": 0,
                    "max": 0,
                    "mean": 0.0,
                    "stddev": 0.0,
                    "N": 0
                },
                "bw_min": 0,
                "bw_max": 0,
                "bw_agg": 0.0,
                "bw_mean": 0.0,
                "bw_dev": 0.0,
                "bw_samples": 0,
                "iops_min": 0,
                "iops_max": 0,
                "iops_mean": 0.0,
                "iops_stddev": 0.0,
                "iops_samples": 0
            },
            "sync": {
                "total_ios": 0,
                "lat_ns": {
                    "min": 0,
                    "max": 0,
                    "mean": 0.0,
                    "stddev": 0.0,
                    "N": 0
                }
            },
            "job_runtime": 7000,
            "usr_cpu": 15.314286,
            "sys_cpu": 82.328571,
            "ctx": 12629,
            "majf": 0,
            "minf": 1,
            "iodepth_level": {
                "1": 0.0,
                "2": 0.0,
                "4": 100.0,
                "8": 0.0,
                "16": 0.0,
                "32": 0.0,
                ">=64": 0.0
            },
            "iodepth_submit": {
                "0": 0.0,
                "4": 100.0,
                "8": 0.0,
                "16": 0.0,
                "32": 0.0,
                "64": 0.0,
                ">=64": 0.0
            },
            "iodepth_complete": {
                "0": 0.0,
                "4": 100.0,
                "8": 0.0,
                "16": 0.0,
                "32": 0.0,
                "64": 0.0,
                ">=64": 0.0
            },
            "latency_ns": {
                "2": 0.0,
                "4": 0.0,
                "10": 0.0,
                "20": 0.0,
                "50": 0.0,
                "100": 0.015154,
                "250": 0.01,
                "500": 0.0,
                "750": 0.0,
                "1000": 0.0
            },
            "latency_us": {
                "2": 0.01,
                "4": 0.107319,
                "10": 79.928757,
                "20": 18.2246,
                "50": 1.676457,
                "100": 0.03738,
                "250": 0.01,
                "500": 0.0,
                "750": 0.0,
                "1000": 0.0
            },
            "latency_ms": {
                "2": 0.0,
                "4": 0.0,
                "10": 0.0,
                "20": 0.0,
                "50": 0.0,
                "100": 0.0,
                "250": 0.0,
                "500": 0.0,
                "750": 0.0,
                "1000": 0.0,
                "2000": 0.0,
                ">=2000": 0.0
            },
            "latency_depth": 4,
            "latency_target": 0,
            "latency_percentile": 100.0,