{
    "fio version": "fio-3.32-dirty",
    "timestamp": 1666752025,
    "timestamp_ms": 1666752025990,
    "time": "Wed Oct 26 04:40:25 2022",
    "jobs": [
        {
            "jobname": "io_uring-reference",
            "groupid": 0,
            "error": 0,
            "eta": 0,
            "elapsed": 11,
            "job options": {
                "name": "io_uring-reference",
                "rw": "randread",
                "size": "12G",
                "iodepth": "4",
                "bs": "512",
                "direct": "1",
                "thread": "1",
                "time_based": "1",
                "runtime": "7",
                "ramp_time": "3",
                "norandommap": "1",
                "allow_file_create": "0",
                "ioengine": "io_uring",
                "filename": "/dev/nvme0n1",
                "cpus_allowed": "1"
            },
            "read": {
                "io_bytes": 1115557888,
                "io_kbytes": 1089412,
                "bw_bytes": 159342649,
                "bw": 155608,
                "iops": 311215.540637,
                "runtime": 7001,
                "total_ios": 2178820,
                "short_ios": 0,
                "drop_ios": 0,
                "slat_ns": {
                    "min": 1292,
                    "max": 28123,
                    "mean": 2499.686404,
                    "stddev": 889.89699,
                    "N": 2178821
                },
                "clat_ns": {
                    "min": 70,
                    "max": 142838,
                    "mean": 9952.93827,
                    "stddev": 2613.804392,
                    "N": 2178823,
                    "percentile": {
                        "1.000000": 7392,
                        "5.000000": 8032,
                        "10.000000": 9152,
                        "20.000000": 9280,
                        "30.000000": 9408,
                        "40.000000": 9408,
                        "50.000000": 9536,
                        "60.000000": 9536,
                        "70.000000": 9536,
                        "80.000000": 10432,
                        "90.000000": 11072,
                        "95.000000": 11328,
                        "99.000000": 23168,
                        "99.500000": 24960,
                        "99.900000": 29824,
                        "99.950000": 34560,
                        "99.990000": 72192
                    }
                },
                "lat_ns": {
                    "min": 5541,
                    "max": 144180,
                    "mean": 12452.624922,
                    "stddev": 2606.970828,
                    "N": 2178823
                },
                "bw_min": 155411,
                "bw_max": 156036,
                "bw_agg": 100.0,
                "bw_mean": 155680.285714,
                "bw_dev": 179.364017,
                "bw_samples": 14,
                "iops_min": 310822,
                "iops_max": 312072,
                "iops_mean": 311360.571429,
                "iops_stddev": 358.728034,
                "iops_samples": 14
            },
            "write": {
                "io_bytes": 0,
                "io_kbytes": 0,
                "bw_bytes": 0,
                "bw": 0,
                "iops": 0.0,
                "runtime": 0,
                "total_ios": 0,
                "short_ios": 0,
                "drop_ios": 0,
                "slat_ns": {
                    "min": 0,
                    "max": 0,
                    "mean": 0.0,
                    "stddev": 0.0,
                    "N": 0
                },
                "clat_ns": {
                    "min": 0,
                    "max": 0,
                    "mean": 0.0,
                    "stddev": 0.0,
                    "N": 0
                },
                "lat_ns": {
                    "min": 0,
                    "max": 0,
                    "mean": 0.0,
                    "stddev": 0.0,
                    "N": 0
                },
                "bw_min": 0,
                "bw_max": 0,
                "bw_agg": 0.0,
                "bw_mean": 0.0,
                "bw_dev": 0.0,
                "bw_samples": 0,
                "iops_min": 0,
                "iops_max": 0,
                "iops_mean": 0.0,
                "iops_stddev": 0.0,
                "iops_samples": 0
            },
            "trim": {
                "io_bytes": 0,
                "io_kbytes": 0,
                "bw_bytes": 0,
                "bw": 0,
                "iops": 0.0,
                "runtime": 0,
                "total_ios": 0,
                "short_ios": 0,
                "drop_ios": 0,
                "slat_ns": {
                    "min": 0,
                    "max": 0,
                    "mean": 0.0,
                    "stddev": 0.0,
                    "N": 0
                },
                "clat_ns": {
                    "min": 0,
                    "max": 0,
                    "mean": 0.0,
                    "stddev": 0.0,
                    "N": 0
                },
                "lat_ns": {
                    "min": 0,
                    "max": 0,
                    "mean": 0.0,
                    "stddev": 0.0,
                    "N": 0
                },
                "bw_min": 0,
                "bw_max": 0,
                "bw_agg": 0.0,
                "bw_mean": 0.0,
                "bw_dev": 0.0,
                "bw_samples": 0,
                "iops_min": 0,
                "iops_max": 0,
                "iops_mean": 0.0,
                "iops_stddev": 0.0,
                "iops_samples": 0
            },
            "sync": {
                "total_ios": 0,
                "lat_ns": {
                    "min": 0,
                    "max": 0,
                    "mean": 0.0,
                    "stddev": 0.0,
                    "N": 0
                }
            },
            "job_runtime": 7000,
            "usr_cpu": 15.085714,
            "sys_cpu": 82.542857,
            "ctx": 12650,
            "majf": 0,
            "minf": 0,
            "iodepth_level": {
                "1": 0.0,
                "2": 0.0,
                "4": 100.0,
                "8": 0.0,
                "16": 0.0,
                "32": 0.0,
                ">=64": 0.0
            },
            "iodepth_submit": {
                "0": 0.0,
                "4": 100.0,
                "8": 0.0,
                "16": 0.0,
                "32": 0.0,
                "64": 0.0,
                ">=64": 0.0
            },
            "iodepth_complete": {
                "0": 0.0,
                "4": 100.0,
                "8": 0.0,
                "16": 0.0,
                "32": 0.0,
                "64": 0.0,
                ">=64": 0.0
            },
            "latency_ns": {
                "2": 0.0,
                "4": 0.0,
                "10": 0.0,
                "20": 0.0,
                "50": 0.0,
                "100": 0.010281,
                "250": 0.01,
                "500": 0.0,
                "750": 0.0,
                "1000": 0.0
            },
            "latency_us": {
                "2": 0.01,
                "4": 0.110702,
                "10": 79.515885,
                "20": 18.645368,
                "50": 1.666728,
                "100": 0.042362,
                "250": 0.01,
                "500": 0.0,
                "750": 0.0,
                "1000": 0.0
            },
            "latency_ms": {
                "2": 0.0,
                "4": 0.0,
                "10": 0.0,
                "20": 0.0,
                "50": 0.0,
                "100": 0.0,
                "250": 0.0,
                "500": 0.0,
                "750": 0.0,
                "1000": 0.0,
                "2000": 0.0,
                ">=2000": 0.0
            },
            "latency_depth": 4,
            "latency_target": 0,
            "latency_percentile": 100.0,