{
    "fio version": "fio-3.32-dirty",
    "timestamp": 1666752715,
    "timestamp_ms": 1666752715116,
    "time": "Wed Oct 26 04:51:55 2022",
    "jobs": [
        {
            "jobname": "libaio-bdev_aio",
            "groupid": 0,
            "error": 0,
            "eta": 0,
            "elapsed": 11,
            "job options": {
                "name": "libaio-bdev_aio",
                "rw": "randread",
                "size": "12G",
                "iodepth": "8",
                "bs": "512",
                "direct": "1",
                "thread": "1",
                "time_based": "1",
                "runtime": "7",
                "ramp_time": "3",
                "norandommap": "1",
                "allow_file_create": "0",
                "ioengine": "spdk_bdev",
                "spdk_conf": "/tmp/spdk_bdev_aio_foo.conf",
                "filename": "Nvme0n1",
                "cpus_allowed": "1"
            },
            "read": {
                "io_bytes": 1076485120,
                "io_kbytes": 1051255,
                "bw_bytes": 153761622,
                "bw": 150157,
                "iops": 300314.669333,
                "runtime": 7001,
                "total_ios": 2102503,
                "short_ios": 0,
                "drop_ios": 0,
                "slat_ns": {
                    "min": 1593,
                    "max": 36158,
                    "mean": 2832.892318,
                    "stddev": 1021.35827,
                    "N": 2102503
                },
                "clat_ns": {
                    "min": 350,
                    "max": 128501,
                    "mean": 14078.870878,
                    "stddev": 6722.192899,
                    "N": 2102503,
                    "percentile": {
                        "1.000000": 3440,
                        "5.000000": 3568,
                        "10.000000": 4832,
                        "20.000000": 6816,
                        "30.000000": 9664,
                        "40.000000": 11712,
                        "50.000000": 14144,
                        "60.000000": 16320,
                        "70.000000": 18304,
                        "80.000000": 19840,
                        "90.000000": 23168,
                        "95.000000": 23680,
                        "99.000000": 27008,
                        "99.500000": 29824,
                        "99.900000": 44800,
                        "99.950000": 57600,
                        "99.990000": 69120
                    }
                },
                "lat_ns": {
                    "min": 6161,
                    "max": 130174,
                    "mean": 16911.763196,
                    "stddev": 6736.191451,
                    "N": 2102503
                },
                "bw_min": 149226,
                "bw_max": 150989,
                "bw_agg": 100.0,
                "bw_mean": 150194.785714,
                "bw_dev": 508.754464,
                "bw_samples": 14,
                "iops_min": 298452,
                "iops_max": 301979,
                "iops_mean": 300389.642857,
                "iops_stddev": 1017.62904,
                "iops_samples": 14
            },
            "write": {
                "io_bytes": 0,
                "io_kbytes": 0,
                "bw_bytes": 0,
                "bw": 0,
                "iops": 0.0,
                "runtime": 0,
                "total_ios": 0,
                "short_ios": 0,
                "drop_ios": 0,
                "slat_ns": {
                    "min": 0,
                    "max": 0,
                    "mean": 0.0,
                    "stddev": 0.0,
                    "N": 0
                },
                "clat_ns": {
                    "min": 0,
                    "max": 0,
                    "mean": 0.0,
                    "stddev": 0.0,
                    "N": 0
                },
                "lat_ns": {
                    "min": 0,
                    "max": 0,
                    "mean": 0.0,
                    "stddev": 0.0,
                    "N": 0
                },
                "bw_min": 0,
                "bw_max": 0,
                "bw_agg": 0.0,
                "bw_mean": 0.0,
                "bw_dev": 0.0,
                "bw_samples": 0,
                "iops_min": 0,
                "iops_max": 0,
                "iops_mean": 0.0,
                "iops_stddev": 0.0,
                "iops_samples": 0
            },
            "trim": {
                "io_bytes": 0,
                "io_kbytes": 0,
                "bw_bytes": 0,
                "bw": 0,
                "iops": 0.0,
                "runtime": 0,
                "total_ios": 0,
                "short_ios": 0,
                "drop_ios": 0,
                "slat_ns": {
                    "min": 0,
                    "max": 0,
                    "mean": 0.0,
                    "stddev": 0.0,
                    "N": 0
                },
                "clat_ns": {
                    "min": 0,
                    "max": 0,
                    "mean": 0.0,
                    "stddev": 0.0,
                    "N": 0
                },
                "lat_ns": {
                    "min": 0,
                    "max": 0,
                    "mean": 0.0,
                    "stddev": 0.0,
                    "N": 0
                },
                "bw_min": 0,
                "bw_max": 0,
                "bw_agg": 0.0,
                "bw_mean": 0.0,
                "bw_dev": 0.0,
                "bw_samples": 0,
                "iops_min": 0,
                "iops_max": 0,
                "iops_mean": 0.0,
                "iops_stddev": 0.0,
                "iops_samples": 0
            },
            "sync": {
                "total_ios": 0,
                "lat_ns": {
                    "min": 0,
                    "max": 0,
                    "mean": 0.0,
                    "stddev": 0.0,
                    "N": 0
                }
            },
            "job_runtime": 7000,
            "usr_cpu": 40.442857,
            "sys_cpu": 59.528571,
            "ctx": 29,
            "majf": 0,
            "minf": 0,
            "iodepth_level": {
                "1": 0.466064,
                "2": 26.752542,
                "4": 57.926671,
                "8": 14.854723,
                "16": 0.0,
                "32": 0.0,
                ">=64": 0.0
            },
            "iodepth_submit": {
                "0": 0.0,
                "4": 100.0,
                "8": 0.0,
                "16": 0.0,
                "32": 0.0,
                "64": 0.0,
                ">=64": 0.0
            },
            "iodepth_complete": {
                "0": 0.0,
                "4": 87.516984,
                "8": 12.483016,
                "16": 0.0,
                "32": 0.0,
                "64": 0.0,
                ">=64": 0.0
            },
            "latency_ns": {
                "2": 0.0,
                "4": 0.0,
                "10": 0.0,
                "20": 0.0,
                "50": 0.0,
                "100": 0.0,
                "250": 0.0,
                "500": 0.042806,
                "750": 0.01,
                "1000": 0.0
            },
            "latency_us": {
                "2": 0.01,
                "4": 6.502393,
                "10": 29.7406,
                "20": 43.938059,
                "50": 19.695097,
                "100": 0.078906,
                "250": 0.01,
                "500": 0.0,
                "750": 0.0,
                "1000": 0.0
            },
            "latency_ms": {
                "2": 0.0,
                "4": 0.0,
                "10": 0.0,
                "20": 0.0,
                "50": 0.0,
                "100": 0.0,
                "250": 0.0,
                "500": 0.0,
                "750": 0.0,
                "1000": 0.0,
                "2000": 0.0,
                ">=2000": 0.0
            },
            "latency_depth": 8,