{
    "fio version": "fio-3.32-75-gc470",
    "timestamp": 1667195364,
    "timestamp_ms": 1667195364830,
    "time": "Mon Oct 31 00:49:24 2022",
    "jobs": [
        {
            "jobname": "io_uring-bdev_uring",
            "groupid": 0,
            "error": 0,
            "eta": 0,
            "elapsed": 11,
            "job options": {
                "name": "io_uring-bdev_uring",
                "rw": "randread",
                "size": "12G",
                "iodepth": "128",
                "bs": "512",
                "direct": "1",
                "thread": "1",
                "time_based": "1",
                "runtime": "7",
                "ramp_time": "3",
                "norandommap": "1",
                "allow_file_create": "0",
                "ioengine": "spdk_bdev",
                "spdk_conf": "/tmp/spdk_bdev_uring_foo.conf",
                "filename": "Nvme0n1",
                "cpus_allowed": "1"
            },
            "read": {
                "io_bytes": 2972155392,
                "io_kbytes": 2902495,
                "bw_bytes": 424532979,
                "bw": 414582,
                "iops": 829147.836023,
                "runtime": 7001,
                "total_ios": 5804864,
                "short_ios": 0,
                "drop_ios": 0,
                "slat_ns": {
                    "min": 60,
                    "max": 12219,
                    "mean": 129.494887,
                    "stddev": 347.130239,
                    "N": 5804864
                },
                "clat_ns": {
                    "min": 50716,
                    "max": 419760,
                    "mean": 120863.737636,
                    "stddev": 50668.753388,
                    "N": 5804882,
                    "percentile": {
                        "1.000000": 65280,
                        "5.000000": 70144,
                        "10.000000": 74240,
                        "20.000000": 78336,
                        "30.000000": 81408,
                        "40.000000": 85504,
                        "50.000000": 89600,
                        "60.000000": 97792,
                        "70.000000": 175104,
                        "80.000000": 183296,
                        "90.000000": 191488,
                        "95.000000": 195584,
                        "99.000000": 207872,
                        "99.500000": 214016,
                        "99.900000": 234496,
                        "99.950000": 292864,
                        "99.990000": 378880
                    }
                },
                "lat_ns": {
                    "min": 50790,
                    "max": 419925,
                    "mean": 120993.232349,
                    "stddev": 50634.87953,
                    "N": 5804882
                },
                "bw_min": 414458,
                "bw_max": 415231,
                "bw_agg": 100.0,
                "bw_mean": 414783.857143,
                "bw_dev": 230.088564,
                "bw_samples": 14,
                "iops_min": 828916,
                "iops_max": 830464,
                "iops_mean": 829567.642857,
                "iops_stddev": 460.67803,
                "iops_samples": 14
            },
            "write": {
                "io_bytes": 0,
                "io_kbytes": 0,
                "bw_bytes": 0,
                "bw": 0,
                "iops": 0.0,
                "runtime": 0,
                "total_ios": 0,
                "short_ios": 0,
                "drop_ios": 0,
                "slat_ns": {
                    "min": 0,
                    "max": 0,
                    "mean": 0.0,
                    "stddev": 0.0,
                    "N": 0
                },
                "clat_ns": {
                    "min": 0,
                    "max": 0,
                    "mean": 0.0,
                    "stddev": 0.0,
                    "N": 0
                },
                "lat_ns": {
                    "min": 0,
                    "max": 0,
                    "mean": 0.0,
                    "stddev": 0.0,
                    "N": 0
                },
                "bw_min": 0,
                "bw_max": 0,
                "bw_agg": 0.0,
                "bw_mean": 0.0,
                "bw_dev": 0.0,
                "bw_samples": 0,
                "iops_min": 0,
                "iops_max": 0,
                "iops_mean": 0.0,
                "iops_stddev": 0.0,
                "iops_samples": 0
            },
            "trim": {
                "io_bytes": 0,
                "io_kbytes": 0,
                "bw_bytes": 0,
                "bw": 0,
                "iops": 0.0,
                "runtime": 0,
                "total_ios": 0,
                "short_ios": 0,
                "drop_ios": 0,
                "slat_ns": {
                    "min": 0,
                    "max": 0,
                    "mean": 0.0,
                    "stddev": 0.0,
                    "N": 0
                },
                "clat_ns": {
                    "min": 0,
                    "max": 0,
                    "mean": 0.0,
                    "stddev": 0.0,
                    "N": 0
                },
                "lat_ns": {
                    "min": 0,
                    "max": 0,
                    "mean": 0.0,
                    "stddev": 0.0,
                    "N": 0
                },
                "bw_min": 0,
                "bw_max": 0,
                "bw_agg": 0.0,
                "bw_mean": 0.0,
                "bw_dev": 0.0,
                "bw_samples": 0,
                "iops_min": 0,
                "iops_max": 0,
                "iops_mean": 0.0,
                "iops_stddev": 0.0,
                "iops_samples": 0
            },
            "sync": {
                "total_ios": 0,
                "lat_ns": {
                    "min": 0,
                    "max": 0,
                    "mean": 0.0,
                    "stddev": 0.0,
                    "N": 0
                }
            },
            "job_runtime": 7000,
            "usr_cpu": 20.214286,
            "sys_cpu": 79.757143,
            "ctx": 11,
            "majf": 0,
            "minf": 0,
            "iodepth_level": {
                "1": 0.1,
                "2": 0.1,
                "4": 0.1,
                "8": 0.1,
                "16": 0.900228,
                "32": 29.634441,
                ">=64": 69.378628
            },
            "iodepth_submit": {
                "0": 0.0,
                "4": 100.0,
                "8": 0.0,
                "16": 0.0,
                "32": 0.0,
                "64": 0.0,
                ">=64": 0.0
            },
            "iodepth_complete": {
                "0": 0.0,
                "4": 98.943892,
                "8": 0.0,
                "16": 0.0,
                "32": 0.1,
                "64": 0.0,
                ">=64": 1.056091
            },
            "latency_ns": {
                "2": 0.0,
                "4": 0.0,
                "10": 0.0,
                "20": 0.0,
                "50": 0.0,
                "100": 0.0,
                "250": 0.0,
                "500": 0.0,
                "750": 0.0,
                "1000": 0.0
            },
            "latency_us": {
                "2": 0.0,
                "4": 0.0,
                "10": 0.0,
                "20": 0.0,
                "50": 0.0,
                "100": 61.123448,
                "250": 38.794811,
                "500": 0.082052,
                "750": 0.0,
                "1000": 0.0
            },
            "latency_ms": {
                "2": 0.0,
                "4": 0.0,
                "10": 0.0,
                "20": 0.0,
                "50": 0.0,
                "100": 0.0,
                "250": 0.0,
                "500": 0.0,
                "750": 0.0,
                "1000": 0.0,
                "2000": 0.0,
                ">=2000": 0.0
            },
            "latency_depth": 128,