{
    "fio version": "fio-3.32-75-gc470",
    "timestamp": 1667197040,
    "timestamp_ms": 1667197040350,
    "time": "Mon Oct 31 01:17:20 2022",
    "jobs": [
        {
            "jobname": "io_uring-bdev_uring",
            "groupid": 0,
            "error": 0,
            "eta": 0,
            "elapsed": 11,
            "job options": {
                "name": "io_uring-bdev_uring",
                "rw": "randread",
                "size": "12G",
                "iodepth": "128",
                "bs": "512",
                "direct": "1",
                "thread": "1",
                "time_based": "1",
                "runtime": "7",
                "ramp_time": "3",
                "norandommap": "1",
                "allow_file_create": "0",
                "ioengine": "spdk_bdev",
                "spdk_conf": "/tmp/spdk_bdev_uring_foo.conf",
                "filename": "Nvme0n1",
                "cpus_allowed": "1"
            },
            "read": {
                "io_bytes": 2983515648,
                "io_kbytes": 2913589,
                "bw_bytes": 426155641,
                "bw": 416167,
                "iops": 832317.097557,
                "runtime": 7001,
                "total_ios": 5827052,
                "short_ios": 0,
                "drop_ios": 0,
                "slat_ns": {
                    "min": 61,
                    "max": 13922,
                    "mean": 121.962294,
                    "stddev": 321.700736,
                    "N": 5827052
                },
                "clat_ns": {
                    "min": 51645,
                    "max": 248747,
                    "mean": 121020.60061,
                    "stddev": 50396.063224,
                    "N": 5827092,
                    "percentile": {
                        "1.000000": 67072,
                        "5.000000": 73216,
                        "10.000000": 76288,
                        "20.000000": 80384,
                        "30.000000": 84480,
                        "40.000000": 87552,
                        "50.000000": 91648,
                        "60.000000": 97792,
                        "70.000000": 177152,
                        "80.000000": 187392,
                        "90.000000": 195584,
                        "95.000000": 201728,
                        "99.000000": 211968,
                        "99.500000": 216064,
                        "99.900000": 224256,
                        "99.950000": 228352,
                        "99.990000": 234496
                    }
                },
                "lat_ns": {
                    "min": 51719,
                    "max": 248823,
                    "mean": 121142.562581,
                    "stddev": 50367.845957,
                    "N": 5827092
                },
                "bw_min": 416151,
                "bw_max": 416895,
                "bw_agg": 100.0,
                "bw_mean": 416361.785714,
                "bw_dev": 200.72146,
                "bw_samples": 14,
                "iops_min": 832302,
                "iops_max": 833791,
                "iops_mean": 832724.0,
                "iops_stddev": 401.621521,
                "iops_samples": 14
            },
            "write": {
                "io_bytes": 0,
                "io_kbytes": 0,
                "bw_bytes": 0,
                "bw": 0,
                "iops": 0.0,
                "runtime": 0,
                "total_ios": 0,
                "short_ios": 0,
                "drop_ios": 0,
                "slat_ns": {
                    "min": 0,
                    "max": 0,
                    "mean": 0.0,
                    "stddev": 0.0,
                    "N": 0
                },
                "clat_ns": {
                    "min": 0,
                    "max": 0,
                    "mean": 0.0,
                    "stddev": 0.0,
                    "N": 0
                },
                "lat_ns": {
                    "min": 0,
                    "max": 0,
                    "mean": 0.0,
                    "stddev": 0.0,
                    "N": 0
                },
                "bw_min": 0,
                "bw_max": 0,
                "bw_agg": 0.0,
                "bw_mean": 0.0,
                "bw_dev": 0.0,
                "bw_samples": 0,
                "iops_min": 0,
                "iops_max": 0,
                "iops_mean": 0.0,
                "iops_stddev": 0.0,
                "iops_samples": 0
            },
            "trim": {
                "io_bytes": 0,
                "io_kbytes": 0,
                "bw_bytes": 0,
                "bw": 0,
                "iops": 0.0,
                "runtime": 0,
                "total_ios": 0,
                "short_ios": 0,
                "drop_ios": 0,
                "slat_ns": {
                    "min": 0,
                    "max": 0,
                    "mean": 0.0,
                    "stddev": 0.0,
                    "N": 0
                },
                "clat_ns": {
                    "min": 0,
                    "max": 0,
                    "mean": 0.0,
                    "stddev": 0.0,
                    "N": 0
                },
                "lat_ns": {
                    "min": 0,
                    "max": 0,
                    "mean": 0.0,
                    "stddev": 0.0,
                    "N": 0
                },
                "bw_min": 0,
                "bw_max": 0,
                "bw_agg": 0.0,
                "bw_mean": 0.0,
                "bw_dev": 0.0,
                "bw_samples": 0,
                "iops_min": 0,
                "iops_max": 0,
                "iops_mean": 0.0,
                "iops_stddev": 0.0,
                "iops_samples": 0
            },
            "sync": {
                "total_ios": 0,
                "lat_ns": {
                    "min": 0,
                    "max": 0,
                    "mean": 0.0,
                    "stddev": 0.0,
                    "N": 0
                }
            },
            "job_runtime": 7000,
            "usr_cpu": 21.928571,
            "sys_cpu": 78.042857,
            "ctx": 15,
            "majf": 0,
            "minf": 0,
            "iodepth_level": {
                "1": 0.1,
                "2": 0.1,
                "4": 0.1,
                "8": 0.1,
                "16": 1.435769,
                "32": 30.313785,
                ">=64": 68.245487
            },
            "iodepth_submit": {
                "0": 0.0,
                "4": 100.0,
                "8": 0.0,
                "16": 0.0,
                "32": 0.0,
                "64": 0.0,
                ">=64": 0.0
            },
            "iodepth_complete": {
                "0": 0.0,
                "4": 98.960962,
                "8": 0.0,
                "16": 0.0,
                "32": 0.1,
                "64": 0.0,
                ">=64": 1.039021
            },
            "latency_ns": {
                "2": 0.0,
                "4": 0.0,
                "10": 0.0,
                "20": 0.0,
                "50": 0.0,
                "100": 0.0,
                "250": 0.0,
                "500": 0.0,
                "750": 0.0,
                "1000": 0.0
            },
            "latency_us": {
                "2": 0.0,
                "4": 0.0,
                "10": 0.0,
                "20": 0.0,
                "50": 0.0,
                "100": 62.464965,
                "250": 37.535721,
                "500": 0.0,
                "750": 0.0,
                "1000": 0.0
            },
            "latency_ms": {
                "2": 0.0,
                "4": 0.0,
                "10": 0.0,
                "20": 0.0,
                "50": 0.0,
                "100": 0.0,
                "250": 0.0,
                "500": 0.0,
                "750": 0.0,
                "1000": 0.0,
                "2000": 0.0,
                ">=2000": 0.0
            },
            "latency_depth": 128,