{
    "fio version": "fio-3.32-75-gc470",
    "timestamp": 1667196983,
    "timestamp_ms": 1667196983732,
    "time": "Mon Oct 31 01:16:23 2022",
    "jobs": [
        {
            "jobname": "io_uring_cmd-reference",
            "groupid": 0,
            "error": 0,
            "eta": 0,
            "elapsed": 11,
            "job options": {
                "name": "io_uring_cmd-reference",
                "rw": "randread",
                "size": "12G",
                "iodepth": "128",
                "bs": "512",
                "direct": "0",
                "thread": "1",
                "time_based": "1",
                "runtime": "7",
                "ramp_time": "3",
                "norandommap": "1",
                "allow_file_create": "0",
                "ioengine": "io_uring_cmd",
                "filename": "/dev/ng0n1",
                "cpus_allowed": "1"
            },
            "read": {
                "io_bytes": 2407401472,
                "io_kbytes": 2350978,
                "bw_bytes": 343865372,
                "bw": 335806,
                "iops": 671593.772318,
                "runtime": 7001,
                "total_ios": 4701828,
                "short_ios": 0,
                "drop_ios": 0,
                "slat_ns": {
                    "min": 551,
                    "max": 14275,
                    "mean": 1154.717667,
                    "stddev": 449.078019,
                    "N": 4701829
                },
                "clat_ns": {
                    "min": 10781,
                    "max": 214207,
                    "mean": 189150.564619,
                    "stddev": 1796.792498,
                    "N": 4701955,
                    "percentile": {
                        "1.000000": 183296,
                        "5.000000": 187392,
                        "10.000000": 187392,
                        "20.000000": 187392,
                        "30.000000": 189440,
                        "40.000000": 189440,
                        "50.000000": 189440,
                        "60.000000": 189440,
                        "70.000000": 189440,
                        "80.000000": 189440,
                        "90.000000": 191488,
                        "95.000000": 191488,
                        "99.000000": 193536,
                        "99.500000": 193536,
                        "99.900000": 195584,
                        "99.950000": 197632,
                        "99.990000": 199680
                    }
                },
                "lat_ns": {
                    "min": 11393,
                    "max": 216244,
                    "mean": 190305.282437,
                    "stddev": 1801.344609,
                    "N": 4701955
                },
                "bw_min": 335613,
                "bw_max": 336925,
                "bw_agg": 100.0,
                "bw_mean": 335949.642857,
                "bw_dev": 364.262502,
                "bw_samples": 14,
                "iops_min": 671226,
                "iops_max": 673851,
                "iops_mean": 671899.428571,
                "iops_stddev": 728.714011,
                "iops_samples": 14
            },
            "write": {
                "io_bytes": 0,
                "io_kbytes": 0,
                "bw_bytes": 0,
                "bw": 0,
                "iops": 0.0,
                "runtime": 0,
                "total_ios": 0,
                "short_ios": 0,
                "drop_ios": 0,
                "slat_ns": {
                    "min": 0,
                    "max": 0,
                    "mean": 0.0,
                    "stddev": 0.0,
                    "N": 0
                },
                "clat_ns": {
                    "min": 0,
                    "max": 0,
                    "mean": 0.0,
                    "stddev": 0.0,
                    "N": 0
                },
                "lat_ns": {
                    "min": 0,
                    "max": 0,
                    "mean": 0.0,
                    "stddev": 0.0,
                    "N": 0
                },
                "bw_min": 0,
                "bw_max": 0,
                "bw_agg": 0.0,
                "bw_mean": 0.0,
                "bw_dev": 0.0,
                "bw_samples": 0,
                "iops_min": 0,
                "iops_max": 0,
                "iops_mean": 0.0,
                "iops_stddev": 0.0,
                "iops_samples": 0
            },
            "trim": {
                "io_bytes": 0,
                "io_kbytes": 0,
                "bw_bytes": 0,
                "bw": 0,
                "iops": 0.0,
                "runtime": 0,
                "total_ios": 0,
                "short_ios": 0,
                "drop_ios": 0,
                "slat_ns": {
                    "min": 0,
                    "max": 0,
                    "mean": 0.0,
                    "stddev": 0.0,
                    "N": 0
                },
                "clat_ns": {
                    "min": 0,
                    "max": 0,
                    "mean": 0.0,
                    "stddev": 0.0,
                    "N": 0
                },
                "lat_ns": {
                    "min": 0,
                    "max": 0,
                    "mean": 0.0,
                    "stddev": 0.0,
                    "N": 0
                },
                "bw_min": 0,
                "bw_max": 0,
                "bw_agg": 0.0,
                "bw_mean": 0.0,
                "bw_dev": 0.0,
                "bw_samples": 0,
                "iops_min": 0,
                "iops_max": 0,
                "iops_mean": 0.0,
                "iops_stddev": 0.0,
                "iops_samples": 0
            },
            "sync": {
                "total_ios": 0,
                "lat_ns": {
                    "min": 0,
                    "max": 0,
                    "mean": 0.0,
                    "stddev": 0.0,
                    "N": 0
                }
            },
            "job_runtime": 7000,
            "usr_cpu": 32.757143,
            "sys_cpu": 67.285714,
            "ctx": 29,
            "majf": 0,
            "minf": 0,
            "iodepth_level": {
                "1": 0.0,
                "2": 0.0,
                "4": 0.0,
                "8": 0.0,
                "16": 0.0,
                "32": 0.0,
                ">=64": 100.0
            },
            "iodepth_submit": {
                "0": 0.0,
                "4": 100.0,
                "8": 0.0,
                "16": 0.0,
                "32": 0.0,
                "64": 0.0,
                ">=64": 0.0
            },
            "iodepth_complete": {
                "0": 0.0,
                "4": 99.999979,
                "8": 0.0,
                "16": 0.0,
                "32": 0.0,
                "64": 0.0,
                ">=64": 0.1
            },
            "latency_ns": {
                "2": 0.0,
                "4": 0.0,
                "10": 0.0,
                "20": 0.0,
                "50": 0.0,
                "100": 0.0,
                "250": 0.0,
                "500": 0.0,
                "750": 0.0,
                "1000": 0.0
            },
            "latency_us": {
                "2": 0.0,
                "4": 0.0,
                "10": 0.0,
                "20": 0.01,
                "50": 0.01,
                "100": 0.01,
                "250": 100.001425,
                "500": 0.0,
                "750": 0.0,
                "1000": 0.0
            },
            "latency_ms": {
                "2": 0.0,
                "4": 0.0,
                "10": 0.0,
                "20": 0.0,
                "50": 0.0,
                "100": 0.0,
                "250": 0.0,
                "500": 0.0,
                "750": 0.0,
                "1000": 0.0,
                "2000": 0.0,
                ">=2000": 0.0
            },
            "latency_depth": 128,
            "latency_target": 0,