{
    "fio version": "fio-3.32-75-gc470",
    "timestamp": 1667184368,
    "timestamp_ms": 1667184368715,
    "time": "Sun Oct 30 21:46:08 2022",
    "jobs": [
        {
            "jobname": "io_uring-reference",
            "groupid": 0,
            "error": 0,
            "eta": 0,
            "elapsed": 11,
            "job options": {
                "name": "io_uring-reference",
                "rw": "randread",
                "size": "12G",
                "iodepth": "1",
                "bs": "512",
                "direct": "1",
                "thread": "1",
                "time_based": "1",
                "runtime": "7",
                "ramp_time": "3",
                "norandommap": "1",
                "allow_file_create": "0",
                "ioengine": "io_uring",
                "filename": "/dev/nvme0n1",
                "cpus_allowed": "1"
            },
            "read": {
                "io_bytes": 335784448,
                "io_kbytes": 327914,
                "bw_bytes": 47962355,
                "bw": 46838,
                "iops": 93676.474789,
                "runtime": 7001,
                "total_ios": 655829,
                "short_ios": 0,
                "drop_ios": 0,
                "slat_ns": {
                    "min": 633,
                    "max": 4032,
                    "mean": 722.866018,
                    "stddev": 23.680533,
                    "N": 655829
                },
                "clat_ns": {
                    "min": 6493,
                    "max": 21623,
                    "mean": 9750.685359,
                    "stddev": 143.262365,
                    "N": 655829,
                    "percentile": {
                        "1.000000": 9408,
                        "5.000000": 9536,
                        "10.000000": 9536,
                        "20.000000": 9664,
                        "30.000000": 9664,
                        "40.000000": 9664,
                        "50.000000": 9792,
                        "60.000000": 9792,
                        "70.000000": 9792,
                        "80.000000": 9920,
                        "90.000000": 9920,
                        "95.000000": 9920,
                        "99.000000": 10048,
                        "99.500000": 10176,
                        "99.900000": 10432,
                        "99.950000": 10816,
                        "99.990000": 11328
                    }
                },
                "lat_ns": {
                    "min": 9885,
                    "max": 22354,
                    "mean": 10473.551377,
                    "stddev": 143.770463,
                    "N": 655829
                },
                "bw_min": 46790,
                "bw_max": 46955,
                "bw_agg": 100.0,
                "bw_mean": 46869.230769,
                "bw_dev": 50.520877,
                "bw_samples": 13,
                "iops_min": 93581,
                "iops_max": 93910,
                "iops_mean": 93738.692308,
                "iops_stddev": 101.033315,
                "iops_samples": 13
            },
            "write": {
                "io_bytes": 0,
                "io_kbytes": 0,
                "bw_bytes": 0,
                "bw": 0,
                "iops": 0.0,
                "runtime": 0,
                "total_ios": 0,
                "short_ios": 0,
                "drop_ios": 0,
                "slat_ns": {
                    "min": 0,
                    "max": 0,
                    "mean": 0.0,
                    "stddev": 0.0,
                    "N": 0
                },
                "clat_ns": {
                    "min": 0,
                    "max": 0,
                    "mean": 0.0,
                    "stddev": 0.0,
                    "N": 0
                },
                "lat_ns": {
                    "min": 0,
                    "max": 0,
                    "mean": 0.0,
                    "stddev": 0.0,
                    "N": 0
                },
                "bw_min": 0,
                "bw_max": 0,
                "bw_agg": 0.0,
                "bw_mean": 0.0,
                "bw_dev": 0.0,
                "bw_samples": 0,
                "iops_min": 0,
                "iops_max": 0,
                "iops_mean": 0.0,
                "iops_stddev": 0.0,
                "iops_samples": 0
            },
            "trim": {
                "io_bytes": 0,
                "io_kbytes": 0,
                "bw_bytes": 0,
                "bw": 0,
                "iops": 0.0,
                "runtime": 0,
                "total_ios": 0,
                "short_ios": 0,
                "drop_ios": 0,
                "slat_ns": {
                    "min": 0,
                    "max": 0,
                    "mean": 0.0,
                    "stddev": 0.0,
                    "N": 0
                },
                "clat_ns": {
                    "min": 0,
                    "max": 0,
                    "mean": 0.0,
                    "stddev": 0.0,
                    "N": 0
                },
                "lat_ns": {
                    "min": 0,
                    "max": 0,
                    "mean": 0.0,
                    "stddev": 0.0,
                    "N": 0
                },
                "bw_min": 0,
                "bw_max": 0,
                "bw_agg": 0.0,
                "bw_mean": 0.0,
                "bw_dev": 0.0,
                "bw_samples": 0,
                "iops_min": 0,
                "iops_max": 0,
                "iops_mean": 0.0,
                "iops_stddev": 0.0,
                "iops_samples": 0
            },
            "sync": {
                "total_ios": 0,
                "lat_ns": {
                    "min": 0,
                    "max": 0,
                    "mean": 0.0,
                    "stddev": 0.0,
                    "N": 0
                }
            },
            "job_runtime": 7000,
            "usr_cpu": 4.542857,
            "sys_cpu": 16.228571,
            "ctx": 655832,
            "majf": 0,
            "minf": 0,
            "iodepth_level": {
                "1": 100.0,
                "2": 0.0,
                "4": 0.0,
                "8": 0.0,
                "16": 0.0,
                "32": 0.0,
                ">=64": 0.0
            },
            "iodepth_submit": {
                "0": 0.0,
                "4": 100.0,
                "8": 0.0,
                "16": 0.0,
                "32": 0.0,
                "64": 0.0,
                ">=64": 0.0
            },
            "iodepth_complete": {
                "0": 0.0,
                "4": 100.0,
                "8": 0.0,
                "16": 0.0,
                "32": 0.0,
                "64": 0.0,
                ">=64": 0.0
            },
            "latency_ns": {
                "2": 0.0,
                "4": 0.0,
                "10": 0.0,
                "20": 0.0,
                "50": 0.0,
                "100": 0.0,
                "250": 0.0,
                "500": 0.0,
                "750": 0.0,
                "1000": 0.0
            },
            "latency_us": {
                "2": 0.0,
                "4": 0.0,
                "10": 98.04568,
                "20": 1.954168,
                "50": 0.01,
                "100": 0.0,
                "250": 0.0,
                "500": 0.0,
                "750": 0.0,
                "1000": 0.0
            },
            "latency_ms": {
                "2": 0.0,
                "4": 0.0,
                "10": 0.0,
                "20": 0.0,
                "50": 0.0,
                "100": 0.0,
                "250": 0.0,
                "500": 0.0,
                "750": 0.0,
                "1000": 0.0,
                "2000": 0.0,
                ">=2000": 0.0
            },
            "latency_depth": 1,
            "latency_target": 0,
            "latency_percentile": 100.0,
            "latency_window": 0
        }
    ],