{
    "fio version": "fio-3.32-75-gc470",
    "timestamp": 1667184610,
    "timestamp_ms": 1667184610120,
    "time": "Sun Oct 30 21:50:10 2022",
    "jobs": [
        {
            "jobname": "libaio-bdev_aio",
            "groupid": 0,
            "error": 0,
            "eta": 0,
            "elapsed": 11,
            "job options": {
                "name": "libaio-bdev_aio",
                "rw": "randread",
                "size": "12G",
                "iodepth": "128",
                "bs": "512",
                "direct": "1",
                "thread": "1",
                "time_based": "1",
                "runtime": "7",
                "ramp_time": "3",
                "norandommap": "1",
                "allow_file_create": "0",
                "ioengine": "spdk_bdev",
                "spdk_conf": "/tmp/spdk_bdev_aio_foo.conf",
                "filename": "Nvme0n1",
                "cpus_allowed": "1"
            },
            "read": {
                "io_bytes": 2168540160,
                "io_kbytes": 2117715,
                "bw_bytes": 309747201,
                "bw": 302487,
                "iops": 604969.290101,
                "runtime": 7001,
                "total_ios": 4235390,
                "short_ios": 0,
                "drop_ios": 0,
                "slat_ns": {
                    "min": 726,
                    "max": 11482,
                    "mean": 1387.679617,
                    "stddev": 471.171623,
                    "N": 4235391
                },
                "clat_ns": {
                    "min": 8464,
                    "max": 220398,
                    "mean": 110145.470352,
                    "stddev": 56704.630138,
                    "N": 4235430,
                    "percentile": {
                        "1.000000": 14528,
                        "5.000000": 22144,
                        "10.000000": 32128,
                        "20.000000": 51456,
                        "30.000000": 71168,
                        "40.000000": 90624,
                        "50.000000": 110080,
                        "60.000000": 129536,
                        "70.000000": 148480,
                        "80.000000": 168960,
                        "90.000000": 187392,
                        "95.000000": 195584,
                        "99.000000": 211968,
                        "99.500000": 214016,
                        "99.900000": 214016,
                        "99.950000": 216064,
                        "99.990000": 216064
                    }
                },
                "lat_ns": {
                    "min": 10570,
                    "max": 221935,
                    "mean": 111533.149261,
                    "stddev": 56661.38889,
                    "N": 4235430
                },
                "bw_min": 302363,
                "bw_max": 302856,
                "bw_agg": 100.0,
                "bw_mean": 302630.357143,
                "bw_dev": 158.122935,
                "bw_samples": 14,
                "iops_min": 604726,
                "iops_max": 605712,
                "iops_mean": 605260.714286,
                "iops_stddev": 316.24587,
                "iops_samples": 14
            },
            "write": {
                "io_bytes": 0,
                "io_kbytes": 0,
                "bw_bytes": 0,
                "bw": 0,
                "iops": 0.0,
                "runtime": 0,
                "total_ios": 0,
                "short_ios": 0,
                "drop_ios": 0,
                "slat_ns": {
                    "min": 0,
                    "max": 0,
                    "mean": 0.0,
                    "stddev": 0.0,
                    "N": 0
                },
                "clat_ns": {
                    "min": 0,
                    "max": 0,
                    "mean": 0.0,
                    "stddev": 0.0,
                    "N": 0
                },
                "lat_ns": {
                    "min": 0,
                    "max": 0,
                    "mean": 0.0,
                    "stddev": 0.0,
                    "N": 0
                },
                "bw_min": 0,
                "bw_max": 0,
                "bw_agg": 0.0,
                "bw_mean": 0.0,
                "bw_dev": 0.0,
                "bw_samples": 0,
                "iops_min": 0,
                "iops_max": 0,
                "iops_mean": 0.0,
                "iops_stddev": 0.0,
                "iops_samples": 0
            },
            "trim": {
                "io_bytes": 0,
                "io_kbytes": 0,
                "bw_bytes": 0,
                "bw": 0,
                "iops": 0.0,
                "runtime": 0,
                "total_ios": 0,
                "short_ios": 0,
                "drop_ios": 0,
                "slat_ns": {
                    "min": 0,
                    "max": 0,
                    "mean": 0.0,
                    "stddev": 0.0,
                    "N": 0
                },
                "clat_ns": {
                    "min": 0,
                    "max": 0,
                    "mean": 0.0,
                    "stddev": 0.0,
                    "N": 0
                },
                "lat_ns": {
                    "min": 0,
                    "max": 0,
                    "mean": 0.0,
                    "stddev": 0.0,
                    "N": 0
                },
                "bw_min": 0,
                "bw_max": 0,
                "bw_agg": 0.0,
                "bw_mean": 0.0,
                "bw_dev": 0.0,
                "bw_samples": 0,
                "iops_min": 0,
                "iops_max": 0,
                "iops_mean": 0.0,
                "iops_stddev": 0.0,
                "iops_samples": 0
            },
            "sync": {
                "total_ios": 0,
                "lat_ns": {
                    "min": 0,
                    "max": 0,
                    "mean": 0.0,
                    "stddev": 0.0,
                    "N": 0
                }
            },
            "job_runtime": 7000,
            "usr_cpu": 30.442857,
            "sys_cpu": 69.528571,
            "ctx": 14,
            "majf": 0,
            "minf": 0,
            "iodepth_level": {
                "1": 0.0,
                "2": 0.1,
                "4": 0.836499,
                "8": 6.554343,
                "16": 13.112748,
                "32": 26.225826,
                ">=64": 53.270537
            },
            "iodepth_submit": {
                "0": 0.0,
                "4": 100.0,
                "8": 0.0,
                "16": 0.0,
                "32": 0.0,
                "64": 0.0,
                ">=64": 0.0
            },
            "iodepth_complete": {
                "0": 0.0,
                "4": 99.187092,
                "8": 0.0,
                "16": 0.0,
                "32": 0.0,
                "64": 0.1,
                ">=64": 0.812885
            },
            "latency_ns": {
                "2": 0.0,
                "4": 0.0,
                "10": 0.0,
                "20": 0.0,
                "50": 0.0,
                "100": 0.0,
                "250": 0.0,
                "500": 0.0,
                "750": 0.0,
                "1000": 0.0
            },
            "latency_us": {
                "2": 0.0,
                "4": 0.0,
                "10": 0.01,
                "20": 3.835703,
                "50": 15.426844,
                "100": 25.701081,
                "250": 55.037033,
                "500": 0.0,
                "750": 0.0,
                "1000": 0.0
            },
            "latency_ms": {
                "2": 0.0,
                "4": 0.0,
                "10": 0.0,
                "20": 0.0,
                "50": 0.0,
                "100": 0.0,
                "250": 0.0,
                "500": 0.0,
                "750": 0.0,
                "1000": 0.0,
                "2000": 0.0,
                ">=2000": 0.0
            },