{
    "fio version": "fio-3.32-75-gc470",
    "timestamp": 1667184625,
    "timestamp_ms": 1667184625000,
    "time": "Sun Oct 30 21:50:25 2022",
    "jobs": [
        {
            "jobname": "libaio-bdev_xnvme",
            "groupid": 0,
            "error": 0,
            "eta": 0,
            "elapsed": 11,
            "job options": {
                "name": "libaio-bdev_xnvme",
                "rw": "randread",
                "size": "12G",
                "iodepth": "128",
                "bs": "512",
                "direct": "1",
                "thread": "1",
                "time_based": "1",
                "runtime": "7",
                "ramp_time": "3",
                "norandommap": "1",
                "allow_file_create": "0",
                "ioengine": "spdk_bdev",
                "spdk_conf": "/tmp/spdk_bdev_xnvme_libaio.conf",
                "filename": "Nvme0n1",
                "cpus_allowed": "1"
            },
            "read": {
                "io_bytes": 2138282496,
                "io_kbytes": 2088166,
                "bw_bytes": 305425295,
                "bw": 298266,
                "iops": 596529.78146,
                "runtime": 7001,
                "total_ios": 4176305,
                "short_ios": 0,
                "drop_ios": 0,
                "slat_ns": {
                    "min": 741,
                    "max": 11164,
                    "mean": 1405.421224,
                    "stddev": 469.524384,
                    "N": 4176306
                },
                "clat_ns": {
                    "min": 9547,
                    "max": 229332,
                    "mean": 112473.698953,
                    "stddev": 57421.021298,
                    "N": 4176333,
                    "percentile": {
                        "1.000000": 15680,
                        "5.000000": 23424,
                        "10.000000": 33536,
                        "20.000000": 52992,
                        "30.000000": 73216,
                        "40.000000": 92672,
                        "50.000000": 112128,
                        "60.000000": 132096,
                        "70.000000": 150528,
                        "80.000000": 171008,
                        "90.000000": 191488,
                        "95.000000": 197632,
                        "99.000000": 216064,
                        "99.500000": 218112,
                        "99.900000": 218112,
                        "99.950000": 220160,
                        "99.990000": 220160
                    }
                },
                "lat_ns": {
                    "min": 11327,
                    "max": 230864,
                    "mean": 113879.119416,
                    "stddev": 57377.211928,
                    "N": 4176333
                },
                "bw_min": 298190,
                "bw_max": 298577,
                "bw_agg": 100.0,
                "bw_mean": 298406.714286,
                "bw_dev": 111.682537,
                "bw_samples": 14,
                "iops_min": 596380,
                "iops_max": 597154,
                "iops_mean": 596813.571429,
                "iops_stddev": 223.356808,
                "iops_samples": 14
            },
            "write": {
                "io_bytes": 0,
                "io_kbytes": 0,
                "bw_bytes": 0,
                "bw": 0,
                "iops": 0.0,
                "runtime": 0,
                "total_ios": 0,
                "short_ios": 0,
                "drop_ios": 0,
                "slat_ns": {
                    "min": 0,
                    "max": 0,
                    "mean": 0.0,
                    "stddev": 0.0,
                    "N": 0
                },
                "clat_ns": {
                    "min": 0,
                    "max": 0,
                    "mean": 0.0,
                    "stddev": 0.0,
                    "N": 0
                },
                "lat_ns": {
                    "min": 0,
                    "max": 0,
                    "mean": 0.0,
                    "stddev": 0.0,
                    "N": 0
                },
                "bw_min": 0,
                "bw_max": 0,
                "bw_agg": 0.0,
                "bw_mean": 0.0,
                "bw_dev": 0.0,
                "bw_samples": 0,
                "iops_min": 0,
                "iops_max": 0,
                "iops_mean": 0.0,
                "iops_stddev": 0.0,
                "iops_samples": 0
            },
            "trim": {
                "io_bytes": 0,
                "io_kbytes": 0,
                "bw_bytes": 0,
                "bw": 0,
                "iops": 0.0,
                "runtime": 0,
                "total_ios": 0,
                "short_ios": 0,
                "drop_ios": 0,
                "slat_ns": {
                    "min": 0,
                    "max": 0,
                    "mean": 0.0,
                    "stddev": 0.0,
                    "N": 0
                },
                "clat_ns": {
                    "min": 0,
                    "max": 0,
                    "mean": 0.0,
                    "stddev": 0.0,
                    "N": 0
                },
                "lat_ns": {
                    "min": 0,
                    "max": 0,
                    "mean": 0.0,
                    "stddev": 0.0,
                    "N": 0
                },
                "bw_min": 0,
                "bw_max": 0,
                "bw_agg": 0.0,
                "bw_mean": 0.0,
                "bw_dev": 0.0,
                "bw_samples": 0,
                "iops_min": 0,
                "iops_max": 0,
                "iops_mean": 0.0,
                "iops_stddev": 0.0,
                "iops_samples": 0
            },
            "sync": {
                "total_ios": 0,
                "lat_ns": {
                    "min": 0,
                    "max": 0,
                    "mean": 0.0,
                    "stddev": 0.0,
                    "N": 0
                }
            },
            "job_runtime": 7000,
            "usr_cpu": 31.3,
            "sys_cpu": 68.671429,
            "ctx": 14,
            "majf": 0,
            "minf": 0,
            "iodepth_level": {
                "1": 0.0,
                "2": 0.1,
                "4": 0.943801,
                "8": 6.548779,
                "16": 13.098349,
                "32": 26.197296,
                ">=64": 53.211751
            },
            "iodepth_submit": {
                "0": 0.0,
                "4": 100.0,
                "8": 0.0,
                "16": 0.0,
                "32": 0.0,
                "64": 0.0,
                ">=64": 0.0
            },
            "iodepth_complete": {
                "0": 0.0,
                "4": 99.187981,
                "8": 0.0,
                "16": 0.0,
                "32": 0.0,
                "64": 0.1,
                ">=64": 0.811995
            },
            "latency_ns": {
                "2": 0.0,
                "4": 0.0,
                "10": 0.0,
                "20": 0.0,
                "50": 0.0,
                "100": 0.0,
                "250": 0.0,
                "500": 0.0,
                "750": 0.0,
                "1000": 0.0
            },
            "latency_us": {
                "2": 0.0,
                "4": 0.0,
                "10": 0.01,
                "20": 3.230104,
                "50": 15.207654,
                "100": 25.399486,
                "250": 56.163379,
                "500": 0.0,
                "750": 0.0,
                "1000": 0.0
            },
            "latency_ms": {
                "2": 0.0,
                "4": 0.0,
                "10": 0.0,
                "20": 0.0,
                "50": 0.0,
                "100": 0.0,
                "250": 0.0,
                "500": 0.0,
                "750": 0.0,
                "1000": 0.0,
                "2000": 0.0,
                ">=2000": 0.0
            },