{
    "fio version": "fio-3.32-75-gc470",
    "timestamp": 1667184496,
    "timestamp_ms": 1667184496472,
    "time": "Sun Oct 30 21:48:16 2022",
    "jobs": [
        {
            "jobname": "io_uring_cmd-reference",
            "groupid": 0,
            "error": 0,
            "eta": 0,
            "elapsed": 11,
            "job options": {
                "name": "io_uring_cmd-reference",
                "rw": "randread",
                "size": "12G",
                "iodepth": "128",
                "bs": "512",
                "direct": "0",
                "thread": "1",
                "time_based": "1",
                "runtime": "7",
                "ramp_time": "3",
                "norandommap": "1",
                "allow_file_create": "0",
                "ioengine": "io_uring_cmd",
                "filename": "/dev/ng0n1",
                "cpus_allowed": "1"
            },
            "read": {
                "io_bytes": 2451658240,
                "io_kbytes": 2394197,
                "bw_bytes": 350186864,
                "bw": 341979,
                "iops": 683940.43708,
                "runtime": 7001,
                "total_ios": 4788267,
                "short_ios": 0,
                "drop_ios": 0,
                "slat_ns": {
                    "min": 554,
                    "max": 179297,
                    "mean": 1143.781157,
                    "stddev": 460.239044,
                    "N": 4788268
                },
                "clat_ns": {
                    "min": 11100,
                    "max": 378230,
                    "mean": 185740.433007,
                    "stddev": 1745.597379,
                    "N": 4788394,
                    "percentile": {
                        "1.000000": 181248,
                        "5.000000": 183296,
                        "10.000000": 183296,
                        "20.000000": 185344,
                        "30.000000": 185344,
                        "40.000000": 185344,
                        "50.000000": 185344,
                        "60.000000": 185344,
                        "70.000000": 185344,
                        "80.000000": 187392,
                        "90.000000": 187392,
                        "95.000000": 187392,
                        "99.000000": 189440,
                        "99.500000": 189440,
                        "99.900000": 191488,
                        "99.950000": 191488,
                        "99.990000": 193536
                    }
                },
                "lat_ns": {
                    "min": 12425,
                    "max": 379557,
                    "mean": 186884.213944,
                    "stddev": 1746.538501,
                    "N": 4788394
                },
                "bw_min": 341337,
                "bw_max": 342359,
                "bw_agg": 100.0,
                "bw_mean": 342135.142857,
                "bw_dev": 238.705759,
                "bw_samples": 14,
                "iops_min": 682675,
                "iops_max": 684718,
                "iops_mean": 684270.357143,
                "iops_stddev": 477.154322,
                "iops_samples": 14
            },
            "write": {
                "io_bytes": 0,
                "io_kbytes": 0,
                "bw_bytes": 0,
                "bw": 0,
                "iops": 0.0,
                "runtime": 0,
                "total_ios": 0,
                "short_ios": 0,
                "drop_ios": 0,
                "slat_ns": {
                    "min": 0,
                    "max": 0,
                    "mean": 0.0,
                    "stddev": 0.0,
                    "N": 0
                },
                "clat_ns": {
                    "min": 0,
                    "max": 0,
                    "mean": 0.0,
                    "stddev": 0.0,
                    "N": 0
                },
                "lat_ns": {
                    "min": 0,
                    "max": 0,
                    "mean": 0.0,
                    "stddev": 0.0,
                    "N": 0
                },
                "bw_min": 0,
                "bw_max": 0,
                "bw_agg": 0.0,
                "bw_mean": 0.0,
                "bw_dev": 0.0,
                "bw_samples": 0,
                "iops_min": 0,
                "iops_max": 0,
                "iops_mean": 0.0,
                "iops_stddev": 0.0,
                "iops_samples": 0
            },
            "trim": {
                "io_bytes": 0,
                "io_kbytes": 0,
                "bw_bytes": 0,
                "bw": 0,
                "iops": 0.0,
                "runtime": 0,
                "total_ios": 0,
                "short_ios": 0,
                "drop_ios": 0,
                "slat_ns": {
                    "min": 0,
                    "max": 0,
                    "mean": 0.0,
                    "stddev": 0.0,
                    "N": 0
                },
                "clat_ns": {
                    "min": 0,
                    "max": 0,
                    "mean": 0.0,
                    "stddev": 0.0,
                    "N": 0
                },
                "lat_ns": {
                    "min": 0,
                    "max": 0,
                    "mean": 0.0,
                    "stddev": 0.0,
                    "N": 0
                },
                "bw_min": 0,
                "bw_max": 0,
                "bw_agg": 0.0,
                "bw_mean": 0.0,
                "bw_dev": 0.0,
                "bw_samples": 0,
                "iops_min": 0,
                "iops_max": 0,
                "iops_mean": 0.0,
                "iops_stddev": 0.0,
                "iops_samples": 0
            },
            "sync": {
                "total_ios": 0,
                "lat_ns": {
                    "min": 0,
                    "max": 0,
                    "mean": 0.0,
                    "stddev": 0.0,
                    "N": 0
                }
            },
            "job_runtime": 7000,
            "usr_cpu": 30.571429,
            "sys_cpu": 69.442857,
            "ctx": 22,
            "majf": 0,
            "minf": 1,
            "iodepth_level": {
                "1": 0.0,
                "2": 0.0,
                "4": 0.0,
                "8": 0.0,
                "16": 0.0,
                "32": 0.0,
                ">=64": 100.0
            },
            "iodepth_submit": {
                "0": 0.0,
                "4": 100.0,
                "8": 0.0,
                "16": 0.0,
                "32": 0.0,
                "64": 0.0,
                ">=64": 0.0
            },
            "iodepth_complete": {
                "0": 0.0,
                "4": 99.999979,
                "8": 0.0,
                "16": 0.0,
                "32": 0.0,
                "64": 0.0,
                ">=64": 0.1
            },
            "latency_ns": {
                "2": 0.0,
                "4": 0.0,
                "10": 0.0,
                "20": 0.0,
                "50": 0.0,
                "100": 0.0,
                "250": 0.0,
                "500": 0.0,
                "750": 0.0,
                "1000": 0.0
            },
            "latency_us": {
                "2": 0.0,
                "4": 0.0,
                "10": 0.0,
                "20": 0.01,
                "50": 0.01,
                "100": 0.01,
                "250": 99.998705,
                "500": 0.01,
                "750": 0.0,
                "1000": 0.0
            },
            "latency_ms": {
                "2": 0.0,
                "4": 0.0,
                "10": 0.0,
                "20": 0.0,
                "50": 0.0,
                "100": 0.0,
                "250": 0.0,
                "500": 0.0,
                "750": 0.0,
                "1000": 0.0,
                "2000": 0.0,
                ">=2000": 0.0
            },
            "latency_depth": 128,
            "latency_target": 0,