{
    "fio version": "fio-3.32-dirty",
    "timestamp": 1666789277,
    "timestamp_ms": 1666789277197,
    "time": "Wed Oct 26 15:01:17 2022",
    "jobs": [
        {
            "jobname": "io_uring-reference",
            "groupid": 0,
            "error": 0,
            "eta": 0,
            "elapsed": 11,
            "job options": {
                "name": "io_uring-reference",
                "rw": "randread",
                "size": "12G",
                "iodepth": "1",
                "bs": "512",
                "direct": "1",
                "thread": "1",
                "time_based": "1",
                "runtime": "7",
                "ramp_time": "3",
                "norandommap": "1",
                "allow_file_create": "0",
                "ioengine": "io_uring",
                "filename": "/dev/nvme0n1",
                "cpus_allowed": "1"
            },
            "read": {
                "io_bytes": 392608768,
                "io_kbytes": 383407,
                "bw_bytes": 56078955,
                "bw": 54764,
                "iops": 109529.067276,
                "runtime": 7001,
                "total_ios": 766813,
                "short_ios": 0,
                "drop_ios": 0,
                "slat_ns": {
                    "min": 1443,
                    "max": 17152,
                    "mean": 1576.31454,
                    "stddev": 85.440023,
                    "N": 766814
                },
                "clat_ns": {
                    "min": 161,
                    "max": 78006,
                    "mean": 7235.024115,
                    "stddev": 971.994924,
                    "N": 766813,
                    "percentile": {
                        "1.000000": 6752,
                        "5.000000": 6944,
                        "10.000000": 7008,
                        "20.000000": 7008,
                        "30.000000": 7072,
                        "40.000000": 7072,
                        "50.000000": 7136,
                        "60.000000": 7200,
                        "70.000000": 7200,
                        "80.000000": 7264,
                        "90.000000": 7328,
                        "95.000000": 7456,
                        "99.000000": 10304,
                        "99.500000": 13504,
                        "99.900000": 15552,
                        "99.950000": 15808,
                        "99.990000": 58112
                    }
                },
                "lat_ns": {
                    "min": 7444,
                    "max": 79509,
                    "mean": 8811.338725,
                    "stddev": 977.342601,
                    "N": 766813
                },
                "bw_min": 54549,
                "bw_max": 55065,
                "bw_agg": 100.0,
                "bw_mean": 54801.642857,
                "bw_dev": 147.506249,
                "bw_samples": 14,
                "iops_min": 109098,
                "iops_max": 110130,
                "iops_mean": 109603.5,
                "iops_stddev": 295.184883,
                "iops_samples": 14
            },
            "write": {
                "io_bytes": 0,
                "io_kbytes": 0,
                "bw_bytes": 0,
                "bw": 0,
                "iops": 0.0,
                "runtime": 0,
                "total_ios": 0,
                "short_ios": 0,
                "drop_ios": 0,
                "slat_ns": {
                    "min": 0,
                    "max": 0,
                    "mean": 0.0,
                    "stddev": 0.0,
                    "N": 0
                },
                "clat_ns": {
                    "min": 0,
                    "max": 0,
                    "mean": 0.0,
                    "stddev": 0.0,
                    "N": 0
                },
                "lat_ns": {
                    "min": 0,
                    "max": 0,
                    "mean": 0.0,
                    "stddev": 0.0,
                    "N": 0
                },
                "bw_min": 0,
                "bw_max": 0,
                "bw_agg": 0.0,
                "bw_mean": 0.0,
                "bw_dev": 0.0,
                "bw_samples": 0,
                "iops_min": 0,
                "iops_max": 0,
                "iops_mean": 0.0,
                "iops_stddev": 0.0,
                "iops_samples": 0
            },
            "trim": {
                "io_bytes": 0,
                "io_kbytes": 0,
                "bw_bytes": 0,
                "bw": 0,
                "iops": 0.0,
                "runtime": 0,
                "total_ios": 0,
                "short_ios": 0,
                "drop_ios": 0,
                "slat_ns": {
                    "min": 0,
                    "max": 0,
                    "mean": 0.0,
                    "stddev": 0.0,
                    "N": 0
                },
                "clat_ns": {
                    "min": 0,
                    "max": 0,
                    "mean": 0.0,
                    "stddev": 0.0,
                    "N": 0
                },
                "lat_ns": {
                    "min": 0,
                    "max": 0,
                    "mean": 0.0,
                    "stddev": 0.0,
                    "N": 0
                },
                "bw_min": 0,
                "bw_max": 0,
                "bw_agg": 0.0,
                "bw_mean": 0.0,
                "bw_dev": 0.0,
                "bw_samples": 0,
                "iops_min": 0,
                "iops_max": 0,
                "iops_mean": 0.0,
                "iops_stddev": 0.0,
                "iops_samples": 0
            },
            "sync": {
                "total_ios": 0,
                "lat_ns": {
                    "min": 0,
                    "max": 0,
                    "mean": 0.0,
                    "stddev": 0.0,
                    "N": 0
                }
            },
            "job_runtime": 7000,
            "usr_cpu": 9.4,
            "sys_cpu": 34.5,
            "ctx": 766814,
            "majf": 0,
            "minf": 0,
            "iodepth_level": {
                "1": 100.0,
                "2": 0.0,
                "4": 0.0,
                "8": 0.0,
                "16": 0.0,
                "32": 0.0,
                ">=64": 0.0
            },
            "iodepth_submit": {
                "0": 0.0,
                "4": 100.0,
                "8": 0.0,
                "16": 0.0,
                "32": 0.0,
                "64": 0.0,
                ">=64": 0.0
            },
            "iodepth_complete": {
                "0": 0.0,
                "4": 100.0,
                "8": 0.0,
                "16": 0.0,
                "32": 0.0,
                "64": 0.0,
                ">=64": 0.0
            },
            "latency_ns": {
                "2": 0.0,
                "4": 0.0,
                "10": 0.0,
                "20": 0.0,
                "50": 0.0,
                "100": 0.0,
                "250": 0.01,
                "500": 0.0,
                "750": 0.0,
                "1000": 0.0
            },
            "latency_us": {
                "2": 0.0,
                "4": 0.01,
                "10": 98.745718,
                "20": 1.23433,
                "50": 0.01,
                "100": 0.013954,
                "250": 0.0,
                "500": 0.0,
                "750": 0.0,
                "1000": 0.0
            },
            "latency_ms": {
                "2": 0.0,
                "4": 0.0,
                "10": 0.0,
                "20": 0.0,
                "50": 0.0,
                "100": 0.0,
                "250": 0.0,
                "500": 0.0,
                "750": 0.0,
                "1000": 0.0,
                "2000": 0.0,
                ">=2000": 0.0
            },
            "latency_depth": 1,
            "latency_target": 0,
            "latency_percentile": 100.0,
            "latency_window": 0
        }
    ],