{
    "fio version": "fio-3.32-dirty",
    "timestamp": 1666789641,
    "timestamp_ms": 1666789641533,
    "time": "Wed Oct 26 15:07:21 2022",
    "jobs": [
        {
            "jobname": "io_uring_cmd-reference",
            "groupid": 0,
            "error": 0,
            "eta": 0,
            "elapsed": 11,
            "job options": {
                "name": "io_uring_cmd-reference",
                "rw": "randread",
                "size": "12G",
                "iodepth": "2",
                "bs": "512",
                "direct": "0",
                "thread": "1",
                "time_based": "1",
                "runtime": "7",
                "ramp_time": "3",
                "norandommap": "1",
                "allow_file_create": "0",
                "ioengine": "io_uring_cmd",
                "filename": "/dev/ng0n1",
                "cpus_allowed": "1"
            },
            "read": {
                "io_bytes": 763893760,
                "io_kbytes": 745990,
                "bw_bytes": 109112092,
                "bw": 106554,
                "iops": 213109.270104,
                "runtime": 7001,
                "total_ios": 1491978,
                "short_ios": 0,
                "drop_ios": 0,
                "slat_ns": {
                    "min": 1162,
                    "max": 46527,
                    "mean": 1340.729218,
                    "stddev": 143.970424,
                    "N": 1491979
                },
                "clat_ns": {
                    "min": 150,
                    "max": 118172,
                    "mean": 7760.151302,
                    "stddev": 2264.115071,
                    "N": 1491979,
                    "percentile": {
                        "1.000000": 5600,
                        "5.000000": 5792,
                        "10.000000": 5792,
                        "20.000000": 5856,
                        "30.000000": 5856,
                        "40.000000": 5920,
                        "50.000000": 8896,
                        "60.000000": 9152,
                        "70.000000": 9280,
                        "80.000000": 9280,
                        "90.000000": 9408,
                        "95.000000": 9536,
                        "99.000000": 16768,
                        "99.500000": 18048,
                        "99.900000": 18816,
                        "99.950000": 23680,
                        "99.990000": 60672
                    }
                },
                "lat_ns": {
                    "min": 5590,
                    "max": 119384,
                    "mean": 9100.88052,
                    "stddev": 2350.25801,
                    "N": 1491979
                },
                "bw_min": 106122,
                "bw_max": 106923,
                "bw_agg": 100.0,
                "bw_mean": 106573.5,
                "bw_dev": 240.951559,
                "bw_samples": 14,
                "iops_min": 212244,
                "iops_max": 213846,
                "iops_mean": 213147.0,
                "iops_stddev": 481.903118,
                "iops_samples": 14
            },
            "write": {
                "io_bytes": 0,
                "io_kbytes": 0,
                "bw_bytes": 0,
                "bw": 0,
                "iops": 0.0,
                "runtime": 0,
                "total_ios": 0,
                "short_ios": 0,
                "drop_ios": 0,
                "slat_ns": {
                    "min": 0,
                    "max": 0,
                    "mean": 0.0,
                    "stddev": 0.0,
                    "N": 0
                },
                "clat_ns": {
                    "min": 0,
                    "max": 0,
                    "mean": 0.0,
                    "stddev": 0.0,
                    "N": 0
                },
                "lat_ns": {
                    "min": 0,
                    "max": 0,
                    "mean": 0.0,
                    "stddev": 0.0,
                    "N": 0
                },
                "bw_min": 0,
                "bw_max": 0,
                "bw_agg": 0.0,
                "bw_mean": 0.0,
                "bw_dev": 0.0,
                "bw_samples": 0,
                "iops_min": 0,
                "iops_max": 0,
                "iops_mean": 0.0,
                "iops_stddev": 0.0,
                "iops_samples": 0
            },
            "trim": {
                "io_bytes": 0,
                "io_kbytes": 0,
                "bw_bytes": 0,
                "bw": 0,
                "iops": 0.0,
                "runtime": 0,
                "total_ios": 0,
                "short_ios": 0,
                "drop_ios": 0,
                "slat_ns": {
                    "min": 0,
                    "max": 0,
                    "mean": 0.0,
                    "stddev": 0.0,
                    "N": 0
                },
                "clat_ns": {
                    "min": 0,
                    "max": 0,
                    "mean": 0.0,
                    "stddev": 0.0,
                    "N": 0
                },
                "lat_ns": {
                    "min": 0,
                    "max": 0,
                    "mean": 0.0,
                    "stddev": 0.0,
                    "N": 0
                },
                "bw_min": 0,
                "bw_max": 0,
                "bw_agg": 0.0,
                "bw_mean": 0.0,
                "bw_dev": 0.0,
                "bw_samples": 0,
                "iops_min": 0,
                "iops_max": 0,
                "iops_mean": 0.0,
                "iops_stddev": 0.0,
                "iops_samples": 0
            },
            "sync": {
                "total_ios": 0,
                "lat_ns": {
                    "min": 0,
                    "max": 0,
                    "mean": 0.0,
                    "stddev": 0.0,
                    "N": 0
                }
            },
            "job_runtime": 7000,
            "usr_cpu": 14.057143,
            "sys_cpu": 46.657143,
            "ctx": 748714,
            "majf": 0,
            "minf": 0,
            "iodepth_level": {
                "1": 0.0,
                "2": 100.0,
                "4": 0.0,
                "8": 0.0,
                "16": 0.0,
                "32": 0.0,
                ">=64": 0.0
            },
            "iodepth_submit": {
                "0": 0.0,
                "4": 100.0,
                "8": 0.0,
                "16": 0.0,
                "32": 0.0,
                "64": 0.0,
                ">=64": 0.0
            },
            "iodepth_complete": {
                "0": 0.0,
                "4": 100.0,
                "8": 0.0,
                "16": 0.0,
                "32": 0.0,
                "64": 0.0,
                ">=64": 0.0
            },
            "latency_ns": {
                "2": 0.0,
                "4": 0.0,
                "10": 0.0,
                "20": 0.0,
                "50": 0.0,
                "100": 0.0,
                "250": 0.01,
                "500": 0.0,
                "750": 0.0,
                "1000": 0.0
            },
            "latency_us": {
                "2": 0.0,
                "4": 0.01,
                "10": 97.423286,
                "20": 2.503053,
                "50": 0.046985,
                "100": 0.020979,
                "250": 0.01,
                "500": 0.0,
                "750": 0.0,
                "1000": 0.0
            },
            "latency_ms": {
                "2": 0.0,
                "4": 0.0,
                "10": 0.0,
                "20": 0.0,
                "50": 0.0,
                "100": 0.0,
                "250": 0.0,
                "500": 0.0,
                "750": 0.0,
                "1000": 0.0,
                "2000": 0.0,
                ">=2000": 0.0
            },
            "latency_depth": 2,
            "latency_target": 0,
            "latency_percentile": 100.0,