{
    "fio version": "fio-3.32-dirty",
    "timestamp": 1666790907,
    "timestamp_ms": 1666790907820,
    "time": "Wed Oct 26 15:28:27 2022",
    "jobs": [
        {
            "jobname": "libaio-reference",
            "groupid": 0,
            "error": 0,
            "eta": 0,
            "elapsed": 11,
            "job options": {
                "name": "libaio-reference",
                "rw": "randread",
                "size": "12G",
                "iodepth": "8",
                "bs": "512",
                "direct": "1",
                "thread": "1",
                "time_based": "1",
                "runtime": "7",
                "ramp_time": "3",
                "norandommap": "1",
                "allow_file_create": "0",
                "ioengine": "libaio",
                "filename": "/dev/nvme0n1",
                "cpus_allowed": "1"
            },
            "read": {
                "io_bytes": 1573419008,
                "io_kbytes": 1536542,
                "bw_bytes": 224742037,
                "bw": 219474,
                "iops": 438948.293101,
                "runtime": 7001,
                "total_ios": 3073077,
                "short_ios": 0,
                "drop_ios": 0,
                "slat_ns": {
                    "min": 1442,
                    "max": 20178,
                    "mean": 1602.113093,
                    "stddev": 122.876606,
                    "N": 3073077
                },
                "clat_ns": {
                    "min": 4669,
                    "max": 139171,
                    "mean": 16380.31433,
                    "stddev": 3042.82486,
                    "N": 3073084,
                    "percentile": {
                        "1.000000": 13888,
                        "5.000000": 15552,
                        "10.000000": 15680,
                        "20.000000": 15680,
                        "30.000000": 15680,
                        "40.000000": 15808,
                        "50.000000": 15808,
                        "60.000000": 15808,
                        "70.000000": 15936,
                        "80.000000": 16320,
                        "90.000000": 16512,
                        "95.000000": 17536,
                        "99.000000": 31616,
                        "99.500000": 35584,
                        "99.900000": 51456,
                        "99.950000": 66048,
                        "99.990000": 78336
                    }
                },
                "lat_ns": {
                    "min": 6172,
                    "max": 140724,
                    "mean": 17982.42735,
                    "stddev": 3044.76252,
                    "N": 3073084
                },
                "bw_min": 218423,
                "bw_max": 220928,
                "bw_agg": 100.0,
                "bw_mean": 219536.928571,
                "bw_dev": 658.497411,
                "bw_samples": 14,
                "iops_min": 436846,
                "iops_max": 441857,
                "iops_mean": 439073.928571,
                "iops_stddev": 1317.157339,
                "iops_samples": 14
            },
            "write": {
                "io_bytes": 0,
                "io_kbytes": 0,
                "bw_bytes": 0,
                "bw": 0,
                "iops": 0.0,
                "runtime": 0,
                "total_ios": 0,
                "short_ios": 0,
                "drop_ios": 0,
                "slat_ns": {
                    "min": 0,
                    "max": 0,
                    "mean": 0.0,
                    "stddev": 0.0,
                    "N": 0
                },
                "clat_ns": {
                    "min": 0,
                    "max": 0,
                    "mean": 0.0,
                    "stddev": 0.0,
                    "N": 0
                },
                "lat_ns": {
                    "min": 0,
                    "max": 0,
                    "mean": 0.0,
                    "stddev": 0.0,
                    "N": 0
                },
                "bw_min": 0,
                "bw_max": 0,
                "bw_agg": 0.0,
                "bw_mean": 0.0,
                "bw_dev": 0.0,
                "bw_samples": 0,
                "iops_min": 0,
                "iops_max": 0,
                "iops_mean": 0.0,
                "iops_stddev": 0.0,
                "iops_samples": 0
            },
            "trim": {
                "io_bytes": 0,
                "io_kbytes": 0,
                "bw_bytes": 0,
                "bw": 0,
                "iops": 0.0,
                "runtime": 0,
                "total_ios": 0,
                "short_ios": 0,
                "drop_ios": 0,
                "slat_ns": {
                    "min": 0,
                    "max": 0,
                    "mean": 0.0,
                    "stddev": 0.0,
                    "N": 0
                },
                "clat_ns": {
                    "min": 0,
                    "max": 0,
                    "mean": 0.0,
                    "stddev": 0.0,
                    "N": 0
                },
                "lat_ns": {
                    "min": 0,
                    "max": 0,
                    "mean": 0.0,
                    "stddev": 0.0,
                    "N": 0
                },
                "bw_min": 0,
                "bw_max": 0,
                "bw_agg": 0.0,
                "bw_mean": 0.0,
                "bw_dev": 0.0,
                "bw_samples": 0,
                "iops_min": 0,
                "iops_max": 0,
                "iops_mean": 0.0,
                "iops_stddev": 0.0,
                "iops_samples": 0
            },
            "sync": {
                "total_ios": 0,
                "lat_ns": {
                    "min": 0,
                    "max": 0,
                    "mean": 0.0,
                    "stddev": 0.0,
                    "N": 0
                }
            },
            "job_runtime": 7000,
            "usr_cpu": 30.7,
            "sys_cpu": 67.314286,
            "ctx": 18155,
            "majf": 0,
            "minf": 0,
            "iodepth_level": {
                "1": 0.0,
                "2": 0.0,
                "4": 0.0,
                "8": 100.0,
                "16": 0.0,
                "32": 0.0,
                ">=64": 0.0
            },
            "iodepth_submit": {
                "0": 0.0,
                "4": 100.0,
                "8": 0.0,
                "16": 0.0,
                "32": 0.0,
                "64": 0.0,
                ">=64": 0.0
            },
            "iodepth_complete": {
                "0": 0.0,
                "4": 99.999967,
                "8": 0.1,
                "16": 0.0,
                "32": 0.0,
                "64": 0.0,
                ">=64": 0.0
            },
            "latency_ns": {
                "2": 0.0,
                "4": 0.0,
                "10": 0.0,
                "20": 0.0,
                "50": 0.0,
                "100": 0.0,
                "250": 0.0,
                "500": 0.0,
                "750": 0.0,
                "1000": 0.0
            },
            "latency_us": {
                "2": 0.0,
                "4": 0.0,
                "10": 0.426283,
                "20": 95.925061,
                "50": 3.544721,
                "100": 0.103024,
                "250": 0.01,
                "500": 0.0,
                "750": 0.0,
                "1000": 0.0
            },
            "latency_ms": {
                "2": 0.0,
                "4": 0.0,
                "10": 0.0,
                "20": 0.0,
                "50": 0.0,
                "100": 0.0,
                "250": 0.0,
                "500": 0.0,
                "750": 0.0,
                "1000": 0.0,
                "2000": 0.0,
                ">=2000": 0.0
            },
            "latency_depth": 8,
            "latency_target": 0,
            "latency_percentile": 100.0,