{
    "fio version": "fio-3.32-dirty",
    "timestamp": 1666790276,
    "timestamp_ms": 1666790276804,
    "time": "Wed Oct 26 15:17:56 2022",
    "jobs": [
        {
            "jobname": "io_uring-bdev_uring",
            "groupid": 0,
            "error": 0,
            "eta": 0,
            "elapsed": 11,
            "job options": {
                "name": "io_uring-bdev_uring",
                "rw": "randread",
                "size": "12G",
                "iodepth": "4",
                "bs": "512",
                "direct": "1",
                "thread": "1",
                "time_based": "1",
                "runtime": "7",
                "ramp_time": "3",
                "norandommap": "1",
                "allow_file_create": "0",
                "ioengine": "spdk_bdev",
                "spdk_conf": "/tmp/spdk_bdev_uring_foo.conf",
                "filename": "Nvme0n1",
                "cpus_allowed": "1"
            },
            "read": {
                "io_bytes": 1205324288,
                "io_kbytes": 1177074,
                "bw_bytes": 172164589,
                "bw": 168129,
                "iops": 336258.534495,
                "runtime": 7001,
                "total_ios": 2354146,
                "short_ios": 0,
                "drop_ios": 0,
                "slat_ns": {
                    "min": 110,
                    "max": 17002,
                    "mean": 179.156082,
                    "stddev": 149.00289,
                    "N": 2354146
                },
                "clat_ns": {
                    "min": 5971,
                    "max": 115316,
                    "mean": 11061.462771,
                    "stddev": 3262.876327,
                    "N": 2354147,
                    "percentile": {
                        "1.000000": 6496,
                        "5.000000": 7328,
                        "10.000000": 7968,
                        "20.000000": 8384,
                        "30.000000": 8768,
                        "40.000000": 9152,
                        "50.000000": 10432,
                        "60.000000": 12096,
                        "70.000000": 12736,
                        "80.000000": 13248,
                        "90.000000": 13760,
                        "95.000000": 17280,
                        "99.000000": 21376,
                        "99.500000": 24192,
                        "99.900000": 30336,
                        "99.950000": 35072,
                        "99.990000": 66048
                    }
                },
                "lat_ns": {
                    "min": 6171,
                    "max": 115496,
                    "mean": 11240.618823,
                    "stddev": 3234.373994,
                    "N": 2354147
                },
                "bw_min": 166257,
                "bw_max": 170589,
                "bw_agg": 100.0,
                "bw_mean": 168231.142857,
                "bw_dev": 1493.829661,
                "bw_samples": 14,
                "iops_min": 332515,
                "iops_max": 341178,
                "iops_mean": 336462.428571,
                "iops_stddev": 2987.544238,
                "iops_samples": 14
            },
            "write": {
                "io_bytes": 0,
                "io_kbytes": 0,
                "bw_bytes": 0,
                "bw": 0,
                "iops": 0.0,
                "runtime": 0,
                "total_ios": 0,
                "short_ios": 0,
                "drop_ios": 0,
                "slat_ns": {
                    "min": 0,
                    "max": 0,
                    "mean": 0.0,
                    "stddev": 0.0,
                    "N": 0
                },
                "clat_ns": {
                    "min": 0,
                    "max": 0,
                    "mean": 0.0,
                    "stddev": 0.0,
                    "N": 0
                },
                "lat_ns": {
                    "min": 0,
                    "max": 0,
                    "mean": 0.0,
                    "stddev": 0.0,
                    "N": 0
                },
                "bw_min": 0,
                "bw_max": 0,
                "bw_agg": 0.0,
                "bw_mean": 0.0,
                "bw_dev": 0.0,
                "bw_samples": 0,
                "iops_min": 0,
                "iops_max": 0,
                "iops_mean": 0.0,
                "iops_stddev": 0.0,
                "iops_samples": 0
            },
            "trim": {
                "io_bytes": 0,
                "io_kbytes": 0,
                "bw_bytes": 0,
                "bw": 0,
                "iops": 0.0,
                "runtime": 0,
                "total_ios": 0,
                "short_ios": 0,
                "drop_ios": 0,
                "slat_ns": {
                    "min": 0,
                    "max": 0,
                    "mean": 0.0,
                    "stddev": 0.0,
                    "N": 0
                },
                "clat_ns": {
                    "min": 0,
                    "max": 0,
                    "mean": 0.0,
                    "stddev": 0.0,
                    "N": 0
                },
                "lat_ns": {
                    "min": 0,
                    "max": 0,
                    "mean": 0.0,
                    "stddev": 0.0,
                    "N": 0
                },
                "bw_min": 0,
                "bw_max": 0,
                "bw_agg": 0.0,
                "bw_mean": 0.0,
                "bw_dev": 0.0,
                "bw_samples": 0,
                "iops_min": 0,
                "iops_max": 0,
                "iops_mean": 0.0,
                "iops_stddev": 0.0,
                "iops_samples": 0
            },
            "sync": {
                "total_ios": 0,
                "lat_ns": {
                    "min": 0,
                    "max": 0,
                    "mean": 0.0,
                    "stddev": 0.0,
                    "N": 0
                }
            },
            "job_runtime": 7000,
            "usr_cpu": 41.185714,
            "sys_cpu": 58.785714,
            "ctx": 11,
            "majf": 0,
            "minf": 0,
            "iodepth_level": {
                "1": 6.693255,
                "2": 43.215119,
                "4": 50.091626,
                "8": 0.0,
                "16": 0.0,
                "32": 0.0,
                ">=64": 0.0
            },
            "iodepth_submit": {
                "0": 0.0,
                "4": 100.0,
                "8": 0.0,
                "16": 0.0,
                "32": 0.0,
                "64": 0.0,
                ">=64": 0.0
            },
            "iodepth_complete": {
                "0": 0.0,
                "4": 100.0,
                "8": 0.0,
                "16": 0.0,
                "32": 0.0,
                "64": 0.0,
                ">=64": 0.0
            },
            "latency_ns": {
                "2": 0.0,
                "4": 0.0,
                "10": 0.0,
                "20": 0.0,
                "50": 0.0,
                "100": 0.0,
                "250": 0.0,
                "500": 0.0,
                "750": 0.0,
                "1000": 0.0
            },
            "latency_us": {
                "2": 0.0,
                "4": 0.0,
                "10": 47.577253,
                "20": 51.221589,
                "50": 1.163182,
                "100": 0.037848,
                "250": 0.01,
                "500": 0.0,
                "750": 0.0,
                "1000": 0.0
            },
            "latency_ms": {
                "2": 0.0,
                "4": 0.0,
                "10": 0.0,
                "20": 0.0,
                "50": 0.0,
                "100": 0.0,
                "250": 0.0,
                "500": 0.0,
                "750": 0.0,
                "1000": 0.0,
                "2000": 0.0,
                ">=2000": 0.0
            },
            "latency_depth": 4,