{
    "fio version": "fio-3.32-dirty",
    "timestamp": 1666790261,
    "timestamp_ms": 1666790261828,
    "time": "Wed Oct 26 15:17:41 2022",
    "jobs": [
        {
            "jobname": "io_uring-reference",
            "groupid": 0,
            "error": 0,
            "eta": 0,
            "elapsed": 11,
            "job options": {
                "name": "io_uring-reference",
                "rw": "randread",
                "size": "12G",
                "iodepth": "4",
                "bs": "512",
                "direct": "1",
                "thread": "1",
                "time_based": "1",
                "runtime": "7",
                "ramp_time": "3",
                "norandommap": "1",
                "allow_file_create": "0",
                "ioengine": "io_uring",
                "filename": "/dev/nvme0n1",
                "cpus_allowed": "1"
            },
            "read": {
                "io_bytes": 1502555648,
                "io_kbytes": 1467339,
                "bw_bytes": 214620146,
                "bw": 209589,
                "iops": 419179.402942,
                "runtime": 7001,
                "total_ios": 2934675,
                "short_ios": 0,
                "drop_ios": 0,
                "slat_ns": {
                    "min": 1333,
                    "max": 17603,
                    "mean": 1865.526482,
                    "stddev": 355.622282,
                    "N": 2934676
                },
                "clat_ns": {
                    "min": 100,
                    "max": 118191,
                    "mean": 7382.369814,
                    "stddev": 2876.847571,
                    "N": 2934678,
                    "percentile": {
                        "1.000000": 4256,
                        "5.000000": 4320,
                        "10.000000": 4896,
                        "20.000000": 6496,
                        "30.000000": 6624,
                        "40.000000": 6752,
                        "50.000000": 7136,
                        "60.000000": 7264,
                        "70.000000": 7648,
                        "80.000000": 8256,
                        "90.000000": 8640,
                        "95.000000": 9408,
                        "99.000000": 20864,
                        "99.500000": 25216,
                        "99.900000": 27008,
                        "99.950000": 33024,
                        "99.990000": 68096
                    }
                },
                "lat_ns": {
                    "min": 5760,
                    "max": 119564,
                    "mean": 9247.896274,
                    "stddev": 2865.318682,
                    "N": 2934678
                },
                "bw_min": 208949,
                "bw_max": 210632,
                "bw_agg": 100.0,
                "bw_mean": 209732.785714,
                "bw_dev": 576.971694,
                "bw_samples": 14,
                "iops_min": 417898,
                "iops_max": 421264,
                "iops_mean": 419465.785714,
                "iops_stddev": 1153.870889,
                "iops_samples": 14
            },
            "write": {
                "io_bytes": 0,
                "io_kbytes": 0,
                "bw_bytes": 0,
                "bw": 0,
                "iops": 0.0,
                "runtime": 0,
                "total_ios": 0,
                "short_ios": 0,
                "drop_ios": 0,
                "slat_ns": {
                    "min": 0,
                    "max": 0,
                    "mean": 0.0,
                    "stddev": 0.0,
                    "N": 0
                },
                "clat_ns": {
                    "min": 0,
                    "max": 0,
                    "mean": 0.0,
                    "stddev": 0.0,
                    "N": 0
                },
                "lat_ns": {
                    "min": 0,
                    "max": 0,
                    "mean": 0.0,
                    "stddev": 0.0,
                    "N": 0
                },
                "bw_min": 0,
                "bw_max": 0,
                "bw_agg": 0.0,
                "bw_mean": 0.0,
                "bw_dev": 0.0,
                "bw_samples": 0,
                "iops_min": 0,
                "iops_max": 0,
                "iops_mean": 0.0,
                "iops_stddev": 0.0,
                "iops_samples": 0
            },
            "trim": {
                "io_bytes": 0,
                "io_kbytes": 0,
                "bw_bytes": 0,
                "bw": 0,
                "iops": 0.0,
                "runtime": 0,
                "total_ios": 0,
                "short_ios": 0,
                "drop_ios": 0,
                "slat_ns": {
                    "min": 0,
                    "max": 0,
                    "mean": 0.0,
                    "stddev": 0.0,
                    "N": 0
                },
                "clat_ns": {
                    "min": 0,
                    "max": 0,
                    "mean": 0.0,
                    "stddev": 0.0,
                    "N": 0
                },
                "lat_ns": {
                    "min": 0,
                    "max": 0,
                    "mean": 0.0,
                    "stddev": 0.0,
                    "N": 0
                },
                "bw_min": 0,
                "bw_max": 0,
                "bw_agg": 0.0,
                "bw_mean": 0.0,
                "bw_dev": 0.0,
                "bw_samples": 0,
                "iops_min": 0,
                "iops_max": 0,
                "iops_mean": 0.0,
                "iops_stddev": 0.0,
                "iops_samples": 0
            },
            "sync": {
                "total_ios": 0,
                "lat_ns": {
                    "min": 0,
                    "max": 0,
                    "mean": 0.0,
                    "stddev": 0.0,
                    "N": 0
                }
            },
            "job_runtime": 7000,
            "usr_cpu": 17.242857,
            "sys_cpu": 78.757143,
            "ctx": 32783,
            "majf": 0,
            "minf": 0,
            "iodepth_level": {
                "1": 0.0,
                "2": 0.0,
                "4": 100.0,
                "8": 0.0,
                "16": 0.0,
                "32": 0.0,
                ">=64": 0.0
            },
            "iodepth_submit": {
                "0": 0.0,
                "4": 100.0,
                "8": 0.0,
                "16": 0.0,
                "32": 0.0,
                "64": 0.0,
                ">=64": 0.0
            },
            "iodepth_complete": {
                "0": 0.0,
                "4": 100.0,
                "8": 0.0,
                "16": 0.0,
                "32": 0.0,
                "64": 0.0,
                ">=64": 0.0
            },
            "latency_ns": {
                "2": 0.0,
                "4": 0.0,
                "10": 0.0,
                "20": 0.0,
                "50": 0.0,
                "100": 0.0,
                "250": 0.01,
                "500": 0.0,
                "750": 0.0,
                "1000": 0.0
            },
            "latency_us": {
                "2": 0.0,
                "4": 0.01,
                "10": 95.971786,
                "20": 2.527912,
                "50": 1.462308,
                "100": 0.035949,
                "250": 0.01,
                "500": 0.0,
                "750": 0.0,
                "1000": 0.0
            },
            "latency_ms": {
                "2": 0.0,
                "4": 0.0,
                "10": 0.0,
                "20": 0.0,
                "50": 0.0,
                "100": 0.0,
                "250": 0.0,
                "500": 0.0,
                "750": 0.0,
                "1000": 0.0,
                "2000": 0.0,
                ">=2000": 0.0
            },
            "latency_depth": 4,
            "latency_target": 0,
            "latency_percentile": 100.0,