{
    "fio version": "fio-3.32-dirty",
    "timestamp": 1666789162,
    "timestamp_ms": 1666789162269,
    "time": "Wed Oct 26 14:59:22 2022",
    "jobs": [
        {
            "jobname": "io_uring_cmd-reference",
            "groupid": 0,
            "error": 0,
            "eta": 0,
            "elapsed": 11,
            "job options": {
                "name": "io_uring_cmd-reference",
                "rw": "randread",
                "size": "12G",
                "iodepth": "1",
                "bs": "512",
                "direct": "0",
                "thread": "1",
                "time_based": "1",
                "runtime": "7",
                "ramp_time": "3",
                "norandommap": "1",
                "allow_file_create": "0",
                "ioengine": "io_uring_cmd",
                "filename": "/dev/ng0n1",
                "cpus_allowed": "1"
            },
            "read": {
                "io_bytes": 394686464,
                "io_kbytes": 385436,
                "bw_bytes": 56383780,
                "bw": 55062,
                "iops": 110124.571429,
                "runtime": 7000,
                "total_ios": 770872,
                "short_ios": 0,
                "drop_ios": 0,
                "slat_ns": {
                    "min": 1402,
                    "max": 13765,
                    "mean": 1493.597215,
                    "stddev": 57.341593,
                    "N": 770872
                },
                "clat_ns": {
                    "min": 171,
                    "max": 77646,
                    "mean": 7265.220271,
                    "stddev": 980.277945,
                    "N": 770872,
                    "percentile": {
                        "1.000000": 6752,
                        "5.000000": 7008,
                        "10.000000": 7008,
                        "20.000000": 7072,
                        "30.000000": 7072,
                        "40.000000": 7136,
                        "50.000000": 7200,
                        "60.000000": 7200,
                        "70.000000": 7264,
                        "80.000000": 7264,
                        "90.000000": 7392,
                        "95.000000": 7456,
                        "99.000000": 10560,
                        "99.500000": 13504,
                        "99.900000": 15680,
                        "99.950000": 15808,
                        "99.990000": 59136
                    }
                },
                "lat_ns": {
                    "min": 7434,
                    "max": 79108,
                    "mean": 8758.817486,
                    "stddev": 983.505773,
                    "N": 770872
                },
                "bw_min": 54999,
                "bw_max": 55216,
                "bw_agg": 100.0,
                "bw_mean": 55079.642857,
                "bw_dev": 51.880939,
                "bw_samples": 14,
                "iops_min": 109998,
                "iops_max": 110432,
                "iops_mean": 110159.285714,
                "iops_stddev": 103.761879,
                "iops_samples": 14
            },
            "write": {
                "io_bytes": 0,
                "io_kbytes": 0,
                "bw_bytes": 0,
                "bw": 0,
                "iops": 0.0,
                "runtime": 0,
                "total_ios": 0,
                "short_ios": 0,
                "drop_ios": 0,
                "slat_ns": {
                    "min": 0,
                    "max": 0,
                    "mean": 0.0,
                    "stddev": 0.0,
                    "N": 0
                },
                "clat_ns": {
                    "min": 0,
                    "max": 0,
                    "mean": 0.0,
                    "stddev": 0.0,
                    "N": 0
                },
                "lat_ns": {
                    "min": 0,
                    "max": 0,
                    "mean": 0.0,
                    "stddev": 0.0,
                    "N": 0
                },
                "bw_min": 0,
                "bw_max": 0,
                "bw_agg": 0.0,
                "bw_mean": 0.0,
                "bw_dev": 0.0,
                "bw_samples": 0,
                "iops_min": 0,
                "iops_max": 0,
                "iops_mean": 0.0,
                "iops_stddev": 0.0,
                "iops_samples": 0
            },
            "trim": {
                "io_bytes": 0,
                "io_kbytes": 0,
                "bw_bytes": 0,
                "bw": 0,
                "iops": 0.0,
                "runtime": 0,
                "total_ios": 0,
                "short_ios": 0,
                "drop_ios": 0,
                "slat_ns": {
                    "min": 0,
                    "max": 0,
                    "mean": 0.0,
                    "stddev": 0.0,
                    "N": 0
                },
                "clat_ns": {
                    "min": 0,
                    "max": 0,
                    "mean": 0.0,
                    "stddev": 0.0,
                    "N": 0
                },
                "lat_ns": {
                    "min": 0,
                    "max": 0,
                    "mean": 0.0,
                    "stddev": 0.0,
                    "N": 0
                },
                "bw_min": 0,
                "bw_max": 0,
                "bw_agg": 0.0,
                "bw_mean": 0.0,
                "bw_dev": 0.0,
                "bw_samples": 0,
                "iops_min": 0,
                "iops_max": 0,
                "iops_mean": 0.0,
                "iops_stddev": 0.0,
                "iops_samples": 0
            },
            "sync": {
                "total_ios": 0,
                "lat_ns": {
                    "min": 0,
                    "max": 0,
                    "mean": 0.0,
                    "stddev": 0.0,
                    "N": 0
                }
            },
            "job_runtime": 7000,
            "usr_cpu": 6.757143,
            "sys_cpu": 36.657143,
            "ctx": 770872,
            "majf": 0,
            "minf": 0,
            "iodepth_level": {
                "1": 100.0,
                "2": 0.0,
                "4": 0.0,
                "8": 0.0,
                "16": 0.0,
                "32": 0.0,
                ">=64": 0.0
            },
            "iodepth_submit": {
                "0": 0.0,
                "4": 100.0,
                "8": 0.0,
                "16": 0.0,
                "32": 0.0,
                "64": 0.0,
                ">=64": 0.0
            },
            "iodepth_complete": {
                "0": 0.0,
                "4": 100.0,
                "8": 0.0,
                "16": 0.0,
                "32": 0.0,
                "64": 0.0,
                ">=64": 0.0
            },
            "latency_ns": {
                "2": 0.0,
                "4": 0.0,
                "10": 0.0,
                "20": 0.0,
                "50": 0.0,
                "100": 0.0,
                "250": 0.01,
                "500": 0.0,
                "750": 0.0,
                "1000": 0.0
            },
            "latency_us": {
                "2": 0.0,
                "4": 0.01,
                "10": 98.658921,
                "20": 1.323436,
                "50": 0.01,
                "100": 0.013751,
                "250": 0.0,
                "500": 0.0,
                "750": 0.0,
                "1000": 0.0
            },
            "latency_ms": {
                "2": 0.0,
                "4": 0.0,
                "10": 0.0,
                "20": 0.0,
                "50": 0.0,
                "100": 0.0,
                "250": 0.0,
                "500": 0.0,
                "750": 0.0,
                "1000": 0.0,
                "2000": 0.0,
                ">=2000": 0.0
            },
            "latency_depth": 1,
            "latency_target": 0,
            "latency_percentile": 100.0,