{
    "fio version": "fio-3.32-dirty",
    "timestamp": 1666791039,
    "timestamp_ms": 1666791039010,
    "time": "Wed Oct 26 15:30:39 2022",
    "jobs": [
        {
            "jobname": "libaio-bdev_xnvme",
            "groupid": 0,
            "error": 0,
            "eta": 0,
            "elapsed": 11,
            "job options": {
                "name": "libaio-bdev_xnvme",
                "rw": "randread",
                "size": "12G",
                "iodepth": "8",
                "bs": "512",
                "direct": "1",
                "thread": "1",
                "time_based": "1",
                "runtime": "7",
                "ramp_time": "3",
                "norandommap": "1",
                "allow_file_create": "0",
                "ioengine": "spdk_bdev",
                "spdk_conf": "/tmp/spdk_bdev_xnvme_libaio.conf",
                "filename": "Nvme0n1",
                "cpus_allowed": "1"
            },
            "read": {
                "io_bytes": 1597813760,
                "io_kbytes": 1560365,
                "bw_bytes": 228226504,
                "bw": 222877,
                "iops": 445754.320811,
                "runtime": 7001,
                "total_ios": 3120726,
                "short_ios": 0,
                "drop_ios": 0,
                "slat_ns": {
                    "min": 1653,
                    "max": 42329,
                    "mean": 1834.530434,
                    "stddev": 111.510378,
                    "N": 3120727
                },
                "clat_ns": {
                    "min": 791,
                    "max": 125785,
                    "mean": 11024.351078,
                    "stddev": 4765.287623,
                    "N": 3120730,
                    "percentile": {
                        "1.000000": 4640,
                        "5.000000": 4704,
                        "10.000000": 4896,
                        "20.000000": 6688,
                        "30.000000": 8640,
                        "40.000000": 8768,
                        "50.000000": 10688,
                        "60.000000": 11712,
                        "70.000000": 13632,
                        "80.000000": 15424,
                        "90.000000": 15808,
                        "95.000000": 16320,
                        "99.000000": 27520,
                        "99.500000": 29824,
                        "99.900000": 45312,
                        "99.950000": 61184,
                        "99.990000": 74240
                    }
                },
                "lat_ns": {
                    "min": 5721,
                    "max": 127559,
                    "mean": 12858.881482,
                    "stddev": 4762.175625,
                    "N": 3120730
                },
                "bw_min": 221033,
                "bw_max": 224499,
                "bw_agg": 100.0,
                "bw_mean": 222992.5,
                "bw_dev": 1021.068049,
                "bw_samples": 14,
                "iops_min": 442066,
                "iops_max": 448998,
                "iops_mean": 445985.0,
                "iops_stddev": 2042.136099,
                "iops_samples": 14
            },
            "write": {
                "io_bytes": 0,
                "io_kbytes": 0,
                "bw_bytes": 0,
                "bw": 0,
                "iops": 0.0,
                "runtime": 0,
                "total_ios": 0,
                "short_ios": 0,
                "drop_ios": 0,
                "slat_ns": {
                    "min": 0,
                    "max": 0,
                    "mean": 0.0,
                    "stddev": 0.0,
                    "N": 0
                },
                "clat_ns": {
                    "min": 0,
                    "max": 0,
                    "mean": 0.0,
                    "stddev": 0.0,
                    "N": 0
                },
                "lat_ns": {
                    "min": 0,
                    "max": 0,
                    "mean": 0.0,
                    "stddev": 0.0,
                    "N": 0
                },
                "bw_min": 0,
                "bw_max": 0,
                "bw_agg": 0.0,
                "bw_mean": 0.0,
                "bw_dev": 0.0,
                "bw_samples": 0,
                "iops_min": 0,
                "iops_max": 0,
                "iops_mean": 0.0,
                "iops_stddev": 0.0,
                "iops_samples": 0
            },
            "trim": {
                "io_bytes": 0,
                "io_kbytes": 0,
                "bw_bytes": 0,
                "bw": 0,
                "iops": 0.0,
                "runtime": 0,
                "total_ios": 0,
                "short_ios": 0,
                "drop_ios": 0,
                "slat_ns": {
                    "min": 0,
                    "max": 0,
                    "mean": 0.0,
                    "stddev": 0.0,
                    "N": 0
                },
                "clat_ns": {
                    "min": 0,
                    "max": 0,
                    "mean": 0.0,
                    "stddev": 0.0,
                    "N": 0
                },
                "lat_ns": {
                    "min": 0,
                    "max": 0,
                    "mean": 0.0,
                    "stddev": 0.0,
                    "N": 0
                },
                "bw_min": 0,
                "bw_max": 0,
                "bw_agg": 0.0,
                "bw_mean": 0.0,
                "bw_dev": 0.0,
                "bw_samples": 0,
                "iops_min": 0,
                "iops_max": 0,
                "iops_mean": 0.0,
                "iops_stddev": 0.0,
                "iops_samples": 0
            },
            "sync": {
                "total_ios": 0,
                "lat_ns": {
                    "min": 0,
                    "max": 0,
                    "mean": 0.0,
                    "stddev": 0.0,
                    "N": 0
                }
            },
            "job_runtime": 7000,
            "usr_cpu": 36.557143,
            "sys_cpu": 63.414286,
            "ctx": 13,
            "majf": 0,
            "minf": 0,
            "iodepth_level": {
                "1": 0.1,
                "2": 10.780793,
                "4": 70.423421,
                "8": 18.795178,
                "16": 0.0,
                "32": 0.0,
                ">=64": 0.0
            },
            "iodepth_submit": {
                "0": 0.0,
                "4": 100.0,
                "8": 0.0,
                "16": 0.0,
                "32": 0.0,
                "64": 0.0,
                ">=64": 0.0
            },
            "iodepth_complete": {
                "0": 0.0,
                "4": 85.61862,
                "8": 14.38138,
                "16": 0.0,
                "32": 0.0,
                "64": 0.0,
                ">=64": 0.0
            },
            "latency_ns": {
                "2": 0.0,
                "4": 0.0,
                "10": 0.0,
                "20": 0.0,
                "50": 0.0,
                "100": 0.0,
                "250": 0.0,
                "500": 0.0,
                "750": 0.0,
                "1000": 0.01
            },
            "latency_us": {
                "2": 0.0,
                "4": 0.01,
                "10": 44.750004,
                "20": 52.543575,
                "50": 2.621249,
                "100": 0.082577,
                "250": 0.01,
                "500": 0.0,
                "750": 0.0,
                "1000": 0.0
            },
            "latency_ms": {
                "2": 0.0,
                "4": 0.0,
                "10": 0.0,
                "20": 0.0,
                "50": 0.0,
                "100": 0.0,
                "250": 0.0,
                "500": 0.0,
                "750": 0.0,
                "1000": 0.0,
                "2000": 0.0,
                ">=2000": 0.0
            },
            "latency_depth": 8,