{
    "fio version": "fio-3.32-dirty",
    "timestamp": 1666790481,
    "timestamp_ms": 1666790481430,
    "time": "Wed Oct 26 15:21:21 2022",
    "jobs": [
        {
            "jobname": "libaio-bdev_aio",
            "groupid": 0,
            "error": 0,
            "eta": 0,
            "elapsed": 11,
            "job options": {
                "name": "libaio-bdev_aio",
                "rw": "randread",
                "size": "12G",
                "iodepth": "4",
                "bs": "512",
                "direct": "1",
                "thread": "1",
                "time_based": "1",
                "runtime": "7",
                "ramp_time": "3",
                "norandommap": "1",
                "allow_file_create": "0",
                "ioengine": "spdk_bdev",
                "spdk_conf": "/tmp/spdk_bdev_aio_foo.conf",
                "filename": "Nvme0n1",
                "cpus_allowed": "1"
            },
            "read": {
                "io_bytes": 1547431936,
                "io_kbytes": 1511164,
                "bw_bytes": 221030129,
                "bw": 215849,
                "iops": 431699.042994,
                "runtime": 7001,
                "total_ios": 3022325,
                "short_ios": 0,
                "drop_ios": 0,
                "slat_ns": {
                    "min": 1643,
                    "max": 40075,
                    "mean": 1835.59419,
                    "stddev": 126.051482,
                    "N": 3022325
                },
                "clat_ns": {
                    "min": 300,
                    "max": 120215,
                    "mean": 6500.137739,
                    "stddev": 2390.829741,
                    "N": 3022328,
                    "percentile": {
                        "1.000000": 4448,
                        "5.000000": 4512,
                        "10.000000": 4576,
                        "20.000000": 4704,
                        "30.000000": 6432,
                        "40.000000": 6688,
                        "50.000000": 6752,
                        "60.000000": 6752,
                        "70.000000": 6816,
                        "80.000000": 6880,
                        "90.000000": 7072,
                        "95.000000": 7264,
                        "99.000000": 17536,
                        "99.500000": 20608,
                        "99.900000": 25984,
                        "99.950000": 32128,
                        "99.990000": 64768
                    }
                },
                "lat_ns": {
                    "min": 5340,
                    "max": 122139,
                    "mean": 8335.731884,
                    "stddev": 2394.3005,
                    "N": 3022328
                },
                "bw_min": 215090,
                "bw_max": 216619,
                "bw_agg": 100.0,
                "bw_mean": 215940.769231,
                "bw_dev": 480.123969,
                "bw_samples": 13,
                "iops_min": 430180,
                "iops_max": 433238,
                "iops_mean": 431881.461538,
                "iops_stddev": 960.297056,
                "iops_samples": 13
            },
            "write": {
                "io_bytes": 0,
                "io_kbytes": 0,
                "bw_bytes": 0,
                "bw": 0,
                "iops": 0.0,
                "runtime": 0,
                "total_ios": 0,
                "short_ios": 0,
                "drop_ios": 0,
                "slat_ns": {
                    "min": 0,
                    "max": 0,
                    "mean": 0.0,
                    "stddev": 0.0,
                    "N": 0
                },
                "clat_ns": {
                    "min": 0,
                    "max": 0,
                    "mean": 0.0,
                    "stddev": 0.0,
                    "N": 0
                },
                "lat_ns": {
                    "min": 0,
                    "max": 0,
                    "mean": 0.0,
                    "stddev": 0.0,
                    "N": 0
                },
                "bw_min": 0,
                "bw_max": 0,
                "bw_agg": 0.0,
                "bw_mean": 0.0,
                "bw_dev": 0.0,
                "bw_samples": 0,
                "iops_min": 0,
                "iops_max": 0,
                "iops_mean": 0.0,
                "iops_stddev": 0.0,
                "iops_samples": 0
            },
            "trim": {
                "io_bytes": 0,
                "io_kbytes": 0,
                "bw_bytes": 0,
                "bw": 0,
                "iops": 0.0,
                "runtime": 0,
                "total_ios": 0,
                "short_ios": 0,
                "drop_ios": 0,
                "slat_ns": {
                    "min": 0,
                    "max": 0,
                    "mean": 0.0,
                    "stddev": 0.0,
                    "N": 0
                },
                "clat_ns": {
                    "min": 0,
                    "max": 0,
                    "mean": 0.0,
                    "stddev": 0.0,
                    "N": 0
                },
                "lat_ns": {
                    "min": 0,
                    "max": 0,
                    "mean": 0.0,
                    "stddev": 0.0,
                    "N": 0
                },
                "bw_min": 0,
                "bw_max": 0,
                "bw_agg": 0.0,
                "bw_mean": 0.0,
                "bw_dev": 0.0,
                "bw_samples": 0,
                "iops_min": 0,
                "iops_max": 0,
                "iops_mean": 0.0,
                "iops_stddev": 0.0,
                "iops_samples": 0
            },
            "sync": {
                "total_ios": 0,
                "lat_ns": {
                    "min": 0,
                    "max": 0,
                    "mean": 0.0,
                    "stddev": 0.0,
                    "N": 0
                }
            },
            "job_runtime": 7000,
            "usr_cpu": 40.442857,
            "sys_cpu": 59.528571,
            "ctx": 15,
            "majf": 0,
            "minf": 0,
            "iodepth_level": {
                "1": 0.1,
                "2": 31.311093,
                "4": 68.686789,
                "8": 0.0,
                "16": 0.0,
                "32": 0.0,
                ">=64": 0.0
            },
            "iodepth_submit": {
                "0": 0.0,
                "4": 100.0,
                "8": 0.0,
                "16": 0.0,
                "32": 0.0,
                "64": 0.0,
                ">=64": 0.0
            },
            "iodepth_complete": {
                "0": 0.0,
                "4": 100.0,
                "8": 0.0,
                "16": 0.0,
                "32": 0.0,
                "64": 0.0,
                ">=64": 0.0
            },
            "latency_ns": {
                "2": 0.0,
                "4": 0.0,
                "10": 0.0,
                "20": 0.0,
                "50": 0.0,
                "100": 0.0,
                "250": 0.0,
                "500": 0.01,
                "750": 0.0,
                "1000": 0.0
            },
            "latency_us": {
                "2": 0.0,
                "4": 0.01,
                "10": 96.84071,
                "20": 2.53702,
                "50": 0.573764,
                "100": 0.037653,
                "250": 0.01,
                "500": 0.0,
                "750": 0.0,
                "1000": 0.0
            },
            "latency_ms": {
                "2": 0.0,
                "4": 0.0,
                "10": 0.0,
                "20": 0.0,
                "50": 0.0,
                "100": 0.0,
                "250": 0.0,
                "500": 0.0,
                "750": 0.0,
                "1000": 0.0,
                "2000": 0.0,
                ">=2000": 0.0
            },
            "latency_depth": 4,
            "latency_target": 0,