{
    "fio version": "fio-3.32-dirty",
    "timestamp": 1666789727,
    "timestamp_ms": 1666789727362,
    "time": "Wed Oct 26 15:08:47 2022",
    "jobs": [
        {
            "jobname": "io_uring_cmd-bdev_xnvme",
            "groupid": 0,
            "error": 0,
            "eta": 0,
            "elapsed": 11,
            "job options": {
                "name": "io_uring_cmd-bdev_xnvme",
                "rw": "randread",
                "size": "12G",
                "iodepth": "2",
                "bs": "512",
                "direct": "0",
                "thread": "1",
                "time_based": "1",
                "runtime": "7",
                "ramp_time": "3",
                "norandommap": "1",
                "allow_file_create": "0",
                "ioengine": "spdk_bdev",
                "spdk_conf": "/tmp/spdk_bdev_xnvme_io_uring_cmd.conf",
                "filename": "Nvme0n1",
                "cpus_allowed": "1"
            },
            "read": {
                "io_bytes": 699008512,
                "io_kbytes": 682625,
                "bw_bytes": 99844095,
                "bw": 97503,
                "iops": 195007.856021,
                "runtime": 7001,
                "total_ios": 1365250,
                "short_ios": 0,
                "drop_ios": 0,
                "slat_ns": {
                    "min": 711,
                    "max": 12062,
                    "mean": 936.282706,
                    "stddev": 69.667152,
                    "N": 1365250
                },
                "clat_ns": {
                    "min": 5841,
                    "max": 82906,
                    "mean": 9006.613612,
                    "stddev": 1552.777792,
                    "N": 1365251,
                    "percentile": {
                        "1.000000": 7264,
                        "5.000000": 8032,
                        "10.000000": 8512,
                        "20.000000": 8640,
                        "30.000000": 8768,
                        "40.000000": 8768,
                        "50.000000": 8768,
                        "60.000000": 8896,
                        "70.000000": 9024,
                        "80.000000": 9024,
                        "90.000000": 9280,
                        "95.000000": 9536,
                        "99.000000": 17024,
                        "99.500000": 18304,
                        "99.900000": 24704,
                        "99.950000": 25728,
                        "99.990000": 62208
                    }
                },
                "lat_ns": {
                    "min": 7314,
                    "max": 83837,
                    "mean": 9942.8963,
                    "stddev": 1554.645663,
                    "N": 1365251
                },
                "bw_min": 97305,
                "bw_max": 98105,
                "bw_agg": 100.0,
                "bw_mean": 97526.428571,
                "bw_dev": 203.481889,
                "bw_samples": 14,
                "iops_min": 194610,
                "iops_max": 196210,
                "iops_mean": 195052.857143,
                "iops_stddev": 406.963778,
                "iops_samples": 14
            },
            "write": {
                "io_bytes": 0,
                "io_kbytes": 0,
                "bw_bytes": 0,
                "bw": 0,
                "iops": 0.0,
                "runtime": 0,
                "total_ios": 0,
                "short_ios": 0,
                "drop_ios": 0,
                "slat_ns": {
                    "min": 0,
                    "max": 0,
                    "mean": 0.0,
                    "stddev": 0.0,
                    "N": 0
                },
                "clat_ns": {
                    "min": 0,
                    "max": 0,
                    "mean": 0.0,
                    "stddev": 0.0,
                    "N": 0
                },
                "lat_ns": {
                    "min": 0,
                    "max": 0,
                    "mean": 0.0,
                    "stddev": 0.0,
                    "N": 0
                },
                "bw_min": 0,
                "bw_max": 0,
                "bw_agg": 0.0,
                "bw_mean": 0.0,
                "bw_dev": 0.0,
                "bw_samples": 0,
                "iops_min": 0,
                "iops_max": 0,
                "iops_mean": 0.0,
                "iops_stddev": 0.0,
                "iops_samples": 0
            },
            "trim": {
                "io_bytes": 0,
                "io_kbytes": 0,
                "bw_bytes": 0,
                "bw": 0,
                "iops": 0.0,
                "runtime": 0,
                "total_ios": 0,
                "short_ios": 0,
                "drop_ios": 0,
                "slat_ns": {
                    "min": 0,
                    "max": 0,
                    "mean": 0.0,
                    "stddev": 0.0,
                    "N": 0
                },
                "clat_ns": {
                    "min": 0,
                    "max": 0,
                    "mean": 0.0,
                    "stddev": 0.0,
                    "N": 0
                },
                "lat_ns": {
                    "min": 0,
                    "max": 0,
                    "mean": 0.0,
                    "stddev": 0.0,
                    "N": 0
                },
                "bw_min": 0,
                "bw_max": 0,
                "bw_agg": 0.0,
                "bw_mean": 0.0,
                "bw_dev": 0.0,
                "bw_samples": 0,
                "iops_min": 0,
                "iops_max": 0,
                "iops_mean": 0.0,
                "iops_stddev": 0.0,
                "iops_samples": 0
            },
            "sync": {
                "total_ios": 0,
                "lat_ns": {
                    "min": 0,
                    "max": 0,
                    "mean": 0.0,
                    "stddev": 0.0,
                    "N": 0
                }
            },
            "job_runtime": 7000,
            "usr_cpu": 99.985714,
            "sys_cpu": 0.0,
            "ctx": 16,
            "majf": 0,
            "minf": 0,
            "iodepth_level": {
                "1": 0.534627,
                "2": 99.465373,
                "4": 0.0,
                "8": 0.0,
                "16": 0.0,
                "32": 0.0,
                ">=64": 0.0
            },
            "iodepth_submit": {
                "0": 0.0,
                "4": 100.0,
                "8": 0.0,
                "16": 0.0,
                "32": 0.0,
                "64": 0.0,
                ">=64": 0.0
            },
            "iodepth_complete": {
                "0": 0.0,
                "4": 100.0,
                "8": 0.0,
                "16": 0.0,
                "32": 0.0,
                "64": 0.0,
                ">=64": 0.0
            },
            "latency_ns": {
                "2": 0.0,
                "4": 0.0,
                "10": 0.0,
                "20": 0.0,
                "50": 0.0,
                "100": 0.0,
                "250": 0.0,
                "500": 0.0,
                "750": 0.0,
                "1000": 0.0
            },
            "latency_us": {
                "2": 0.0,
                "4": 0.0,
                "10": 96.686321,
                "20": 2.956968,
                "50": 0.336129,
                "100": 0.020656,
                "250": 0.0,
                "500": 0.0,
                "750": 0.0,
                "1000": 0.0
            },
            "latency_ms": {
                "2": 0.0,
                "4": 0.0,
                "10": 0.0,
                "20": 0.0,
                "50": 0.0,
                "100": 0.0,
                "250": 0.0,
                "500": 0.0,
                "750": 0.0,
                "1000": 0.0,
                "2000": 0.0,
                ">=2000": 0.0
            },
            "latency_depth": 2,
            "latency_target": 0,