{
    "fio version": "fio-3.32-dirty",
    "timestamp": 1666734447,
    "timestamp_ms": 1666734447509,
    "time": "Tue Oct 25 23:47:27 2022",
    "jobs": [
        {
            "jobname": "io_uring_cmd-reference",
            "groupid": 0,
            "error": 0,
            "eta": 0,
            "elapsed": 11,
            "job options": {
                "name": "io_uring_cmd-reference",
                "rw": "randread",
                "size": "12G",
                "iodepth": "8",
                "bs": "4K",
                "direct": "0",
                "thread": "1",
                "time_based": "1",
                "runtime": "7",
                "ramp_time": "3",
                "norandommap": "1",
                "allow_file_create": "0",
                "ioengine": "io_uring_cmd",
                "filename": "/dev/ng0n1"
            },
            "read": {
                "io_bytes": 6417027072,
                "io_kbytes": 6266628,
                "bw_bytes": 916587212,
                "bw": 895104,
                "iops": 223775.032138,
                "runtime": 7001,
                "total_ios": 1566649,
                "short_ios": 0,
                "drop_ios": 0,
                "slat_ns": {
                    "min": 1082,
                    "max": 28684,
                    "mean": 1801.328699,
                    "stddev": 837.999667,
                    "N": 1566650
                },
                "clat_ns": {
                    "min": 11131,
                    "max": 206056,
                    "mean": 33649.558555,
                    "stddev": 8666.871644,
                    "N": 1566656,
                    "percentile": {
                        "1.000000": 24704,
                        "5.000000": 28800,
                        "10.000000": 29824,
                        "20.000000": 30080,
                        "30.000000": 30336,
                        "40.000000": 30848,
                        "50.000000": 31616,
                        "60.000000": 31616,
                        "70.000000": 31872,
                        "80.000000": 32640,
                        "90.000000": 45312,
                        "95.000000": 51968,
                        "99.000000": 62720,
                        "99.500000": 67072,
                        "99.900000": 128512,
                        "99.950000": 140288,
                        "99.990000": 156672
                    }
                },
                "lat_ns": {
                    "min": 15359,
                    "max": 208260,
                    "mean": 35450.887665,
                    "stddev": 8587.323029,
                    "N": 1566656
                },
                "bw_min": 885416,
                "bw_max": 897224,
                "bw_agg": 100.0,
                "bw_mean": 895327.5,
                "bw_dev": 3021.324589,
                "bw_samples": 14,
                "iops_min": 221354,
                "iops_max": 224306,
                "iops_mean": 223831.857143,
                "iops_stddev": 755.321415,
                "iops_samples": 14
            },
            "write": {
                "io_bytes": 0,
                "io_kbytes": 0,
                "bw_bytes": 0,
                "bw": 0,
                "iops": 0.0,
                "runtime": 0,
                "total_ios": 0,
                "short_ios": 0,
                "drop_ios": 0,
                "slat_ns": {
                    "min": 0,
                    "max": 0,
                    "mean": 0.0,
                    "stddev": 0.0,
                    "N": 0
                },
                "clat_ns": {
                    "min": 0,
                    "max": 0,
                    "mean": 0.0,
                    "stddev": 0.0,
                    "N": 0
                },
                "lat_ns": {
                    "min": 0,
                    "max": 0,
                    "mean": 0.0,
                    "stddev": 0.0,
                    "N": 0
                },
                "bw_min": 0,
                "bw_max": 0,
                "bw_agg": 0.0,
                "bw_mean": 0.0,
                "bw_dev": 0.0,
                "bw_samples": 0,
                "iops_min": 0,
                "iops_max": 0,
                "iops_mean": 0.0,
                "iops_stddev": 0.0,
                "iops_samples": 0
            },
            "trim": {
                "io_bytes": 0,
                "io_kbytes": 0,
                "bw_bytes": 0,
                "bw": 0,
                "iops": 0.0,
                "runtime": 0,
                "total_ios": 0,
                "short_ios": 0,
                "drop_ios": 0,
                "slat_ns": {
                    "min": 0,
                    "max": 0,
                    "mean": 0.0,
                    "stddev": 0.0,
                    "N": 0
                },
                "clat_ns": {
                    "min": 0,
                    "max": 0,
                    "mean": 0.0,
                    "stddev": 0.0,
                    "N": 0
                },
                "lat_ns": {
                    "min": 0,
                    "max": 0,
                    "mean": 0.0,
                    "stddev": 0.0,
                    "N": 0
                },
                "bw_min": 0,
                "bw_max": 0,
                "bw_agg": 0.0,
                "bw_mean": 0.0,
                "bw_dev": 0.0,
                "bw_samples": 0,
                "iops_min": 0,
                "iops_max": 0,
                "iops_mean": 0.0,
                "iops_stddev": 0.0,
                "iops_samples": 0
            },
            "sync": {
                "total_ios": 0,
                "lat_ns": {
                    "min": 0,
                    "max": 0,
                    "mean": 0.0,
                    "stddev": 0.0,
                    "N": 0
                }
            },
            "job_runtime": 7000,
            "usr_cpu": 14.185714,
            "sys_cpu": 58.757143,
            "ctx": 755492,
            "majf": 0,
            "minf": 0,
            "iodepth_level": {
                "1": 0.0,
                "2": 0.0,
                "4": 0.0,
                "8": 100.0,
                "16": 0.0,
                "32": 0.0,
                ">=64": 0.0
            },
            "iodepth_submit": {
                "0": 0.0,
                "4": 100.0,
                "8": 0.0,
                "16": 0.0,
                "32": 0.0,
                "64": 0.0,
                ">=64": 0.0
            },
            "iodepth_complete": {
                "0": 0.0,
                "4": 99.999936,
                "8": 0.1,
                "16": 0.0,
                "32": 0.0,
                "64": 0.0,
                ">=64": 0.0
            },
            "latency_ns": {
                "2": 0.0,
                "4": 0.0,
                "10": 0.0,
                "20": 0.0,
                "50": 0.0,
                "100": 0.0,
                "250": 0.0,
                "500": 0.0,
                "750": 0.0,
                "1000": 0.0
            },
            "latency_us": {
                "2": 0.0,
                "4": 0.0,
                "10": 0.0,
                "20": 0.092554,
                "50": 92.064145,
                "100": 7.584341,
                "250": 0.259407,
                "500": 0.0,
                "750": 0.0,
                "1000": 0.0
            },
            "latency_ms": {
                "2": 0.0,
                "4": 0.0,
                "10": 0.0,
                "20": 0.0,
                "50": 0.0,
                "100": 0.0,
                "250": 0.0,
                "500": 0.0,
                "750": 0.0,
                "1000": 0.0,
                "2000": 0.0,
                ">=2000": 0.0
            },
            "latency_depth": 8,
            "latency_target": 0,
            "latency_percentile": 100.0,