{
    "fio version": "fio-3.32-dirty",
    "timestamp": 1666733974,
    "timestamp_ms": 1666733974770,
    "time": "Tue Oct 25 23:39:34 2022",
    "jobs": [
        {
            "jobname": "io_uring_cmd-reference",
            "groupid": 0,
            "error": 0,
            "eta": 0,
            "elapsed": 11,
            "job options": {
                "name": "io_uring_cmd-reference",
                "rw": "randread",
                "size": "12G",
                "iodepth": "4",
                "bs": "4K",
                "direct": "0",
                "thread": "1",
                "time_based": "1",
                "runtime": "7",
                "ramp_time": "3",
                "norandommap": "1",
                "allow_file_create": "0",
                "ioengine": "io_uring_cmd",
                "filename": "/dev/ng0n1"
            },
            "read": {
                "io_bytes": 4263362560,
                "io_kbytes": 4163440,
                "bw_bytes": 608964799,
                "bw": 594692,
                "iops": 148672.618197,
                "runtime": 7001,
                "total_ios": 1040857,
                "short_ios": 0,
                "drop_ios": 0,
                "slat_ns": {
                    "min": 1883,
                    "max": 30347,
                    "mean": 2119.325331,
                    "stddev": 420.060474,
                    "N": 1040857
                },
                "clat_ns": {
                    "min": 251,
                    "max": 149521,
                    "mean": 24289.765743,
                    "stddev": 7494.997171,
                    "N": 1040860,
                    "percentile": {
                        "1.000000": 15168,
                        "5.000000": 17024,
                        "10.000000": 17024,
                        "20.000000": 17792,
                        "30.000000": 17792,
                        "40.000000": 18560,
                        "50.000000": 27776,
                        "60.000000": 28032,
                        "70.000000": 28288,
                        "80.000000": 28800,
                        "90.000000": 29056,
                        "95.000000": 34048,
                        "99.000000": 51968,
                        "99.500000": 53504,
                        "99.900000": 81408,
                        "99.950000": 97792,
                        "99.990000": 113152
                    }
                },
                "lat_ns": {
                    "min": 14096,
                    "max": 151475,
                    "mean": 26409.091097,
                    "stddev": 7588.653299,
                    "N": 1040860
                },
                "bw_min": 593880,
                "bw_max": 595576,
                "bw_agg": 100.0,
                "bw_mean": 594850.642857,
                "bw_dev": 491.431129,
                "bw_samples": 14,
                "iops_min": 148470,
                "iops_max": 148894,
                "iops_mean": 148712.642857,
                "iops_stddev": 122.870543,
                "iops_samples": 14
            },
            "write": {
                "io_bytes": 0,
                "io_kbytes": 0,
                "bw_bytes": 0,
                "bw": 0,
                "iops": 0.0,
                "runtime": 0,
                "total_ios": 0,
                "short_ios": 0,
                "drop_ios": 0,
                "slat_ns": {
                    "min": 0,
                    "max": 0,
                    "mean": 0.0,
                    "stddev": 0.0,
                    "N": 0
                },
                "clat_ns": {
                    "min": 0,
                    "max": 0,
                    "mean": 0.0,
                    "stddev": 0.0,
                    "N": 0
                },
                "lat_ns": {
                    "min": 0,
                    "max": 0,
                    "mean": 0.0,
                    "stddev": 0.0,
                    "N": 0
                },
                "bw_min": 0,
                "bw_max": 0,
                "bw_agg": 0.0,
                "bw_mean": 0.0,
                "bw_dev": 0.0,
                "bw_samples": 0,
                "iops_min": 0,
                "iops_max": 0,
                "iops_mean": 0.0,
                "iops_stddev": 0.0,
                "iops_samples": 0
            },
            "trim": {
                "io_bytes": 0,
                "io_kbytes": 0,
                "bw_bytes": 0,
                "bw": 0,
                "iops": 0.0,
                "runtime": 0,
                "total_ios": 0,
                "short_ios": 0,
                "drop_ios": 0,
                "slat_ns": {
                    "min": 0,
                    "max": 0,
                    "mean": 0.0,
                    "stddev": 0.0,
                    "N": 0
                },
                "clat_ns": {
                    "min": 0,
                    "max": 0,
                    "mean": 0.0,
                    "stddev": 0.0,
                    "N": 0
                },
                "lat_ns": {
                    "min": 0,
                    "max": 0,
                    "mean": 0.0,
                    "stddev": 0.0,
                    "N": 0
                },
                "bw_min": 0,
                "bw_max": 0,
                "bw_agg": 0.0,
                "bw_mean": 0.0,
                "bw_dev": 0.0,
                "bw_samples": 0,
                "iops_min": 0,
                "iops_max": 0,
                "iops_mean": 0.0,
                "iops_stddev": 0.0,
                "iops_samples": 0
            },
            "sync": {
                "total_ios": 0,
                "lat_ns": {
                    "min": 0,
                    "max": 0,
                    "mean": 0.0,
                    "stddev": 0.0,
                    "N": 0
                }
            },
            "job_runtime": 7000,
            "usr_cpu": 13.671429,
            "sys_cpu": 58.242857,
            "ctx": 267603,
            "majf": 0,
            "minf": 0,
            "iodepth_level": {
                "1": 0.0,
                "2": 0.0,
                "4": 100.0,
                "8": 0.0,
                "16": 0.0,
                "32": 0.0,
                ">=64": 0.0
            },
            "iodepth_submit": {
                "0": 0.0,
                "4": 100.0,
                "8": 0.0,
                "16": 0.0,
                "32": 0.0,
                "64": 0.0,
                ">=64": 0.0
            },
            "iodepth_complete": {
                "0": 0.0,
                "4": 100.0,
                "8": 0.0,
                "16": 0.0,
                "32": 0.0,
                "64": 0.0,
                ">=64": 0.0
            },
            "latency_ns": {
                "2": 0.0,
                "4": 0.0,
                "10": 0.0,
                "20": 0.0,
                "50": 0.0,
                "100": 0.0,
                "250": 0.0,
                "500": 0.01,
                "750": 0.0,
                "1000": 0.0
            },
            "latency_us": {
                "2": 0.0,
                "4": 0.01,
                "10": 0.01,
                "20": 45.125891,
                "50": 53.34018,
                "100": 1.487716,
                "250": 0.043714,
                "500": 0.0,
                "750": 0.0,
                "1000": 0.0
            },
            "latency_ms": {
                "2": 0.0,
                "4": 0.0,
                "10": 0.0,
                "20": 0.0,
                "50": 0.0,
                "100": 0.0,
                "250": 0.0,
                "500": 0.0,
                "750": 0.0,
                "1000": 0.0,
                "2000": 0.0,
                ">=2000": 0.0
            },
            "latency_depth": 4,
            "latency_target": 0,
            "latency_percentile": 100.0,