{
    "fio version": "fio-3.32-dirty",
    "timestamp": 1666733961,
    "timestamp_ms": 1666733961073,
    "time": "Tue Oct 25 23:39:21 2022",
    "jobs": [
        {
            "jobname": "io_uring_cmd-reference",
            "groupid": 0,
            "error": 0,
            "eta": 0,
            "elapsed": 11,
            "job options": {
                "name": "io_uring_cmd-reference",
                "rw": "randread",
                "size": "12G",
                "iodepth": "4",
                "bs": "4K",
                "direct": "0",
                "thread": "1",
                "time_based": "1",
                "runtime": "7",
                "ramp_time": "3",
                "norandommap": "1",
                "allow_file_create": "0",
                "ioengine": "io_uring_cmd",
                "filename": "/dev/ng0n1"
            },
            "read": {
                "io_bytes": 4248465408,
                "io_kbytes": 4148892,
                "bw_bytes": 606836938,
                "bw": 592614,
                "iops": 148152.978146,
                "runtime": 7001,
                "total_ios": 1037219,
                "short_ios": 0,
                "drop_ios": 0,
                "slat_ns": {
                    "min": 1874,
                    "max": 27602,
                    "mean": 2143.573774,
                    "stddev": 413.583393,
                    "N": 1037220
                },
                "clat_ns": {
                    "min": 2985,
                    "max": 204163,
                    "mean": 24353.154686,
                    "stddev": 7561.186398,
                    "N": 1037222,
                    "percentile": {
                        "1.000000": 16768,
                        "5.000000": 17024,
                        "10.000000": 17024,
                        "20.000000": 17792,
                        "30.000000": 17792,
                        "40.000000": 18560,
                        "50.000000": 28032,
                        "60.000000": 28032,
                        "70.000000": 28288,
                        "80.000000": 28800,
                        "90.000000": 29056,
                        "95.000000": 34048,
                        "99.000000": 51968,
                        "99.500000": 53504,
                        "99.900000": 81408,
                        "99.950000": 96768,
                        "99.990000": 113152
                    }
                },
                "lat_ns": {
                    "min": 13285,
                    "max": 206557,
                    "mean": 26496.728306,
                    "stddev": 7666.456687,
                    "N": 1037222
                },
                "bw_min": 591632,
                "bw_max": 593816,
                "bw_agg": 100.0,
                "bw_mean": 592752.785714,
                "bw_dev": 705.015022,
                "bw_samples": 14,
                "iops_min": 147908,
                "iops_max": 148454,
                "iops_mean": 148188.142857,
                "iops_stddev": 176.173803,
                "iops_samples": 14
            },
            "write": {
                "io_bytes": 0,
                "io_kbytes": 0,
                "bw_bytes": 0,
                "bw": 0,
                "iops": 0.0,
                "runtime": 0,
                "total_ios": 0,
                "short_ios": 0,
                "drop_ios": 0,
                "slat_ns": {
                    "min": 0,
                    "max": 0,
                    "mean": 0.0,
                    "stddev": 0.0,
                    "N": 0
                },
                "clat_ns": {
                    "min": 0,
                    "max": 0,
                    "mean": 0.0,
                    "stddev": 0.0,
                    "N": 0
                },
                "lat_ns": {
                    "min": 0,
                    "max": 0,
                    "mean": 0.0,
                    "stddev": 0.0,
                    "N": 0
                },
                "bw_min": 0,
                "bw_max": 0,
                "bw_agg": 0.0,
                "bw_mean": 0.0,
                "bw_dev": 0.0,
                "bw_samples": 0,
                "iops_min": 0,
                "iops_max": 0,
                "iops_mean": 0.0,
                "iops_stddev": 0.0,
                "iops_samples": 0
            },
            "trim": {
                "io_bytes": 0,
                "io_kbytes": 0,
                "bw_bytes": 0,
                "bw": 0,
                "iops": 0.0,
                "runtime": 0,
                "total_ios": 0,
                "short_ios": 0,
                "drop_ios": 0,
                "slat_ns": {
                    "min": 0,
                    "max": 0,
                    "mean": 0.0,
                    "stddev": 0.0,
                    "N": 0
                },
                "clat_ns": {
                    "min": 0,
                    "max": 0,
                    "mean": 0.0,
                    "stddev": 0.0,
                    "N": 0
                },
                "lat_ns": {
                    "min": 0,
                    "max": 0,
                    "mean": 0.0,
                    "stddev": 0.0,
                    "N": 0
                },
                "bw_min": 0,
                "bw_max": 0,
                "bw_agg": 0.0,
                "bw_mean": 0.0,
                "bw_dev": 0.0,
                "bw_samples": 0,
                "iops_min": 0,
                "iops_max": 0,
                "iops_mean": 0.0,
                "iops_stddev": 0.0,
                "iops_samples": 0
            },
            "sync": {
                "total_ios": 0,
                "lat_ns": {
                    "min": 0,
                    "max": 0,
                    "mean": 0.0,
                    "stddev": 0.0,
                    "N": 0
                }
            },
            "job_runtime": 7000,
            "usr_cpu": 16.328571,
            "sys_cpu": 55.942857,
            "ctx": 266741,
            "majf": 0,
            "minf": 0,
            "iodepth_level": {
                "1": 0.0,
                "2": 0.0,
                "4": 100.0,
                "8": 0.0,
                "16": 0.0,
                "32": 0.0,
                ">=64": 0.0
            },
            "iodepth_submit": {
                "0": 0.0,
                "4": 100.0,
                "8": 0.0,
                "16": 0.0,
                "32": 0.0,
                "64": 0.0,
                ">=64": 0.0
            },
            "iodepth_complete": {
                "0": 0.0,
                "4": 100.0,
                "8": 0.0,
                "16": 0.0,
                "32": 0.0,
                "64": 0.0,
                ">=64": 0.0
            },
            "latency_ns": {
                "2": 0.0,
                "4": 0.0,
                "10": 0.0,
                "20": 0.0,
                "50": 0.0,
                "100": 0.0,
                "250": 0.0,
                "500": 0.0,
                "750": 0.0,
                "1000": 0.0
            },
            "latency_us": {
                "2": 0.0,
                "4": 0.01,
                "10": 0.01,
                "20": 45.803249,
                "50": 52.586484,
                "100": 1.563893,
                "250": 0.044157,
                "500": 0.0,
                "750": 0.0,
                "1000": 0.0
            },
            "latency_ms": {
                "2": 0.0,
                "4": 0.0,
                "10": 0.0,
                "20": 0.0,
                "50": 0.0,
                "100": 0.0,
                "250": 0.0,
                "500": 0.0,
                "750": 0.0,
                "1000": 0.0,
                "2000": 0.0,
                ">=2000": 0.0
            },
            "latency_depth": 4,
            "latency_target": 0,
            "latency_percentile": 100.0,