{
    "fio version": "fio-3.32-dirty",
    "timestamp": 1666733301,
    "timestamp_ms": 1666733301938,
    "time": "Tue Oct 25 23:28:21 2022",
    "jobs": [
        {
            "jobname": "libaio-reference",
            "groupid": 0,
            "error": 0,
            "eta": 0,
            "elapsed": 11,
            "job options": {
                "name": "libaio-reference",
                "rw": "randread",
                "size": "12G",
                "iodepth": "1",
                "bs": "4K",
                "direct": "1",
                "thread": "1",
                "time_based": "1",
                "runtime": "7",
                "ramp_time": "3",
                "norandommap": "1",
                "allow_file_create": "0",
                "ioengine": "libaio",
                "filename": "/dev/nvme0n1"
            },
            "read": {
                "io_bytes": 1673572352,
                "io_kbytes": 1634348,
                "bw_bytes": 239047614,
                "bw": 233444,
                "iops": 58361.234109,
                "runtime": 7001,
                "total_ios": 408587,
                "short_ios": 0,
                "drop_ios": 0,
                "slat_ns": {
                    "min": 2836,
                    "max": 17292,
                    "mean": 3074.658611,
                    "stddev": 158.340253,
                    "N": 408587
                },
                "clat_ns": {
                    "min": 802,
                    "max": 118943,
                    "mean": 13512.992719,
                    "stddev": 2095.582789,
                    "N": 408587,
                    "percentile": {
                        "1.000000": 12864,
                        "5.000000": 12992,
                        "10.000000": 13120,
                        "20.000000": 13120,
                        "30.000000": 13248,
                        "40.000000": 13248,
                        "50.000000": 13248,
                        "60.000000": 13248,
                        "70.000000": 13248,
                        "80.000000": 13376,
                        "90.000000": 13376,
                        "95.000000": 13504,
                        "99.000000": 23680,
                        "99.500000": 28800,
                        "99.900000": 33536,
                        "99.950000": 50432,
                        "99.990000": 71168
                    }
                },
                "lat_ns": {
                    "min": 14397,
                    "max": 122139,
                    "mean": 16587.65133,
                    "stddev": 2102.634447,
                    "N": 408587
                },
                "bw_min": 233168,
                "bw_max": 233976,
                "bw_agg": 100.0,
                "bw_mean": 233596.714286,
                "bw_dev": 275.558574,
                "bw_samples": 14,
                "iops_min": 58292,
                "iops_max": 58494,
                "iops_mean": 58399.0,
                "iops_stddev": 68.835367,
                "iops_samples": 14
            },
            "write": {
                "io_bytes": 0,
                "io_kbytes": 0,
                "bw_bytes": 0,
                "bw": 0,
                "iops": 0.0,
                "runtime": 0,
                "total_ios": 0,
                "short_ios": 0,
                "drop_ios": 0,
                "slat_ns": {
                    "min": 0,
                    "max": 0,
                    "mean": 0.0,
                    "stddev": 0.0,
                    "N": 0
                },
                "clat_ns": {
                    "min": 0,
                    "max": 0,
                    "mean": 0.0,
                    "stddev": 0.0,
                    "N": 0
                },
                "lat_ns": {
                    "min": 0,
                    "max": 0,
                    "mean": 0.0,
                    "stddev": 0.0,
                    "N": 0
                },
                "bw_min": 0,
                "bw_max": 0,
                "bw_agg": 0.0,
                "bw_mean": 0.0,
                "bw_dev": 0.0,
                "bw_samples": 0,
                "iops_min": 0,
                "iops_max": 0,
                "iops_mean": 0.0,
                "iops_stddev": 0.0,
                "iops_samples": 0
            },
            "trim": {
                "io_bytes": 0,
                "io_kbytes": 0,
                "bw_bytes": 0,
                "bw": 0,
                "iops": 0.0,
                "runtime": 0,
                "total_ios": 0,
                "short_ios": 0,
                "drop_ios": 0,
                "slat_ns": {
                    "min": 0,
                    "max": 0,
                    "mean": 0.0,
                    "stddev": 0.0,
                    "N": 0
                },
                "clat_ns": {
                    "min": 0,
                    "max": 0,
                    "mean": 0.0,
                    "stddev": 0.0,
                    "N": 0
                },
                "lat_ns": {
                    "min": 0,
                    "max": 0,
                    "mean": 0.0,
                    "stddev": 0.0,
                    "N": 0
                },
                "bw_min": 0,
                "bw_max": 0,
                "bw_agg": 0.0,
                "bw_mean": 0.0,
                "bw_dev": 0.0,
                "bw_samples": 0,
                "iops_min": 0,
                "iops_max": 0,
                "iops_mean": 0.0,
                "iops_stddev": 0.0,
                "iops_samples": 0
            },
            "sync": {
                "total_ios": 0,
                "lat_ns": {
                    "min": 0,
                    "max": 0,
                    "mean": 0.0,
                    "stddev": 0.0,
                    "N": 0
                }
            },
            "job_runtime": 7000,
            "usr_cpu": 9.1,
            "sys_cpu": 32.528571,
            "ctx": 408588,
            "majf": 0,
            "minf": 0,
            "iodepth_level": {
                "1": 100.0,
                "2": 0.0,
                "4": 0.0,
                "8": 0.0,
                "16": 0.0,
                "32": 0.0,
                ">=64": 0.0
            },
            "iodepth_submit": {
                "0": 0.0,
                "4": 100.0,
                "8": 0.0,
                "16": 0.0,
                "32": 0.0,
                "64": 0.0,
                ">=64": 0.0
            },
            "iodepth_complete": {
                "0": 0.0,
                "4": 100.0,
                "8": 0.0,
                "16": 0.0,
                "32": 0.0,
                "64": 0.0,
                ">=64": 0.0
            },
            "latency_ns": {
                "2": 0.0,
                "4": 0.0,
                "10": 0.0,
                "20": 0.0,
                "50": 0.0,
                "100": 0.0,
                "250": 0.0,
                "500": 0.0,
                "750": 0.0,
                "1000": 0.01
            },
            "latency_us": {
                "2": 0.0,
                "4": 0.0,
                "10": 0.01,
                "20": 98.56481,
                "50": 1.376696,
                "100": 0.051641,
                "250": 0.01,
                "500": 0.0,
                "750": 0.0,
                "1000": 0.0
            },
            "latency_ms": {
                "2": 0.0,
                "4": 0.0,
                "10": 0.0,
                "20": 0.0,
                "50": 0.0,
                "100": 0.0,
                "250": 0.0,
                "500": 0.0,
                "750": 0.0,
                "1000": 0.0,
                "2000": 0.0,
                ">=2000": 0.0
            },
            "latency_depth": 1,
            "latency_target": 0,
            "latency_percentile": 100.0,
            "latency_window": 0
        }
    ],