{
    "fio version": "fio-3.32-dirty",
    "timestamp": 1666733705,
    "timestamp_ms": 1666733705068,
    "time": "Tue Oct 25 23:35:05 2022",
    "jobs": [
        {
            "jobname": "io_uring-bdev_xnvme",
            "groupid": 0,
            "error": 0,
            "eta": 0,
            "elapsed": 11,
            "job options": {
                "name": "io_uring-bdev_xnvme",
                "rw": "randread",
                "size": "12G",
                "iodepth": "2",
                "bs": "4K",
                "direct": "1",
                "thread": "1",
                "time_based": "1",
                "runtime": "7",
                "ramp_time": "3",
                "norandommap": "1",
                "allow_file_create": "0",
                "ioengine": "spdk_bdev",
                "spdk_conf": "/tmp/spdk_bdev_xnvme_io_uring.conf",
                "filename": "Nvme0n1"
            },
            "read": {
                "io_bytes": 3756642304,
                "io_kbytes": 3668596,
                "bw_bytes": 536586531,
                "bw": 524010,
                "iops": 131002.428225,
                "runtime": 7001,
                "total_ios": 917148,
                "short_ios": 0,
                "drop_ios": 0,
                "slat_ns": {
                    "min": 1643,
                    "max": 19396,
                    "mean": 1811.53445,
                    "stddev": 120.87481,
                    "N": 917148
                },
                "clat_ns": {
                    "min": 591,
                    "max": 102302,
                    "mean": 13208.573923,
                    "stddev": 4374.320123,
                    "N": 917149,
                    "percentile": {
                        "1.000000": 10048,
                        "5.000000": 10176,
                        "10.000000": 10176,
                        "20.000000": 10176,
                        "30.000000": 10304,
                        "40.000000": 10304,
                        "50.000000": 14528,
                        "60.000000": 14656,
                        "70.000000": 14656,
                        "80.000000": 14784,
                        "90.000000": 14912,
                        "95.000000": 15552,
                        "99.000000": 31872,
                        "99.500000": 37120,
                        "99.900000": 50432,
                        "99.950000": 65280,
                        "99.990000": 77312
                    }
                },
                "lat_ns": {
                    "min": 9618,
                    "max": 104076,
                    "mean": 15020.10831,
                    "stddev": 4377.112921,
                    "N": 917149
                },
                "bw_min": 522248,
                "bw_max": 526256,
                "bw_agg": 100.0,
                "bw_mean": 524297.5,
                "bw_dev": 1261.415673,
                "bw_samples": 14,
                "iops_min": 130562,
                "iops_max": 131564,
                "iops_mean": 131074.214286,
                "iops_stddev": 315.322101,
                "iops_samples": 14
            },
            "write": {
                "io_bytes": 0,
                "io_kbytes": 0,
                "bw_bytes": 0,
                "bw": 0,
                "iops": 0.0,
                "runtime": 0,
                "total_ios": 0,
                "short_ios": 0,
                "drop_ios": 0,
                "slat_ns": {
                    "min": 0,
                    "max": 0,
                    "mean": 0.0,
                    "stddev": 0.0,
                    "N": 0
                },
                "clat_ns": {
                    "min": 0,
                    "max": 0,
                    "mean": 0.0,
                    "stddev": 0.0,
                    "N": 0
                },
                "lat_ns": {
                    "min": 0,
                    "max": 0,
                    "mean": 0.0,
                    "stddev": 0.0,
                    "N": 0
                },
                "bw_min": 0,
                "bw_max": 0,
                "bw_agg": 0.0,
                "bw_mean": 0.0,
                "bw_dev": 0.0,
                "bw_samples": 0,
                "iops_min": 0,
                "iops_max": 0,
                "iops_mean": 0.0,
                "iops_stddev": 0.0,
                "iops_samples": 0
            },
            "trim": {
                "io_bytes": 0,
                "io_kbytes": 0,
                "bw_bytes": 0,
                "bw": 0,
                "iops": 0.0,
                "runtime": 0,
                "total_ios": 0,
                "short_ios": 0,
                "drop_ios": 0,
                "slat_ns": {
                    "min": 0,
                    "max": 0,
                    "mean": 0.0,
                    "stddev": 0.0,
                    "N": 0
                },
                "clat_ns": {
                    "min": 0,
                    "max": 0,
                    "mean": 0.0,
                    "stddev": 0.0,
                    "N": 0
                },
                "lat_ns": {
                    "min": 0,
                    "max": 0,
                    "mean": 0.0,
                    "stddev": 0.0,
                    "N": 0
                },
                "bw_min": 0,
                "bw_max": 0,
                "bw_agg": 0.0,
                "bw_mean": 0.0,
                "bw_dev": 0.0,
                "bw_samples": 0,
                "iops_min": 0,
                "iops_max": 0,
                "iops_mean": 0.0,
                "iops_stddev": 0.0,
                "iops_samples": 0
            },
            "sync": {
                "total_ios": 0,
                "lat_ns": {
                    "min": 0,
                    "max": 0,
                    "mean": 0.0,
                    "stddev": 0.0,
                    "N": 0
                }
            },
            "job_runtime": 7000,
            "usr_cpu": 10.914286,
            "sys_cpu": 89.071429,
            "ctx": 17,
            "majf": 0,
            "minf": 0,
            "iodepth_level": {
                "1": 0.0,
                "2": 100.0,
                "4": 0.0,
                "8": 0.0,
                "16": 0.0,
                "32": 0.0,
                ">=64": 0.0
            },
            "iodepth_submit": {
                "0": 0.0,
                "4": 100.0,
                "8": 0.0,
                "16": 0.0,
                "32": 0.0,
                "64": 0.0,
                ">=64": 0.0
            },
            "iodepth_complete": {
                "0": 0.0,
                "4": 100.0,
                "8": 0.0,
                "16": 0.0,
                "32": 0.0,
                "64": 0.0,
                ">=64": 0.0
            },
            "latency_ns": {
                "2": 0.0,
                "4": 0.0,
                "10": 0.0,
                "20": 0.0,
                "50": 0.0,
                "100": 0.0,
                "250": 0.0,
                "500": 0.0,
                "750": 0.01,
                "1000": 0.0
            },
            "latency_us": {
                "2": 0.01,
                "4": 0.01,
                "10": 0.643953,
                "20": 95.156507,
                "50": 4.090834,
                "100": 0.104999,
                "250": 0.01,
                "500": 0.0,
                "750": 0.0,
                "1000": 0.0
            },
            "latency_ms": {
                "2": 0.0,
                "4": 0.0,
                "10": 0.0,
                "20": 0.0,
                "50": 0.0,
                "100": 0.0,
                "250": 0.0,
                "500": 0.0,
                "750": 0.0,
                "1000": 0.0,
                "2000": 0.0,
                ">=2000": 0.0
            },
            "latency_depth": 2,
            "latency_target": 0,
            "latency_percentile": 100.0,