{
    "fio version": "fio-3.32-dirty",
    "timestamp": 1666733674,
    "timestamp_ms": 1666733674905,
    "time": "Tue Oct 25 23:34:34 2022",
    "jobs": [
        {
            "jobname": "io_uring-bdev_uring",
            "groupid": 0,
            "error": 0,
            "eta": 0,
            "elapsed": 11,
            "job options": {
                "name": "io_uring-bdev_uring",
                "rw": "randread",
                "size": "12G",
                "iodepth": "2",
                "bs": "4K",
                "direct": "1",
                "thread": "1",
                "time_based": "1",
                "runtime": "7",
                "ramp_time": "3",
                "norandommap": "1",
                "allow_file_create": "0",
                "ioengine": "spdk_bdev",
                "spdk_conf": "/tmp/spdk_bdev_uring_foo.conf",
                "filename": "Nvme0n1"
            },
            "read": {
                "io_bytes": 3672137728,
                "io_kbytes": 3586072,
                "bw_bytes": 524516173,
                "bw": 512222,
                "iops": 128055.563491,
                "runtime": 7001,
                "total_ios": 896517,
                "short_ios": 0,
                "drop_ios": 0,
                "slat_ns": {
                    "min": 100,
                    "max": 16821,
                    "mean": 151.655918,
                    "stddev": 54.676795,
                    "N": 896517
                },
                "clat_ns": {
                    "min": 9408,
                    "max": 102191,
                    "mean": 14971.500404,
                    "stddev": 3599.731107,
                    "N": 896517,
                    "percentile": {
                        "1.000000": 14016,
                        "5.000000": 14016,
                        "10.000000": 14144,
                        "20.000000": 14144,
                        "30.000000": 14144,
                        "40.000000": 14272,
                        "50.000000": 14272,
                        "60.000000": 14400,
                        "70.000000": 14400,
                        "80.000000": 14400,
                        "90.000000": 14528,
                        "95.000000": 15296,
                        "99.000000": 31616,
                        "99.500000": 39168,
                        "99.900000": 53504,
                        "99.950000": 67072,
                        "99.990000": 82432
                    }
                },
                "lat_ns": {
                    "min": 9578,
                    "max": 102372,
                    "mean": 15123.156323,
                    "stddev": 3601.418454,
                    "N": 896517
                },
                "bw_min": 511288,
                "bw_max": 513200,
                "bw_agg": 100.0,
                "bw_mean": 512352.071429,
                "bw_dev": 676.281287,
                "bw_samples": 14,
                "iops_min": 127820,
                "iops_max": 128300,
                "iops_mean": 128088.0,
                "iops_stddev": 169.357156,
                "iops_samples": 14
            },
            "write": {
                "io_bytes": 0,
                "io_kbytes": 0,
                "bw_bytes": 0,
                "bw": 0,
                "iops": 0.0,
                "runtime": 0,
                "total_ios": 0,
                "short_ios": 0,
                "drop_ios": 0,
                "slat_ns": {
                    "min": 0,
                    "max": 0,
                    "mean": 0.0,
                    "stddev": 0.0,
                    "N": 0
                },
                "clat_ns": {
                    "min": 0,
                    "max": 0,
                    "mean": 0.0,
                    "stddev": 0.0,
                    "N": 0
                },
                "lat_ns": {
                    "min": 0,
                    "max": 0,
                    "mean": 0.0,
                    "stddev": 0.0,
                    "N": 0
                },
                "bw_min": 0,
                "bw_max": 0,
                "bw_agg": 0.0,
                "bw_mean": 0.0,
                "bw_dev": 0.0,
                "bw_samples": 0,
                "iops_min": 0,
                "iops_max": 0,
                "iops_mean": 0.0,
                "iops_stddev": 0.0,
                "iops_samples": 0
            },
            "trim": {
                "io_bytes": 0,
                "io_kbytes": 0,
                "bw_bytes": 0,
                "bw": 0,
                "iops": 0.0,
                "runtime": 0,
                "total_ios": 0,
                "short_ios": 0,
                "drop_ios": 0,
                "slat_ns": {
                    "min": 0,
                    "max": 0,
                    "mean": 0.0,
                    "stddev": 0.0,
                    "N": 0
                },
                "clat_ns": {
                    "min": 0,
                    "max": 0,
                    "mean": 0.0,
                    "stddev": 0.0,
                    "N": 0
                },
                "lat_ns": {
                    "min": 0,
                    "max": 0,
                    "mean": 0.0,
                    "stddev": 0.0,
                    "N": 0
                },
                "bw_min": 0,
                "bw_max": 0,
                "bw_agg": 0.0,
                "bw_mean": 0.0,
                "bw_dev": 0.0,
                "bw_samples": 0,
                "iops_min": 0,
                "iops_max": 0,
                "iops_mean": 0.0,
                "iops_stddev": 0.0,
                "iops_samples": 0
            },
            "sync": {
                "total_ios": 0,
                "lat_ns": {
                    "min": 0,
                    "max": 0,
                    "mean": 0.0,
                    "stddev": 0.0,
                    "N": 0
                }
            },
            "job_runtime": 7000,
            "usr_cpu": 64.9,
            "sys_cpu": 35.071429,
            "ctx": 16,
            "majf": 0,
            "minf": 0,
            "iodepth_level": {
                "1": 49.996933,
                "2": 50.003067,
                "4": 0.0,
                "8": 0.0,
                "16": 0.0,
                "32": 0.0,
                ">=64": 0.0
            },
            "iodepth_submit": {
                "0": 0.0,
                "4": 100.0,
                "8": 0.0,
                "16": 0.0,
                "32": 0.0,
                "64": 0.0,
                ">=64": 0.0
            },
            "iodepth_complete": {
                "0": 0.0,
                "4": 100.0,
                "8": 0.0,
                "16": 0.0,
                "32": 0.0,
                "64": 0.0,
                ">=64": 0.0
            },
            "latency_ns": {
                "2": 0.0,
                "4": 0.0,
                "10": 0.0,
                "20": 0.0,
                "50": 0.0,
                "100": 0.0,
                "250": 0.0,
                "500": 0.0,
                "750": 0.0,
                "1000": 0.0
            },
            "latency_us": {
                "2": 0.0,
                "4": 0.0,
                "10": 0.01,
                "20": 95.756801,
                "50": 4.139018,
                "100": 0.10195,
                "250": 0.01,
                "500": 0.0,
                "750": 0.0,
                "1000": 0.0
            },
            "latency_ms": {
                "2": 0.0,
                "4": 0.0,
                "10": 0.0,
                "20": 0.0,
                "50": 0.0,
                "100": 0.0,
                "250": 0.0,
                "500": 0.0,
                "750": 0.0,
                "1000": 0.0,
                "2000": 0.0,
                ">=2000": 0.0
            },
            "latency_depth": 2,
            "latency_target": 0,
            "latency_percentile": 100.0,