{
    "fio version": "fio-3.32-dirty",
    "timestamp": 1666734319,
    "timestamp_ms": 1666734319976,
    "time": "Tue Oct 25 23:45:19 2022",
    "jobs": [
        {
            "jobname": "libaio-bdev_aio",
            "groupid": 0,
            "error": 0,
            "eta": 0,
            "elapsed": 11,
            "job options": {
                "name": "libaio-bdev_aio",
                "rw": "randread",
                "size": "12G",
                "iodepth": "4",
                "bs": "4K",
                "direct": "1",
                "thread": "1",
                "time_based": "1",
                "runtime": "7",
                "ramp_time": "3",
                "norandommap": "1",
                "allow_file_create": "0",
                "ioengine": "spdk_bdev",
                "spdk_conf": "/tmp/spdk_bdev_aio_foo.conf",
                "filename": "Nvme0n1"
            },
            "read": {
                "io_bytes": 6364598272,
                "io_kbytes": 6215428,
                "bw_bytes": 909098453,
                "bw": 887791,
                "iops": 221947.293244,
                "runtime": 7001,
                "total_ios": 1553853,
                "short_ios": 0,
                "drop_ios": 0,
                "slat_ns": {
                    "min": 1513,
                    "max": 25969,
                    "mean": 1631.607934,
                    "stddev": 243.107289,
                    "N": 1553854
                },
                "clat_ns": {
                    "min": 261,
                    "max": 131006,
                    "mean": 16099.061237,
                    "stddev": 5450.853875,
                    "N": 1553853,
                    "percentile": {
                        "1.000000": 13504,
                        "5.000000": 14400,
                        "10.000000": 14528,
                        "20.000000": 14528,
                        "30.000000": 14656,
                        "40.000000": 14656,
                        "50.000000": 14656,
                        "60.000000": 14784,
                        "70.000000": 14784,
                        "80.000000": 14912,
                        "90.000000": 16512,
                        "95.000000": 27008,
                        "99.000000": 36096,
                        "99.500000": 42752,
                        "99.900000": 79360,
                        "99.950000": 88576,
                        "99.990000": 103936
                    }
                },
                "lat_ns": {
                    "min": 9708,
                    "max": 132579,
                    "mean": 17730.669197,
                    "stddev": 5450.382413,
                    "N": 1553853
                },
                "bw_min": 886560,
                "bw_max": 889792,
                "bw_agg": 100.0,
                "bw_mean": 888029.857143,
                "bw_dev": 1001.853195,
                "bw_samples": 14,
                "iops_min": 221640,
                "iops_max": 222448,
                "iops_mean": 222007.428571,
                "iops_stddev": 250.424168,
                "iops_samples": 14
            },
            "write": {
                "io_bytes": 0,
                "io_kbytes": 0,
                "bw_bytes": 0,
                "bw": 0,
                "iops": 0.0,
                "runtime": 0,
                "total_ios": 0,
                "short_ios": 0,
                "drop_ios": 0,
                "slat_ns": {
                    "min": 0,
                    "max": 0,
                    "mean": 0.0,
                    "stddev": 0.0,
                    "N": 0
                },
                "clat_ns": {
                    "min": 0,
                    "max": 0,
                    "mean": 0.0,
                    "stddev": 0.0,
                    "N": 0
                },
                "lat_ns": {
                    "min": 0,
                    "max": 0,
                    "mean": 0.0,
                    "stddev": 0.0,
                    "N": 0
                },
                "bw_min": 0,
                "bw_max": 0,
                "bw_agg": 0.0,
                "bw_mean": 0.0,
                "bw_dev": 0.0,
                "bw_samples": 0,
                "iops_min": 0,
                "iops_max": 0,
                "iops_mean": 0.0,
                "iops_stddev": 0.0,
                "iops_samples": 0
            },
            "trim": {
                "io_bytes": 0,
                "io_kbytes": 0,
                "bw_bytes": 0,
                "bw": 0,
                "iops": 0.0,
                "runtime": 0,
                "total_ios": 0,
                "short_ios": 0,
                "drop_ios": 0,
                "slat_ns": {
                    "min": 0,
                    "max": 0,
                    "mean": 0.0,
                    "stddev": 0.0,
                    "N": 0
                },
                "clat_ns": {
                    "min": 0,
                    "max": 0,
                    "mean": 0.0,
                    "stddev": 0.0,
                    "N": 0
                },
                "lat_ns": {
                    "min": 0,
                    "max": 0,
                    "mean": 0.0,
                    "stddev": 0.0,
                    "N": 0
                },
                "bw_min": 0,
                "bw_max": 0,
                "bw_agg": 0.0,
                "bw_mean": 0.0,
                "bw_dev": 0.0,
                "bw_samples": 0,
                "iops_min": 0,
                "iops_max": 0,
                "iops_mean": 0.0,
                "iops_stddev": 0.0,
                "iops_samples": 0
            },
            "sync": {
                "total_ios": 0,
                "lat_ns": {
                    "min": 0,
                    "max": 0,
                    "mean": 0.0,
                    "stddev": 0.0,
                    "N": 0
                }
            },
            "job_runtime": 7000,
            "usr_cpu": 69.928571,
            "sys_cpu": 30.042857,
            "ctx": 4,
            "majf": 0,
            "minf": 0,
            "iodepth_level": {
                "1": 0.3723,
                "2": 0.969268,
                "4": 98.658432,
                "8": 0.0,
                "16": 0.0,
                "32": 0.0,
                ">=64": 0.0
            },
            "iodepth_submit": {
                "0": 0.0,
                "4": 100.0,
                "8": 0.0,
                "16": 0.0,
                "32": 0.0,
                "64": 0.0,
                ">=64": 0.0
            },
            "iodepth_complete": {
                "0": 0.0,
                "4": 100.0,
                "8": 0.0,
                "16": 0.0,
                "32": 0.0,
                "64": 0.0,
                ">=64": 0.0
            },
            "latency_ns": {
                "2": 0.0,
                "4": 0.0,
                "10": 0.0,
                "20": 0.0,
                "50": 0.0,
                "100": 0.0,
                "250": 0.0,
                "500": 0.01,
                "750": 0.0,
                "1000": 0.0
            },
            "latency_us": {
                "2": 0.0,
                "4": 0.0,
                "10": 0.058757,
                "20": 91.962818,
                "50": 7.797906,
                "100": 0.153618,
                "250": 0.024327,
                "500": 0.0,
                "750": 0.0,
                "1000": 0.0
            },
            "latency_ms": {
                "2": 0.0,
                "4": 0.0,
                "10": 0.0,
                "20": 0.0,
                "50": 0.0,
                "100": 0.0,
                "250": 0.0,
                "500": 0.0,
                "750": 0.0,
                "1000": 0.0,
                "2000": 0.0,
                ">=2000": 0.0
            },
            "latency_depth": 4,
            "latency_target": 0,