{
    "fio version": "fio-3.32-75-gc470",
    "timestamp": 1667183151,
    "timestamp_ms": 1667183151977,
    "time": "Sun Oct 30 21:25:51 2022",
    "jobs": [
        {
            "jobname": "libaio-bdev_aio",
            "groupid": 0,
            "error": 0,
            "eta": 0,
            "elapsed": 11,
            "job options": {
                "name": "libaio-bdev_aio",
                "rw": "randread",
                "size": "12G",
                "iodepth": "1",
                "bs": "512",
                "direct": "1",
                "thread": "1",
                "time_based": "1",
                "runtime": "7",
                "ramp_time": "3",
                "norandommap": "1",
                "allow_file_create": "0",
                "ioengine": "spdk_bdev",
                "spdk_conf": "/tmp/spdk_bdev_aio_foo.conf",
                "filename": "Nvme0n1",
                "cpus_allowed": "1"
            },
            "read": {
                "io_bytes": 367795200,
                "io_kbytes": 359175,
                "bw_bytes": 52534666,
                "bw": 51303,
                "iops": 102606.770461,
                "runtime": 7001,
                "total_ios": 718350,
                "short_ios": 0,
                "drop_ios": 0,
                "slat_ns": {
                    "min": 763,
                    "max": 13081,
                    "mean": 838.106605,
                    "stddev": 28.481605,
                    "N": 718350
                },
                "clat_ns": {
                    "min": 196,
                    "max": 23641,
                    "mean": 8753.905382,
                    "stddev": 139.678466,
                    "N": 718350,
                    "percentile": {
                        "1.000000": 8384,
                        "5.000000": 8512,
                        "10.000000": 8512,
                        "20.000000": 8640,
                        "30.000000": 8640,
                        "40.000000": 8768,
                        "50.000000": 8768,
                        "60.000000": 8768,
                        "70.000000": 8768,
                        "80.000000": 8896,
                        "90.000000": 8896,
                        "95.000000": 8896,
                        "99.000000": 9024,
                        "99.500000": 9152,
                        "99.900000": 9152,
                        "99.950000": 9408,
                        "99.990000": 9920
                    }
                },
                "lat_ns": {
                    "min": 9123,
                    "max": 24494,
                    "mean": 9592.011987,
                    "stddev": 140.31583,
                    "N": 718350
                },
                "bw_min": 51226,
                "bw_max": 51458,
                "bw_agg": 100.0,
                "bw_mean": 51327.857143,
                "bw_dev": 70.922338,
                "bw_samples": 14,
                "iops_min": 102452,
                "iops_max": 102916,
                "iops_mean": 102655.928571,
                "iops_stddev": 141.730766,
                "iops_samples": 14
            },
            "write": {
                "io_bytes": 0,
                "io_kbytes": 0,
                "bw_bytes": 0,
                "bw": 0,
                "iops": 0.0,
                "runtime": 0,
                "total_ios": 0,
                "short_ios": 0,
                "drop_ios": 0,
                "slat_ns": {
                    "min": 0,
                    "max": 0,
                    "mean": 0.0,
                    "stddev": 0.0,
                    "N": 0
                },
                "clat_ns": {
                    "min": 0,
                    "max": 0,
                    "mean": 0.0,
                    "stddev": 0.0,
                    "N": 0
                },
                "lat_ns": {
                    "min": 0,
                    "max": 0,
                    "mean": 0.0,
                    "stddev": 0.0,
                    "N": 0
                },
                "bw_min": 0,
                "bw_max": 0,
                "bw_agg": 0.0,
                "bw_mean": 0.0,
                "bw_dev": 0.0,
                "bw_samples": 0,
                "iops_min": 0,
                "iops_max": 0,
                "iops_mean": 0.0,
                "iops_stddev": 0.0,
                "iops_samples": 0
            },
            "trim": {
                "io_bytes": 0,
                "io_kbytes": 0,
                "bw_bytes": 0,
                "bw": 0,
                "iops": 0.0,
                "runtime": 0,
                "total_ios": 0,
                "short_ios": 0,
                "drop_ios": 0,
                "slat_ns": {
                    "min": 0,
                    "max": 0,
                    "mean": 0.0,
                    "stddev": 0.0,
                    "N": 0
                },
                "clat_ns": {
                    "min": 0,
                    "max": 0,
                    "mean": 0.0,
                    "stddev": 0.0,
                    "N": 0
                },
                "lat_ns": {
                    "min": 0,
                    "max": 0,
                    "mean": 0.0,
                    "stddev": 0.0,
                    "N": 0
                },
                "bw_min": 0,
                "bw_max": 0,
                "bw_agg": 0.0,
                "bw_mean": 0.0,
                "bw_dev": 0.0,
                "bw_samples": 0,
                "iops_min": 0,
                "iops_max": 0,
                "iops_mean": 0.0,
                "iops_stddev": 0.0,
                "iops_samples": 0
            },
            "sync": {
                "total_ios": 0,
                "lat_ns": {
                    "min": 0,
                    "max": 0,
                    "mean": 0.0,
                    "stddev": 0.0,
                    "N": 0
                }
            },
            "job_runtime": 7000,
            "usr_cpu": 93.014286,
            "sys_cpu": 6.957143,
            "ctx": 15,
            "majf": 0,
            "minf": 0,
            "iodepth_level": {
                "1": 100.0,
                "2": 0.0,
                "4": 0.0,
                "8": 0.0,
                "16": 0.0,
                "32": 0.0,
                ">=64": 0.0
            },
            "iodepth_submit": {
                "0": 0.0,
                "4": 100.0,
                "8": 0.0,
                "16": 0.0,
                "32": 0.0,
                "64": 0.0,
                ">=64": 0.0
            },
            "iodepth_complete": {
                "0": 0.0,
                "4": 100.0,
                "8": 0.0,
                "16": 0.0,
                "32": 0.0,
                "64": 0.0,
                ">=64": 0.0
            },
            "latency_ns": {
                "2": 0.0,
                "4": 0.0,
                "10": 0.0,
                "20": 0.0,
                "50": 0.0,
                "100": 0.0,
                "250": 0.01,
                "500": 0.0,
                "750": 0.0,
                "1000": 0.0
            },
            "latency_us": {
                "2": 0.0,
                "4": 0.0,
                "10": 99.990534,
                "20": 0.01,
                "50": 0.01,
                "100": 0.0,
                "250": 0.0,
                "500": 0.0,
                "750": 0.0,
                "1000": 0.0
            },
            "latency_ms": {
                "2": 0.0,
                "4": 0.0,
                "10": 0.0,
                "20": 0.0,
                "50": 0.0,
                "100": 0.0,
                "250": 0.0,
                "500": 0.0,
                "750": 0.0,
                "1000": 0.0,
                "2000": 0.0,
                ">=2000": 0.0
            },
            "latency_depth": 1,
            "latency_target": 0,
            "latency_percentile": 100.0,