{
    "fio version": "fio-3.32-75-gc470",
    "timestamp": 1667166478,
    "timestamp_ms": 1667166478510,
    "time": "Sun Oct 30 16:47:58 2022",
    "jobs": [
        {
            "jobname": "io_uring-bdev_uring",
            "groupid": 0,
            "error": 0,
            "eta": 0,
            "elapsed": 11,
            "job options": {
                "name": "io_uring-bdev_uring",
                "rw": "randread",
                "size": "12G",
                "iodepth": "128",
                "bs": "512",
                "direct": "1",
                "thread": "1",
                "time_based": "1",
                "runtime": "7",
                "ramp_time": "3",
                "norandommap": "1",
                "allow_file_create": "0",
                "ioengine": "spdk_bdev",
                "spdk_conf": "/tmp/spdk_bdev_uring_foo.conf",
                "filename": "Nvme0n1",
                "cpus_allowed": "1"
            },
            "read": {
                "io_bytes": 2986276352,
                "io_kbytes": 2916285,
                "bw_bytes": 426549971,
                "bw": 416552,
                "iops": 833087.55892,
                "runtime": 7001,
                "total_ios": 5832446,
                "short_ios": 0,
                "drop_ios": 0,
                "slat_ns": {
                    "min": 59,
                    "max": 12050,
                    "mean": 130.212899,
                    "stddev": 351.860995,
                    "N": 5832446
                },
                "clat_ns": {
                    "min": 39833,
                    "max": 243525,
                    "mean": 120030.011377,
                    "stddev": 50115.777795,
                    "N": 5832474,
                    "percentile": {
                        "1.000000": 64768,
                        "5.000000": 70144,
                        "10.000000": 73216,
                        "20.000000": 78336,
                        "30.000000": 81408,
                        "40.000000": 84480,
                        "50.000000": 89600,
                        "60.000000": 96768,
                        "70.000000": 175104,
                        "80.000000": 183296,
                        "90.000000": 189440,
                        "95.000000": 195584,
                        "99.000000": 205824,
                        "99.500000": 207872,
                        "99.900000": 216064,
                        "99.950000": 218112,
                        "99.990000": 226304
                    }
                },
                "lat_ns": {
                    "min": 39907,
                    "max": 243596,
                    "mean": 120160.224,
                    "stddev": 50080.158318,
                    "N": 5832474
                },
                "bw_min": 416488,
                "bw_max": 417036,
                "bw_agg": 100.0,
                "bw_mean": 416738.642857,
                "bw_dev": 183.346082,
                "bw_samples": 14,
                "iops_min": 832976,
                "iops_max": 834072,
                "iops_mean": 833477.285714,
                "iops_stddev": 366.692164,
                "iops_samples": 14
            },
            "write": {
                "io_bytes": 0,
                "io_kbytes": 0,
                "bw_bytes": 0,
                "bw": 0,
                "iops": 0.0,
                "runtime": 0,
                "total_ios": 0,
                "short_ios": 0,
                "drop_ios": 0,
                "slat_ns": {
                    "min": 0,
                    "max": 0,
                    "mean": 0.0,
                    "stddev": 0.0,
                    "N": 0
                },
                "clat_ns": {
                    "min": 0,
                    "max": 0,
                    "mean": 0.0,
                    "stddev": 0.0,
                    "N": 0
                },
                "lat_ns": {
                    "min": 0,
                    "max": 0,
                    "mean": 0.0,
                    "stddev": 0.0,
                    "N": 0
                },
                "bw_min": 0,
                "bw_max": 0,
                "bw_agg": 0.0,
                "bw_mean": 0.0,
                "bw_dev": 0.0,
                "bw_samples": 0,
                "iops_min": 0,
                "iops_max": 0,
                "iops_mean": 0.0,
                "iops_stddev": 0.0,
                "iops_samples": 0
            },
            "trim": {
                "io_bytes": 0,
                "io_kbytes": 0,
                "bw_bytes": 0,
                "bw": 0,
                "iops": 0.0,
                "runtime": 0,
                "total_ios": 0,
                "short_ios": 0,
                "drop_ios": 0,
                "slat_ns": {
                    "min": 0,
                    "max": 0,
                    "mean": 0.0,
                    "stddev": 0.0,
                    "N": 0
                },
                "clat_ns": {
                    "min": 0,
                    "max": 0,
                    "mean": 0.0,
                    "stddev": 0.0,
                    "N": 0
                },
                "lat_ns": {
                    "min": 0,
                    "max": 0,
                    "mean": 0.0,
                    "stddev": 0.0,
                    "N": 0
                },
                "bw_min": 0,
                "bw_max": 0,
                "bw_agg": 0.0,
                "bw_mean": 0.0,
                "bw_dev": 0.0,
                "bw_samples": 0,
                "iops_min": 0,
                "iops_max": 0,
                "iops_mean": 0.0,
                "iops_stddev": 0.0,
                "iops_samples": 0
            },
            "sync": {
                "total_ios": 0,
                "lat_ns": {
                    "min": 0,
                    "max": 0,
                    "mean": 0.0,
                    "stddev": 0.0,
                    "N": 0
                }
            },
            "job_runtime": 7000,
            "usr_cpu": 20.614286,
            "sys_cpu": 79.357143,
            "ctx": 14,
            "majf": 0,
            "minf": 0,
            "iodepth_level": {
                "1": 0.1,
                "2": 0.1,
                "4": 0.1,
                "8": 0.1,
                "16": 0.728768,
                "32": 29.572087,
                ">=64": 69.698031
            },
            "iodepth_submit": {
                "0": 0.0,
                "4": 100.0,
                "8": 0.0,
                "16": 0.0,
                "32": 0.0,
                "64": 0.0,
                ">=64": 0.0
            },
            "iodepth_complete": {
                "0": 0.0,
                "4": 98.939082,
                "8": 0.0,
                "16": 0.0,
                "32": 0.0,
                "64": 0.1,
                ">=64": 1.060901
            },
            "latency_ns": {
                "2": 0.0,
                "4": 0.0,
                "10": 0.0,
                "20": 0.0,
                "50": 0.0,
                "100": 0.0,
                "250": 0.0,
                "500": 0.0,
                "750": 0.0,
                "1000": 0.0
            },
            "latency_us": {
                "2": 0.0,
                "4": 0.0,
                "10": 0.0,
                "20": 0.0,
                "50": 0.01,
                "100": 61.6989,
                "250": 38.301135,
                "500": 0.0,
                "750": 0.0,
                "1000": 0.0
            },
            "latency_ms": {
                "2": 0.0,
                "4": 0.0,
                "10": 0.0,
                "20": 0.0,
                "50": 0.0,
                "100": 0.0,
                "250": 0.0,
                "500": 0.0,
                "750": 0.0,
                "1000": 0.0,
                "2000": 0.0,
                ">=2000": 0.0
            },
            "latency_depth": 128,