{
    "fio version": "fio-3.32-75-gc470",
    "timestamp": 1667166351,
    "timestamp_ms": 1667166351070,
    "time": "Sun Oct 30 16:45:51 2022",
    "jobs": [
        {
            "jobname": "libaio-reference",
            "groupid": 0,
            "error": 0,
            "eta": 0,
            "elapsed": 11,
            "job options": {
                "name": "libaio-reference",
                "rw": "randread",
                "size": "12G",
                "iodepth": "1",
                "bs": "512",
                "direct": "1",
                "thread": "1",
                "time_based": "1",
                "runtime": "7",
                "ramp_time": "3",
                "norandommap": "1",
                "allow_file_create": "0",
                "ioengine": "libaio",
                "filename": "/dev/nvme0n1",
                "cpus_allowed": "1"
            },
            "read": {
                "io_bytes": 335499264,
                "io_kbytes": 327636,
                "bw_bytes": 47921620,
                "bw": 46798,
                "iops": 93596.914726,
                "runtime": 7001,
                "total_ios": 655272,
                "short_ios": 0,
                "drop_ios": 0,
                "slat_ns": {
                    "min": 719,
                    "max": 2988,
                    "mean": 798.619927,
                    "stddev": 28.917462,
                    "N": 655272
                },
                "clat_ns": {
                    "min": 8082,
                    "max": 14315,
                    "mean": 9693.717092,
                    "stddev": 148.133247,
                    "N": 655272,
                    "percentile": {
                        "1.000000": 9408,
                        "5.000000": 9408,
                        "10.000000": 9536,
                        "20.000000": 9536,
                        "30.000000": 9664,
                        "40.000000": 9664,
                        "50.000000": 9664,
                        "60.000000": 9792,
                        "70.000000": 9792,
                        "80.000000": 9792,
                        "90.000000": 9920,
                        "95.000000": 9920,
                        "99.000000": 10048,
                        "99.500000": 10048,
                        "99.900000": 10432,
                        "99.950000": 10688,
                        "99.990000": 11328
                    }
                },
                "lat_ns": {
                    "min": 10011,
                    "max": 15108,
                    "mean": 10492.337019,
                    "stddev": 148.601218,
                    "N": 655272
                },
                "bw_min": 46729,
                "bw_max": 46917,
                "bw_agg": 100.0,
                "bw_mean": 46826.923077,
                "bw_dev": 48.236331,
                "bw_samples": 13,
                "iops_min": 93458,
                "iops_max": 93834,
                "iops_mean": 93654.076923,
                "iops_stddev": 96.658731,
                "iops_samples": 13
            },
            "write": {
                "io_bytes": 0,
                "io_kbytes": 0,
                "bw_bytes": 0,
                "bw": 0,
                "iops": 0.0,
                "runtime": 0,
                "total_ios": 0,
                "short_ios": 0,
                "drop_ios": 0,
                "slat_ns": {
                    "min": 0,
                    "max": 0,
                    "mean": 0.0,
                    "stddev": 0.0,
                    "N": 0
                },
                "clat_ns": {
                    "min": 0,
                    "max": 0,
                    "mean": 0.0,
                    "stddev": 0.0,
                    "N": 0
                },
                "lat_ns": {
                    "min": 0,
                    "max": 0,
                    "mean": 0.0,
                    "stddev": 0.0,
                    "N": 0
                },
                "bw_min": 0,
                "bw_max": 0,
                "bw_agg": 0.0,
                "bw_mean": 0.0,
                "bw_dev": 0.0,
                "bw_samples": 0,
                "iops_min": 0,
                "iops_max": 0,
                "iops_mean": 0.0,
                "iops_stddev": 0.0,
                "iops_samples": 0
            },
            "trim": {
                "io_bytes": 0,
                "io_kbytes": 0,
                "bw_bytes": 0,
                "bw": 0,
                "iops": 0.0,
                "runtime": 0,
                "total_ios": 0,
                "short_ios": 0,
                "drop_ios": 0,
                "slat_ns": {
                    "min": 0,
                    "max": 0,
                    "mean": 0.0,
                    "stddev": 0.0,
                    "N": 0
                },
                "clat_ns": {
                    "min": 0,
                    "max": 0,
                    "mean": 0.0,
                    "stddev": 0.0,
                    "N": 0
                },
                "lat_ns": {
                    "min": 0,
                    "max": 0,
                    "mean": 0.0,
                    "stddev": 0.0,
                    "N": 0
                },
                "bw_min": 0,
                "bw_max": 0,
                "bw_agg": 0.0,
                "bw_mean": 0.0,
                "bw_dev": 0.0,
                "bw_samples": 0,
                "iops_min": 0,
                "iops_max": 0,
                "iops_mean": 0.0,
                "iops_stddev": 0.0,
                "iops_samples": 0
            },
            "sync": {
                "total_ios": 0,
                "lat_ns": {
                    "min": 0,
                    "max": 0,
                    "mean": 0.0,
                    "stddev": 0.0,
                    "N": 0
                }
            },
            "job_runtime": 7000,
            "usr_cpu": 5.685714,
            "sys_cpu": 15.042857,
            "ctx": 655274,
            "majf": 0,
            "minf": 0,
            "iodepth_level": {
                "1": 100.0,
                "2": 0.0,
                "4": 0.0,
                "8": 0.0,
                "16": 0.0,
                "32": 0.0,
                ">=64": 0.0
            },
            "iodepth_submit": {
                "0": 0.0,
                "4": 100.0,
                "8": 0.0,
                "16": 0.0,
                "32": 0.0,
                "64": 0.0,
                ">=64": 0.0
            },
            "iodepth_complete": {
                "0": 0.0,
                "4": 100.0,
                "8": 0.0,
                "16": 0.0,
                "32": 0.0,
                "64": 0.0,
                ">=64": 0.0
            },
            "latency_ns": {
                "2": 0.0,
                "4": 0.0,
                "10": 0.0,
                "20": 0.0,
                "50": 0.0,
                "100": 0.0,
                "250": 0.0,
                "500": 0.0,
                "750": 0.0,
                "1000": 0.0
            },
            "latency_us": {
                "2": 0.0,
                "4": 0.0,
                "10": 98.708017,
                "20": 1.291983,
                "50": 0.0,
                "100": 0.0,
                "250": 0.0,
                "500": 0.0,
                "750": 0.0,
                "1000": 0.0
            },
            "latency_ms": {
                "2": 0.0,
                "4": 0.0,
                "10": 0.0,
                "20": 0.0,
                "50": 0.0,
                "100": 0.0,
                "250": 0.0,
                "500": 0.0,
                "750": 0.0,
                "1000": 0.0,
                "2000": 0.0,
                ">=2000": 0.0
            },
            "latency_depth": 1,
            "latency_target": 0,
            "latency_percentile": 100.0,
            "latency_window": 0
        }
    ],