{
    "fio version": "fio-3.32-75-gc470",
    "timestamp": 1667166550,
    "timestamp_ms": 1667166550303,
    "time": "Sun Oct 30 16:49:10 2022",
    "jobs": [
        {
            "jobname": "libaio-bdev_xnvme",
            "groupid": 0,
            "error": 0,
            "eta": 0,
            "elapsed": 11,
            "job options": {
                "name": "libaio-bdev_xnvme",
                "rw": "randread",
                "size": "12G",
                "iodepth": "128",
                "bs": "512",
                "direct": "1",
                "thread": "1",
                "time_based": "1",
                "runtime": "7",
                "ramp_time": "3",
                "norandommap": "1",
                "allow_file_create": "0",
                "ioengine": "spdk_bdev",
                "spdk_conf": "/tmp/spdk_bdev_xnvme_libaio.conf",
                "filename": "Nvme0n1",
                "cpus_allowed": "1"
            },
            "read": {
                "io_bytes": 2151455744,
                "io_kbytes": 2101031,
                "bw_bytes": 307306919,
                "bw": 300104,
                "iops": 600197.114698,
                "runtime": 7001,
                "total_ios": 4201980,
                "short_ios": 0,
                "drop_ios": 0,
                "slat_ns": {
                    "min": 725,
                    "max": 11977,
                    "mean": 1393.796181,
                    "stddev": 471.811845,
                    "N": 4201981
                },
                "clat_ns": {
                    "min": 8775,
                    "max": 231842,
                    "mean": 111928.211764,
                    "stddev": 57083.713949,
                    "N": 4202062,
                    "percentile": {
                        "1.000000": 15680,
                        "5.000000": 23424,
                        "10.000000": 33536,
                        "20.000000": 52992,
                        "30.000000": 72192,
                        "40.000000": 91648,
                        "50.000000": 112128,
                        "60.000000": 132096,
                        "70.000000": 150528,
                        "80.000000": 171008,
                        "90.000000": 189440,
                        "95.000000": 197632,
                        "99.000000": 216064,
                        "99.500000": 216064,
                        "99.900000": 218112,
                        "99.950000": 218112,
                        "99.990000": 220160
                    }
                },
                "lat_ns": {
                    "min": 11719,
                    "max": 233859,
                    "mean": 113322.006538,
                    "stddev": 57039.063986,
                    "N": 4202062
                },
                "bw_min": 300082,
                "bw_max": 300498,
                "bw_agg": 100.0,
                "bw_mean": 300246.785714,
                "bw_dev": 128.866764,
                "bw_samples": 14,
                "iops_min": 600164,
                "iops_max": 600997,
                "iops_mean": 600493.785714,
                "iops_stddev": 258.027184,
                "iops_samples": 14
            },
            "write": {
                "io_bytes": 0,
                "io_kbytes": 0,
                "bw_bytes": 0,
                "bw": 0,
                "iops": 0.0,
                "runtime": 0,
                "total_ios": 0,
                "short_ios": 0,
                "drop_ios": 0,
                "slat_ns": {
                    "min": 0,
                    "max": 0,
                    "mean": 0.0,
                    "stddev": 0.0,
                    "N": 0
                },
                "clat_ns": {
                    "min": 0,
                    "max": 0,
                    "mean": 0.0,
                    "stddev": 0.0,
                    "N": 0
                },
                "lat_ns": {
                    "min": 0,
                    "max": 0,
                    "mean": 0.0,
                    "stddev": 0.0,
                    "N": 0
                },
                "bw_min": 0,
                "bw_max": 0,
                "bw_agg": 0.0,
                "bw_mean": 0.0,
                "bw_dev": 0.0,
                "bw_samples": 0,
                "iops_min": 0,
                "iops_max": 0,
                "iops_mean": 0.0,
                "iops_stddev": 0.0,
                "iops_samples": 0
            },
            "trim": {
                "io_bytes": 0,
                "io_kbytes": 0,
                "bw_bytes": 0,
                "bw": 0,
                "iops": 0.0,
                "runtime": 0,
                "total_ios": 0,
                "short_ios": 0,
                "drop_ios": 0,
                "slat_ns": {
                    "min": 0,
                    "max": 0,
                    "mean": 0.0,
                    "stddev": 0.0,
                    "N": 0
                },
                "clat_ns": {
                    "min": 0,
                    "max": 0,
                    "mean": 0.0,
                    "stddev": 0.0,
                    "N": 0
                },
                "lat_ns": {
                    "min": 0,
                    "max": 0,
                    "mean": 0.0,
                    "stddev": 0.0,
                    "N": 0
                },
                "bw_min": 0,
                "bw_max": 0,
                "bw_agg": 0.0,
                "bw_mean": 0.0,
                "bw_dev": 0.0,
                "bw_samples": 0,
                "iops_min": 0,
                "iops_max": 0,
                "iops_mean": 0.0,
                "iops_stddev": 0.0,
                "iops_samples": 0
            },
            "sync": {
                "total_ios": 0,
                "lat_ns": {
                    "min": 0,
                    "max": 0,
                    "mean": 0.0,
                    "stddev": 0.0,
                    "N": 0
                }
            },
            "job_runtime": 7000,
            "usr_cpu": 31.414286,
            "sys_cpu": 68.557143,
            "ctx": 11,
            "majf": 0,
            "minf": 0,
            "iodepth_level": {
                "1": 0.0,
                "2": 0.1,
                "4": 0.932037,
                "8": 6.549436,
                "16": 13.10011,
                "32": 26.199649,
                ">=64": 53.218744
            },
            "iodepth_submit": {
                "0": 0.0,
                "4": 100.0,
                "8": 0.0,
                "16": 0.0,
                "32": 0.0,
                "64": 0.0,
                ">=64": 0.0
            },
            "iodepth_complete": {
                "0": 0.0,
                "4": 99.187869,
                "8": 0.0,
                "16": 0.0,
                "32": 0.0,
                "64": 0.1,
                ">=64": 0.812107
            },
            "latency_ns": {
                "2": 0.0,
                "4": 0.0,
                "10": 0.0,
                "20": 0.0,
                "50": 0.0,
                "100": 0.0,
                "250": 0.0,
                "500": 0.0,
                "750": 0.0,
                "1000": 0.0
            },
            "latency_us": {
                "2": 0.0,
                "4": 0.0,
                "10": 0.01,
                "20": 3.237831,
                "50": 15.314637,
                "100": 25.530083,
                "250": 55.919329,
                "500": 0.0,
                "750": 0.0,
                "1000": 0.0
            },
            "latency_ms": {
                "2": 0.0,
                "4": 0.0,
                "10": 0.0,
                "20": 0.0,
                "50": 0.0,
                "100": 0.0,
                "250": 0.0,
                "500": 0.0,
                "750": 0.0,
                "1000": 0.0,
                "2000": 0.0,
                ">=2000": 0.0
            },