{
    "fio version": "fio-3.32-dirty",
    "timestamp": 1666794234,
    "timestamp_ms": 1666794234645,
    "time": "Wed Oct 26 16:23:54 2022",
    "jobs": [
        {
            "jobname": "libaio-bdev_aio",
            "groupid": 0,
            "error": 0,
            "eta": 0,
            "elapsed": 11,
            "job options": {
                "name": "libaio-bdev_aio",
                "rw": "randread",
                "size": "12G",
                "iodepth": "1",
                "bs": "512",
                "direct": "1",
                "thread": "1",
                "time_based": "1",
                "runtime": "7",
                "ramp_time": "3",
                "norandommap": "1",
                "allow_file_create": "0",
                "ioengine": "spdk_bdev",
                "spdk_conf": "/tmp/spdk_bdev_aio_foo.conf",
                "filename": "Nvme0n1",
                "cpus_allowed": "1"
            },
            "read": {
                "io_bytes": 544987136,
                "io_kbytes": 532214,
                "bw_bytes": 77844184,
                "bw": 76019,
                "iops": 152039.280103,
                "runtime": 7001,
                "total_ios": 1064427,
                "short_ios": 0,
                "drop_ios": 0,
                "slat_ns": {
                    "min": 1713,
                    "max": 16531,
                    "mean": 1882.373627,
                    "stddev": 110.131219,
                    "N": 1064428
                },
                "clat_ns": {
                    "min": 230,
                    "max": 83606,
                    "mean": 4463.30308,
                    "stddev": 1084.003508,
                    "N": 1064427,
                    "percentile": {
                        "1.000000": 4048,
                        "5.000000": 4256,
                        "10.000000": 4256,
                        "20.000000": 4256,
                        "30.000000": 4256,
                        "40.000000": 4320,
                        "50.000000": 4320,
                        "60.000000": 4384,
                        "70.000000": 4384,
                        "80.000000": 4384,
                        "90.000000": 4448,
                        "95.000000": 4576,
                        "99.000000": 9664,
                        "99.500000": 10688,
                        "99.900000": 15296,
                        "99.950000": 15424,
                        "99.990000": 57600
                    }
                },
                "lat_ns": {
                    "min": 5601,
                    "max": 85450,
                    "mean": 6345.676753,
                    "stddev": 1090.745409,
                    "N": 1064427
                },
                "bw_min": 75922,
                "bw_max": 76174,
                "bw_agg": 100.0,
                "bw_mean": 76062.857143,
                "bw_dev": 83.189179,
                "bw_samples": 14,
                "iops_min": 151845,
                "iops_max": 152348,
                "iops_mean": 152125.785714,
                "iops_stddev": 166.248275,
                "iops_samples": 14
            },
            "write": {
                "io_bytes": 0,
                "io_kbytes": 0,
                "bw_bytes": 0,
                "bw": 0,
                "iops": 0.0,
                "runtime": 0,
                "total_ios": 0,
                "short_ios": 0,
                "drop_ios": 0,
                "slat_ns": {
                    "min": 0,
                    "max": 0,
                    "mean": 0.0,
                    "stddev": 0.0,
                    "N": 0
                },
                "clat_ns": {
                    "min": 0,
                    "max": 0,
                    "mean": 0.0,
                    "stddev": 0.0,
                    "N": 0
                },
                "lat_ns": {
                    "min": 0,
                    "max": 0,
                    "mean": 0.0,
                    "stddev": 0.0,
                    "N": 0
                },
                "bw_min": 0,
                "bw_max": 0,
                "bw_agg": 0.0,
                "bw_mean": 0.0,
                "bw_dev": 0.0,
                "bw_samples": 0,
                "iops_min": 0,
                "iops_max": 0,
                "iops_mean": 0.0,
                "iops_stddev": 0.0,
                "iops_samples": 0
            },
            "trim": {
                "io_bytes": 0,
                "io_kbytes": 0,
                "bw_bytes": 0,
                "bw": 0,
                "iops": 0.0,
                "runtime": 0,
                "total_ios": 0,
                "short_ios": 0,
                "drop_ios": 0,
                "slat_ns": {
                    "min": 0,
                    "max": 0,
                    "mean": 0.0,
                    "stddev": 0.0,
                    "N": 0
                },
                "clat_ns": {
                    "min": 0,
                    "max": 0,
                    "mean": 0.0,
                    "stddev": 0.0,
                    "N": 0
                },
                "lat_ns": {
                    "min": 0,
                    "max": 0,
                    "mean": 0.0,
                    "stddev": 0.0,
                    "N": 0
                },
                "bw_min": 0,
                "bw_max": 0,
                "bw_agg": 0.0,
                "bw_mean": 0.0,
                "bw_dev": 0.0,
                "bw_samples": 0,
                "iops_min": 0,
                "iops_max": 0,
                "iops_mean": 0.0,
                "iops_stddev": 0.0,
                "iops_samples": 0
            },
            "sync": {
                "total_ios": 0,
                "lat_ns": {
                    "min": 0,
                    "max": 0,
                    "mean": 0.0,
                    "stddev": 0.0,
                    "N": 0
                }
            },
            "job_runtime": 7000,
            "usr_cpu": 78.728571,
            "sys_cpu": 21.242857,
            "ctx": 13,
            "majf": 0,
            "minf": 0,
            "iodepth_level": {
                "1": 100.0,
                "2": 0.0,
                "4": 0.0,
                "8": 0.0,
                "16": 0.0,
                "32": 0.0,
                ">=64": 0.0
            },
            "iodepth_submit": {
                "0": 0.0,
                "4": 100.0,
                "8": 0.0,
                "16": 0.0,
                "32": 0.0,
                "64": 0.0,
                ">=64": 0.0
            },
            "iodepth_complete": {
                "0": 0.0,
                "4": 100.0,
                "8": 0.0,
                "16": 0.0,
                "32": 0.0,
                "64": 0.0,
                ">=64": 0.0
            },
            "latency_ns": {
                "2": 0.0,
                "4": 0.0,
                "10": 0.0,
                "20": 0.0,
                "50": 0.0,
                "100": 0.0,
                "250": 0.01,
                "500": 0.01,
                "750": 0.0,
                "1000": 0.0
            },
            "latency_us": {
                "2": 0.01,
                "4": 0.762664,
                "10": 98.418492,
                "20": 0.802404,
                "50": 0.01,
                "100": 0.012777,
                "250": 0.0,
                "500": 0.0,
                "750": 0.0,
                "1000": 0.0
            },
            "latency_ms": {
                "2": 0.0,
                "4": 0.0,
                "10": 0.0,
                "20": 0.0,
                "50": 0.0,
                "100": 0.0,
                "250": 0.0,
                "500": 0.0,
                "750": 0.0,
                "1000": 0.0,
                "2000": 0.0,
                ">=2000": 0.0
            },
            "latency_depth": 1,
            "latency_target": 0,