{
    "fio version": "fio-3.32-dirty",
    "timestamp": 1666794118,
    "timestamp_ms": 1666794118732,
    "time": "Wed Oct 26 16:21:58 2022",
    "jobs": [
        {
            "jobname": "io_uring_cmd-reference",
            "groupid": 0,
            "error": 0,
            "eta": 0,
            "elapsed": 11,
            "job options": {
                "name": "io_uring_cmd-reference",
                "rw": "randread",
                "size": "12G",
                "iodepth": "1",
                "bs": "512",
                "direct": "0",
                "thread": "1",
                "time_based": "1",
                "runtime": "7",
                "ramp_time": "3",
                "norandommap": "1",
                "allow_file_create": "0",
                "ioengine": "io_uring_cmd",
                "filename": "/dev/ng0n1",
                "cpus_allowed": "1"
            },
            "read": {
                "io_bytes": 399375872,
                "io_kbytes": 390015,
                "bw_bytes": 57045546,
                "bw": 55708,
                "iops": 111417.083274,
                "runtime": 7001,
                "total_ios": 780031,
                "short_ios": 0,
                "drop_ios": 0,
                "slat_ns": {
                    "min": 1332,
                    "max": 71774,
                    "mean": 1417.210062,
                    "stddev": 101.667484,
                    "N": 780031
                },
                "clat_ns": {
                    "min": 141,
                    "max": 78037,
                    "mean": 7239.376402,
                    "stddev": 1017.472722,
                    "N": 780031,
                    "percentile": {
                        "1.000000": 6688,
                        "5.000000": 6944,
                        "10.000000": 7008,
                        "20.000000": 7008,
                        "30.000000": 7072,
                        "40.000000": 7072,
                        "50.000000": 7136,
                        "60.000000": 7200,
                        "70.000000": 7200,
                        "80.000000": 7264,
                        "90.000000": 7328,
                        "95.000000": 7456,
                        "99.000000": 10816,
                        "99.500000": 13504,
                        "99.900000": 15808,
                        "99.950000": 15936,
                        "99.990000": 59136
                    }
                },
                "lat_ns": {
                    "min": 7244,
                    "max": 79459,
                    "mean": 8656.586464,
                    "stddev": 1022.969773,
                    "N": 780031
                },
                "bw_min": 55504,
                "bw_max": 55867,
                "bw_agg": 100.0,
                "bw_mean": 55718.357143,
                "bw_dev": 90.210529,
                "bw_samples": 14,
                "iops_min": 111008,
                "iops_max": 111734,
                "iops_mean": 111436.785714,
                "iops_stddev": 180.457614,
                "iops_samples": 14
            },
            "write": {
                "io_bytes": 0,
                "io_kbytes": 0,
                "bw_bytes": 0,
                "bw": 0,
                "iops": 0.0,
                "runtime": 0,
                "total_ios": 0,
                "short_ios": 0,
                "drop_ios": 0,
                "slat_ns": {
                    "min": 0,
                    "max": 0,
                    "mean": 0.0,
                    "stddev": 0.0,
                    "N": 0
                },
                "clat_ns": {
                    "min": 0,
                    "max": 0,
                    "mean": 0.0,
                    "stddev": 0.0,
                    "N": 0
                },
                "lat_ns": {
                    "min": 0,
                    "max": 0,
                    "mean": 0.0,
                    "stddev": 0.0,
                    "N": 0
                },
                "bw_min": 0,
                "bw_max": 0,
                "bw_agg": 0.0,
                "bw_mean": 0.0,
                "bw_dev": 0.0,
                "bw_samples": 0,
                "iops_min": 0,
                "iops_max": 0,
                "iops_mean": 0.0,
                "iops_stddev": 0.0,
                "iops_samples": 0
            },
            "trim": {
                "io_bytes": 0,
                "io_kbytes": 0,
                "bw_bytes": 0,
                "bw": 0,
                "iops": 0.0,
                "runtime": 0,
                "total_ios": 0,
                "short_ios": 0,
                "drop_ios": 0,
                "slat_ns": {
                    "min": 0,
                    "max": 0,
                    "mean": 0.0,
                    "stddev": 0.0,
                    "N": 0
                },
                "clat_ns": {
                    "min": 0,
                    "max": 0,
                    "mean": 0.0,
                    "stddev": 0.0,
                    "N": 0
                },
                "lat_ns": {
                    "min": 0,
                    "max": 0,
                    "mean": 0.0,
                    "stddev": 0.0,
                    "N": 0
                },
                "bw_min": 0,
                "bw_max": 0,
                "bw_agg": 0.0,
                "bw_mean": 0.0,
                "bw_dev": 0.0,
                "bw_samples": 0,
                "iops_min": 0,
                "iops_max": 0,
                "iops_mean": 0.0,
                "iops_stddev": 0.0,
                "iops_samples": 0
            },
            "sync": {
                "total_ios": 0,
                "lat_ns": {
                    "min": 0,
                    "max": 0,
                    "mean": 0.0,
                    "stddev": 0.0,
                    "N": 0
                }
            },
            "job_runtime": 7000,
            "usr_cpu": 8.314286,
            "sys_cpu": 34.085714,
            "ctx": 780030,
            "majf": 0,
            "minf": 1,
            "iodepth_level": {
                "1": 100.0,
                "2": 0.0,
                "4": 0.0,
                "8": 0.0,
                "16": 0.0,
                "32": 0.0,
                ">=64": 0.0
            },
            "iodepth_submit": {
                "0": 0.0,
                "4": 100.0,
                "8": 0.0,
                "16": 0.0,
                "32": 0.0,
                "64": 0.0,
                ">=64": 0.0
            },
            "iodepth_complete": {
                "0": 0.0,
                "4": 100.0,
                "8": 0.0,
                "16": 0.0,
                "32": 0.0,
                "64": 0.0,
                ">=64": 0.0
            },
            "latency_ns": {
                "2": 0.0,
                "4": 0.0,
                "10": 0.0,
                "20": 0.0,
                "50": 0.0,
                "100": 0.0,
                "250": 0.01,
                "500": 0.01,
                "750": 0.0,
                "1000": 0.01
            },
            "latency_us": {
                "2": 0.0,
                "4": 0.01,
                "10": 98.501726,
                "20": 1.479685,
                "50": 0.01,
                "100": 0.015769,
                "250": 0.0,
                "500": 0.0,
                "750": 0.0,
                "1000": 0.0
            },
            "latency_ms": {
                "2": 0.0,
                "4": 0.0,
                "10": 0.0,
                "20": 0.0,
                "50": 0.0,
                "100": 0.0,
                "250": 0.0,
                "500": 0.0,
                "750": 0.0,
                "1000": 0.0,
                "2000": 0.0,
                ">=2000": 0.0
            },
            "latency_depth": 1,
            "latency_target": 0,
            "latency_percentile": 100.0,