{
    "fio version": "fio-3.32-75-gc470",
    "timestamp": 1667167104,
    "timestamp_ms": 1667167104342,
    "time": "Sun Oct 30 16:58:24 2022",
    "jobs": [
        {
            "jobname": "io_uring-bdev_uring",
            "groupid": 0,
            "error": 0,
            "eta": 0,
            "elapsed": 11,
            "job options": {
                "name": "io_uring-bdev_uring",
                "rw": "randread",
                "size": "12G",
                "iodepth": "128",
                "bs": "512",
                "direct": "1",
                "thread": "1",
                "time_based": "1",
                "runtime": "7",
                "ramp_time": "3",
                "norandommap": "1",
                "allow_file_create": "0",
                "ioengine": "spdk_bdev",
                "spdk_conf": "/tmp/spdk_bdev_uring_foo.conf",
                "filename": "Nvme0n1",
                "cpus_allowed": "1"
            },
            "read": {
                "io_bytes": 2981885440,
                "io_kbytes": 2911997,
                "bw_bytes": 425922788,
                "bw": 415940,
                "iops": 831862.305385,
                "runtime": 7001,
                "total_ios": 5823868,
                "short_ios": 0,
                "drop_ios": 0,
                "slat_ns": {
                    "min": 61,
                    "max": 9932,
                    "mean": 115.334687,
                    "stddev": 301.508497,
                    "N": 5823868
                },
                "clat_ns": {
                    "min": 52689,
                    "max": 250944,
                    "mean": 121531.466951,
                    "stddev": 50573.318699,
                    "N": 5823902,
                    "percentile": {
                        "1.000000": 69120,
                        "5.000000": 75264,
                        "10.000000": 78336,
                        "20.000000": 82432,
                        "30.000000": 85504,
                        "40.000000": 88576,
                        "50.000000": 92672,
                        "60.000000": 97792,
                        "70.000000": 177152,
                        "80.000000": 189440,
                        "90.000000": 197632,
                        "95.000000": 203776,
                        "99.000000": 214016,
                        "99.500000": 218112,
                        "99.900000": 226304,
                        "99.950000": 228352,
                        "99.990000": 234496
                    }
                },
                "lat_ns": {
                    "min": 52759,
                    "max": 251021,
                    "mean": 121646.801394,
                    "stddev": 50548.824789,
                    "N": 5823902
                },
                "bw_min": 415891,
                "bw_max": 416488,
                "bw_agg": 100.0,
                "bw_mean": 416133.5,
                "bw_dev": 179.399747,
                "bw_samples": 14,
                "iops_min": 831782,
                "iops_max": 832977,
                "iops_mean": 832267.142857,
                "iops_stddev": 358.890996,
                "iops_samples": 14
            },
            "write": {
                "io_bytes": 0,
                "io_kbytes": 0,
                "bw_bytes": 0,
                "bw": 0,
                "iops": 0.0,
                "runtime": 0,
                "total_ios": 0,
                "short_ios": 0,
                "drop_ios": 0,
                "slat_ns": {
                    "min": 0,
                    "max": 0,
                    "mean": 0.0,
                    "stddev": 0.0,
                    "N": 0
                },
                "clat_ns": {
                    "min": 0,
                    "max": 0,
                    "mean": 0.0,
                    "stddev": 0.0,
                    "N": 0
                },
                "lat_ns": {
                    "min": 0,
                    "max": 0,
                    "mean": 0.0,
                    "stddev": 0.0,
                    "N": 0
                },
                "bw_min": 0,
                "bw_max": 0,
                "bw_agg": 0.0,
                "bw_mean": 0.0,
                "bw_dev": 0.0,
                "bw_samples": 0,
                "iops_min": 0,
                "iops_max": 0,
                "iops_mean": 0.0,
                "iops_stddev": 0.0,
                "iops_samples": 0
            },
            "trim": {
                "io_bytes": 0,
                "io_kbytes": 0,
                "bw_bytes": 0,
                "bw": 0,
                "iops": 0.0,
                "runtime": 0,
                "total_ios": 0,
                "short_ios": 0,
                "drop_ios": 0,
                "slat_ns": {
                    "min": 0,
                    "max": 0,
                    "mean": 0.0,
                    "stddev": 0.0,
                    "N": 0
                },
                "clat_ns": {
                    "min": 0,
                    "max": 0,
                    "mean": 0.0,
                    "stddev": 0.0,
                    "N": 0
                },
                "lat_ns": {
                    "min": 0,
                    "max": 0,
                    "mean": 0.0,
                    "stddev": 0.0,
                    "N": 0
                },
                "bw_min": 0,
                "bw_max": 0,
                "bw_agg": 0.0,
                "bw_mean": 0.0,
                "bw_dev": 0.0,
                "bw_samples": 0,
                "iops_min": 0,
                "iops_max": 0,
                "iops_mean": 0.0,
                "iops_stddev": 0.0,
                "iops_samples": 0
            },
            "sync": {
                "total_ios": 0,
                "lat_ns": {
                    "min": 0,
                    "max": 0,
                    "mean": 0.0,
                    "stddev": 0.0,
                    "N": 0
                }
            },
            "job_runtime": 7000,
            "usr_cpu": 21.985714,
            "sys_cpu": 77.985714,
            "ctx": 11,
            "majf": 0,
            "minf": 0,
            "iodepth_level": {
                "1": 0.1,
                "2": 0.1,
                "4": 0.1,
                "8": 0.1,
                "16": 1.888247,
                "32": 30.689947,
                ">=64": 67.417823
            },
            "iodepth_submit": {
                "0": 0.0,
                "4": 100.0,
                "8": 0.0,
                "16": 0.0,
                "32": 0.0,
                "64": 0.0,
                ">=64": 0.0
            },
            "iodepth_complete": {
                "0": 0.0,
                "4": 98.973433,
                "8": 0.0,
                "16": 0.0,
                "32": 0.1,
                "64": 0.0,
                ">=64": 1.02655
            },
            "latency_ns": {
                "2": 0.0,
                "4": 0.0,
                "10": 0.0,
                "20": 0.0,
                "50": 0.0,
                "100": 0.0,
                "250": 0.0,
                "500": 0.0,
                "750": 0.0,
                "1000": 0.0
            },
            "latency_us": {
                "2": 0.0,
                "4": 0.0,
                "10": 0.0,
                "20": 0.0,
                "50": 0.0,
                "100": 62.968924,
                "250": 37.031523,
                "500": 0.01,
                "750": 0.0,
                "1000": 0.0
            },
            "latency_ms": {
                "2": 0.0,
                "4": 0.0,
                "10": 0.0,
                "20": 0.0,
                "50": 0.0,
                "100": 0.0,
                "250": 0.0,
                "500": 0.0,
                "750": 0.0,
                "1000": 0.0,
                "2000": 0.0,
                ">=2000": 0.0
            },
            "latency_depth": 128,