{
    "fio version": "fio-3.32-75-gc470",
    "timestamp": 1667167161,
    "timestamp_ms": 1667167161239,
    "time": "Sun Oct 30 16:59:21 2022",
    "jobs": [
        {
            "jobname": "libaio-bdev_aio",
            "groupid": 0,
            "error": 0,
            "eta": 0,
            "elapsed": 11,
            "job options": {
                "name": "libaio-bdev_aio",
                "rw": "randread",
                "size": "12G",
                "iodepth": "128",
                "bs": "512",
                "direct": "1",
                "thread": "1",
                "time_based": "1",
                "runtime": "7",
                "ramp_time": "3",
                "norandommap": "1",
                "allow_file_create": "0",
                "ioengine": "spdk_bdev",
                "spdk_conf": "/tmp/spdk_bdev_aio_foo.conf",
                "filename": "Nvme0n1",
                "cpus_allowed": "1"
            },
            "read": {
                "io_bytes": 2130361856,
                "io_kbytes": 2080431,
                "bw_bytes": 304293937,
                "bw": 297162,
                "iops": 594316.669047,
                "runtime": 7001,
                "total_ios": 4160811,
                "short_ios": 0,
                "drop_ios": 0,
                "slat_ns": {
                    "min": 724,
                    "max": 12194,
                    "mean": 1416.04284,
                    "stddev": 477.16202,
                    "N": 4160812
                },
                "clat_ns": {
                    "min": 7191,
                    "max": 225691,
                    "mean": 112115.318162,
                    "stddev": 57778.755791,
                    "N": 4160863,
                    "percentile": {
                        "1.000000": 14656,
                        "5.000000": 22400,
                        "10.000000": 32384,
                        "20.000000": 52480,
                        "30.000000": 72192,
                        "40.000000": 91648,
                        "50.000000": 112128,
                        "60.000000": 132096,
                        "70.000000": 150528,
                        "80.000000": 171008,
                        "90.000000": 191488,
                        "95.000000": 199680,
                        "99.000000": 216064,
                        "99.500000": 218112,
                        "99.900000": 218112,
                        "99.950000": 220160,
                        "99.990000": 220160
                    }
                },
                "lat_ns": {
                    "min": 10792,
                    "max": 227651,
                    "mean": 113531.361031,
                    "stddev": 57733.685985,
                    "N": 4160863
                },
                "bw_min": 297183,
                "bw_max": 297414,
                "bw_agg": 100.0,
                "bw_mean": 297303.571429,
                "bw_dev": 87.278259,
                "bw_samples": 14,
                "iops_min": 594366,
                "iops_max": 594828,
                "iops_mean": 594607.285714,
                "iops_stddev": 174.594664,
                "iops_samples": 14
            },
            "write": {
                "io_bytes": 0,
                "io_kbytes": 0,
                "bw_bytes": 0,
                "bw": 0,
                "iops": 0.0,
                "runtime": 0,
                "total_ios": 0,
                "short_ios": 0,
                "drop_ios": 0,
                "slat_ns": {
                    "min": 0,
                    "max": 0,
                    "mean": 0.0,
                    "stddev": 0.0,
                    "N": 0
                },
                "clat_ns": {
                    "min": 0,
                    "max": 0,
                    "mean": 0.0,
                    "stddev": 0.0,
                    "N": 0
                },
                "lat_ns": {
                    "min": 0,
                    "max": 0,
                    "mean": 0.0,
                    "stddev": 0.0,
                    "N": 0
                },
                "bw_min": 0,
                "bw_max": 0,
                "bw_agg": 0.0,
                "bw_mean": 0.0,
                "bw_dev": 0.0,
                "bw_samples": 0,
                "iops_min": 0,
                "iops_max": 0,
                "iops_mean": 0.0,
                "iops_stddev": 0.0,
                "iops_samples": 0
            },
            "trim": {
                "io_bytes": 0,
                "io_kbytes": 0,
                "bw_bytes": 0,
                "bw": 0,
                "iops": 0.0,
                "runtime": 0,
                "total_ios": 0,
                "short_ios": 0,
                "drop_ios": 0,
                "slat_ns": {
                    "min": 0,
                    "max": 0,
                    "mean": 0.0,
                    "stddev": 0.0,
                    "N": 0
                },
                "clat_ns": {
                    "min": 0,
                    "max": 0,
                    "mean": 0.0,
                    "stddev": 0.0,
                    "N": 0
                },
                "lat_ns": {
                    "min": 0,
                    "max": 0,
                    "mean": 0.0,
                    "stddev": 0.0,
                    "N": 0
                },
                "bw_min": 0,
                "bw_max": 0,
                "bw_agg": 0.0,
                "bw_mean": 0.0,
                "bw_dev": 0.0,
                "bw_samples": 0,
                "iops_min": 0,
                "iops_max": 0,
                "iops_mean": 0.0,
                "iops_stddev": 0.0,
                "iops_samples": 0
            },
            "sync": {
                "total_ios": 0,
                "lat_ns": {
                    "min": 0,
                    "max": 0,
                    "mean": 0.0,
                    "stddev": 0.0,
                    "N": 0
                }
            },
            "job_runtime": 7000,
            "usr_cpu": 31.985714,
            "sys_cpu": 67.985714,
            "ctx": 12,
            "majf": 0,
            "minf": 0,
            "iodepth_level": {
                "1": 0.0,
                "2": 0.1,
                "4": 0.893408,
                "8": 6.552112,
                "16": 13.105065,
                "32": 26.20977,
                ">=64": 53.239621
            },
            "iodepth_submit": {
                "0": 0.0,
                "4": 100.0,
                "8": 0.0,
                "16": 0.0,
                "32": 0.0,
                "64": 0.0,
                ">=64": 0.0
            },
            "iodepth_complete": {
                "0": 0.0,
                "4": 99.18756,
                "8": 0.0,
                "16": 0.0,
                "32": 0.1,
                "64": 0.0,
                ">=64": 0.812417
            },
            "latency_ns": {
                "2": 0.0,
                "4": 0.0,
                "10": 0.0,
                "20": 0.0,
                "50": 0.0,
                "100": 0.0,
                "250": 0.0,
                "500": 0.0,
                "750": 0.0,
                "1000": 0.0
            },
            "latency_us": {
                "2": 0.0,
                "4": 0.0,
                "10": 0.01,
                "20": 3.733166,
                "50": 15.114337,
                "100": 25.197828,
                "250": 55.955486,
                "500": 0.0,
                "750": 0.0,
                "1000": 0.0
            },
            "latency_ms": {
                "2": 0.0,
                "4": 0.0,
                "10": 0.0,
                "20": 0.0,
                "50": 0.0,
                "100": 0.0,
                "250": 0.0,
                "500": 0.0,
                "750": 0.0,
                "1000": 0.0,
                "2000": 0.0,
                ">=2000": 0.0
            },