{
    "fio version": "fio-3.32-75-gc470",
    "timestamp": 1667182802,
    "timestamp_ms": 1667182802658,
    "time": "Sun Oct 30 21:20:02 2022",
    "jobs": [
        {
            "jobname": "libaio-bdev_xnvme",
            "groupid": 0,
            "error": 0,
            "eta": 0,
            "elapsed": 11,
            "job options": {
                "name": "libaio-bdev_xnvme",
                "rw": "randread",
                "size": "12G",
                "iodepth": "128",
                "bs": "512",
                "direct": "1",
                "thread": "1",
                "time_based": "1",
                "runtime": "7",
                "ramp_time": "3",
                "norandommap": "1",
                "allow_file_create": "0",
                "ioengine": "spdk_bdev",
                "spdk_conf": "/tmp/spdk_bdev_xnvme_libaio.conf",
                "filename": "Nvme0n1",
                "cpus_allowed": "1"
            },
            "read": {
                "io_bytes": 2160709120,
                "io_kbytes": 2110067,
                "bw_bytes": 308628641,
                "bw": 301395,
                "iops": 602772.74675,
                "runtime": 7001,
                "total_ios": 4220012,
                "short_ios": 0,
                "drop_ios": 0,
                "slat_ns": {
                    "min": 727,
                    "max": 11884,
                    "mean": 1386.0867,
                    "stddev": 467.144054,
                    "N": 4220013
                },
                "clat_ns": {
                    "min": 9152,
                    "max": 223710,
                    "mean": 111376.443209,
                    "stddev": 56807.36139,
                    "N": 4220135,
                    "percentile": {
                        "1.000000": 15680,
                        "5.000000": 23424,
                        "10.000000": 33024,
                        "20.000000": 52480,
                        "30.000000": 72192,
                        "40.000000": 91648,
                        "50.000000": 111104,
                        "60.000000": 130560,
                        "70.000000": 150528,
                        "80.000000": 168960,
                        "90.000000": 189440,
                        "95.000000": 195584,
                        "99.000000": 214016,
                        "99.500000": 216064,
                        "99.900000": 216064,
                        "99.950000": 218112,
                        "99.990000": 218112
                    }
                },
                "lat_ns": {
                    "min": 10688,
                    "max": 225236,
                    "mean": 112762.530422,
                    "stddev": 56764.528402,
                    "N": 4220135
                },
                "bw_min": 301340,
                "bw_max": 301942,
                "bw_agg": 100.0,
                "bw_mean": 301537.0,
                "bw_dev": 200.418792,
                "bw_samples": 14,
                "iops_min": 602680,
                "iops_max": 603885,
                "iops_mean": 603074.142857,
                "iops_stddev": 400.96055,
                "iops_samples": 14
            },
            "write": {
                "io_bytes": 0,
                "io_kbytes": 0,
                "bw_bytes": 0,
                "bw": 0,
                "iops": 0.0,
                "runtime": 0,
                "total_ios": 0,
                "short_ios": 0,
                "drop_ios": 0,
                "slat_ns": {
                    "min": 0,
                    "max": 0,
                    "mean": 0.0,
                    "stddev": 0.0,
                    "N": 0
                },
                "clat_ns": {
                    "min": 0,
                    "max": 0,
                    "mean": 0.0,
                    "stddev": 0.0,
                    "N": 0
                },
                "lat_ns": {
                    "min": 0,
                    "max": 0,
                    "mean": 0.0,
                    "stddev": 0.0,
                    "N": 0
                },
                "bw_min": 0,
                "bw_max": 0,
                "bw_agg": 0.0,
                "bw_mean": 0.0,
                "bw_dev": 0.0,
                "bw_samples": 0,
                "iops_min": 0,
                "iops_max": 0,
                "iops_mean": 0.0,
                "iops_stddev": 0.0,
                "iops_samples": 0
            },
            "trim": {
                "io_bytes": 0,
                "io_kbytes": 0,
                "bw_bytes": 0,
                "bw": 0,
                "iops": 0.0,
                "runtime": 0,
                "total_ios": 0,
                "short_ios": 0,
                "drop_ios": 0,
                "slat_ns": {
                    "min": 0,
                    "max": 0,
                    "mean": 0.0,
                    "stddev": 0.0,
                    "N": 0
                },
                "clat_ns": {
                    "min": 0,
                    "max": 0,
                    "mean": 0.0,
                    "stddev": 0.0,
                    "N": 0
                },
                "lat_ns": {
                    "min": 0,
                    "max": 0,
                    "mean": 0.0,
                    "stddev": 0.0,
                    "N": 0
                },
                "bw_min": 0,
                "bw_max": 0,
                "bw_agg": 0.0,
                "bw_mean": 0.0,
                "bw_dev": 0.0,
                "bw_samples": 0,
                "iops_min": 0,
                "iops_max": 0,
                "iops_mean": 0.0,
                "iops_stddev": 0.0,
                "iops_samples": 0
            },
            "sync": {
                "total_ios": 0,
                "lat_ns": {
                    "min": 0,
                    "max": 0,
                    "mean": 0.0,
                    "stddev": 0.0,
                    "N": 0
                }
            },
            "job_runtime": 7000,
            "usr_cpu": 32.557143,
            "sys_cpu": 67.414286,
            "ctx": 11,
            "majf": 0,
            "minf": 0,
            "iodepth_level": {
                "1": 0.0,
                "2": 0.1,
                "4": 0.899997,
                "8": 6.551545,
                "16": 13.104418,
                "32": 26.208741,
                ">=64": 53.235275
            },
            "iodepth_submit": {
                "0": 0.0,
                "4": 100.0,
                "8": 0.0,
                "16": 0.0,
                "32": 0.0,
                "64": 0.0,
                ">=64": 0.0
            },
            "iodepth_complete": {
                "0": 0.0,
                "4": 99.187604,
                "8": 0.0,
                "16": 0.0,
                "32": 0.0,
                "64": 0.1,
                ">=64": 0.812372
            },
            "latency_ns": {
                "2": 0.0,
                "4": 0.0,
                "10": 0.0,
                "20": 0.0,
                "50": 0.0,
                "100": 0.0,
                "250": 0.0,
                "500": 0.0,
                "750": 0.0,
                "1000": 0.0
            },
            "latency_us": {
                "2": 0.0,
                "4": 0.0,
                "10": 0.01,
                "20": 3.282313,
                "50": 15.399222,
                "100": 25.655093,
                "250": 55.666264,
                "500": 0.0,
                "750": 0.0,
                "1000": 0.0
            },
            "latency_ms": {
                "2": 0.0,
                "4": 0.0,
                "10": 0.0,
                "20": 0.0,
                "50": 0.0,
                "100": 0.0,
                "250": 0.0,
                "500": 0.0,
                "750": 0.0,
                "1000": 0.0,
                "2000": 0.0,
                ">=2000": 0.0
            },