{
    "fio version": "fio-3.32-75-gc470",
    "timestamp": 1667182787,
    "timestamp_ms": 1667182787775,
    "time": "Sun Oct 30 21:19:47 2022",
    "jobs": [
        {
            "jobname": "libaio-bdev_aio",
            "groupid": 0,
            "error": 0,
            "eta": 0,
            "elapsed": 11,
            "job options": {
                "name": "libaio-bdev_aio",
                "rw": "randread",
                "size": "12G",
                "iodepth": "128",
                "bs": "512",
                "direct": "1",
                "thread": "1",
                "time_based": "1",
                "runtime": "7",
                "ramp_time": "3",
                "norandommap": "1",
                "allow_file_create": "0",
                "ioengine": "spdk_bdev",
                "spdk_conf": "/tmp/spdk_bdev_aio_foo.conf",
                "filename": "Nvme0n1",
                "cpus_allowed": "1"
            },
            "read": {
                "io_bytes": 2181440512,
                "io_kbytes": 2130313,
                "bw_bytes": 311589846,
                "bw": 304286,
                "iops": 608561.205542,
                "runtime": 7001,
                "total_ios": 4260537,
                "short_ios": 0,
                "drop_ios": 0,
                "slat_ns": {
                    "min": 718,
                    "max": 13170,
                    "mean": 1376.126223,
                    "stddev": 475.434408,
                    "N": 4260538
                },
                "clat_ns": {
                    "min": 8247,
                    "max": 222201,
                    "mean": 109541.545252,
                    "stddev": 56348.997065,
                    "N": 4260626,
                    "percentile": {
                        "1.000000": 14528,
                        "5.000000": 22144,
                        "10.000000": 31872,
                        "20.000000": 51456,
                        "30.000000": 70144,
                        "40.000000": 89600,
                        "50.000000": 109056,
                        "60.000000": 128512,
                        "70.000000": 148480,
                        "80.000000": 166912,
                        "90.000000": 187392,
                        "95.000000": 193536,
                        "99.000000": 211968,
                        "99.500000": 211968,
                        "99.900000": 214016,
                        "99.950000": 214016,
                        "99.990000": 216064
                    }
                },
                "lat_ns": {
                    "min": 10141,
                    "max": 223664,
                    "mean": 110917.670276,
                    "stddev": 56306.523568,
                    "N": 4260626
                },
                "bw_min": 304320,
                "bw_max": 304685,
                "bw_agg": 100.0,
                "bw_mean": 304430.428571,
                "bw_dev": 103.003147,
                "bw_samples": 14,
                "iops_min": 608640,
                "iops_max": 609370,
                "iops_mean": 608860.857143,
                "iops_stddev": 206.229841,
                "iops_samples": 14
            },
            "write": {
                "io_bytes": 0,
                "io_kbytes": 0,
                "bw_bytes": 0,
                "bw": 0,
                "iops": 0.0,
                "runtime": 0,
                "total_ios": 0,
                "short_ios": 0,
                "drop_ios": 0,
                "slat_ns": {
                    "min": 0,
                    "max": 0,
                    "mean": 0.0,
                    "stddev": 0.0,
                    "N": 0
                },
                "clat_ns": {
                    "min": 0,
                    "max": 0,
                    "mean": 0.0,
                    "stddev": 0.0,
                    "N": 0
                },
                "lat_ns": {
                    "min": 0,
                    "max": 0,
                    "mean": 0.0,
                    "stddev": 0.0,
                    "N": 0
                },
                "bw_min": 0,
                "bw_max": 0,
                "bw_agg": 0.0,
                "bw_mean": 0.0,
                "bw_dev": 0.0,
                "bw_samples": 0,
                "iops_min": 0,
                "iops_max": 0,
                "iops_mean": 0.0,
                "iops_stddev": 0.0,
                "iops_samples": 0
            },
            "trim": {
                "io_bytes": 0,
                "io_kbytes": 0,
                "bw_bytes": 0,
                "bw": 0,
                "iops": 0.0,
                "runtime": 0,
                "total_ios": 0,
                "short_ios": 0,
                "drop_ios": 0,
                "slat_ns": {
                    "min": 0,
                    "max": 0,
                    "mean": 0.0,
                    "stddev": 0.0,
                    "N": 0
                },
                "clat_ns": {
                    "min": 0,
                    "max": 0,
                    "mean": 0.0,
                    "stddev": 0.0,
                    "N": 0
                },
                "lat_ns": {
                    "min": 0,
                    "max": 0,
                    "mean": 0.0,
                    "stddev": 0.0,
                    "N": 0
                },
                "bw_min": 0,
                "bw_max": 0,
                "bw_agg": 0.0,
                "bw_mean": 0.0,
                "bw_dev": 0.0,
                "bw_samples": 0,
                "iops_min": 0,
                "iops_max": 0,
                "iops_mean": 0.0,
                "iops_stddev": 0.0,
                "iops_samples": 0
            },
            "sync": {
                "total_ios": 0,
                "lat_ns": {
                    "min": 0,
                    "max": 0,
                    "mean": 0.0,
                    "stddev": 0.0,
                    "N": 0
                }
            },
            "job_runtime": 7000,
            "usr_cpu": 33.014286,
            "sys_cpu": 66.957143,
            "ctx": 10,
            "majf": 0,
            "minf": 0,
            "iodepth_level": {
                "1": 0.0,
                "2": 0.0,
                "4": 0.800838,
                "8": 6.554221,
                "16": 13.117971,
                "32": 26.235824,
                ">=64": 53.291146
            },
            "iodepth_submit": {
                "0": 0.0,
                "4": 100.0,
                "8": 0.0,
                "16": 0.0,
                "32": 0.0,
                "64": 0.0,
                ">=64": 0.0
            },
            "iodepth_complete": {
                "0": 0.0,
                "4": 99.186771,
                "8": 0.0,
                "16": 0.0,
                "32": 0.0,
                "64": 0.1,
                ">=64": 0.813206
            },
            "latency_ns": {
                "2": 0.0,
                "4": 0.0,
                "10": 0.0,
                "20": 0.0,
                "50": 0.0,
                "100": 0.0,
                "250": 0.0,
                "500": 0.0,
                "750": 0.0,
                "1000": 0.0
            },
            "latency_us": {
                "2": 0.0,
                "4": 0.0,
                "10": 0.01,
                "20": 3.845337,
                "50": 15.542055,
                "100": 25.857867,
                "250": 54.756572,
                "500": 0.0,
                "750": 0.0,
                "1000": 0.0
            },
            "latency_ms": {
                "2": 0.0,
                "4": 0.0,
                "10": 0.0,
                "20": 0.0,
                "50": 0.0,
                "100": 0.0,
                "250": 0.0,
                "500": 0.0,
                "750": 0.0,
                "1000": 0.0,
                "2000": 0.0,
                ">=2000": 0.0
            },